0 1 10000000000
0 1 10000000000
2 3 100000000
2 3 200000000
2 3 100000000
2 3 200000000
4 0 959550000000
4 0 959550000000
4 2 10000000
4 2 10000000
4 5 10000000
4 5 10000000
4 3 10000000
4 3 10000000
4 6 1000000000
4 6 1000000000
5 7 19550000
5 7 19550000
5 7 500000000000
5 7 19550000
5 7 500000000000
5 7 19550000
5 3 5000000000
5 3 5000000000
5 2 195600000
5 2 391200000
5 2 391200000
5 2 1956000000
5 2 140000000
5 2 391200000
5 2 195600000
5 2 391200000
5 2 391200000
5 2 1956000000
5 2 140000000
5 2 391200000
7 2 1000000000
7 2 1000000000
7 3 10000000
7 3 10000000
7 4 400000000000
7 4 400000000000
7 5 100000000000
7 5 100000000000
7 0 10500000000
7 0 10500000000
7 6 2190000
7 6 2190000
7 1 500000000
7 1 500000000
6 4 900000000
6 4 900000000
8 9 11111
10 9 200000000
10 11 10000000
10 11 10000000
10 12 500000000
10 12 500000000
10 13 4300000000
10 13 4300000000
14 9 6
15 9 13
16 9 6
17 9 1
18 9 28
19 9 13
20 9 1
21 9 28
22 9 28
23 9 27000000
23 9 19000000
23 9 23000000
24 9 1
25 9 9
26 9 28
27 9 1
28 9 1
28 29 1
30 9 1
30 29 1
31 9 28
32 9 17
33 9 8
34 9 9
35 9 1
36 9 28
37 9 20000000
37 12 36000000
37 12 20000000
37 12 51000000
37 12 36000000
37 12 20000000
37 12 51000000
37 38 1098000000
37 38 200000000
37 38 200000000
37 38 1098000000
37 39 555000000
37 39 555000000
37 40 200000000
37 40 200000000
41 9 28
42 9 28
43 9 1
44 9 2
45 9 1
45 29 1
46 9 10088
47 9 1
47 29 1
48 9 1
49 9 17
50 9 28
51 9 1
52 9 1
53 9 28
54 9 28
55 9 28
56 9 6
57 9 1
58 9 1
59 9 6
60 9 1
61 9 28
62 9 1
63 9 1
64 9 28
65 9 10000000
66 9 1
67 68 3000000
67 68 50000000
67 68 15000000
67 68 150000000
67 68 20000000
67 68 10000000
67 68 3000000
67 68 50000000
67 68 15000000
67 68 150000000
67 68 10000000
67 68 20000000
69 70 50000000
69 70 10800000000
69 70 988000000
69 70 30000000
69 70 10000000
69 70 50000000
69 70 50000000
69 70 10800000000
69 70 988000000
69 70 30000000
69 70 50000000
69 70 10000000
71 72 2000000000
71 72 10000000
71 72 211767998
71 72 30000000
71 72 50000000
71 72 2000000000
71 72 10000000
71 72 211767998
71 72 30000000
71 72 50000000
71 73 50000000
71 73 50000000
74 75 2700000
74 75 2700000
74 76 30000000
74 76 30000000
74 77 3000000
74 77 3000000
78 79 8000000000
78 79 8000000000
80 75 5000000
80 75 123000000
80 75 2400000
80 75 80000000
80 75 13000000
80 75 1500000
80 75 1700000
80 75 520000000
80 75 111000000
80 75 5000000
80 75 24000000
80 75 188000000
80 75 77000000
80 75 123000000
80 75 5000000
80 75 2400000
80 75 80000000
80 75 520000000
80 75 1500000
80 75 111000000
80 75 24000000
80 75 13000000
80 75 1700000
80 75 5000000
80 75 77000000
80 75 188000000
80 81 16000000
80 81 11000000
80 81 50000000
80 81 16000000
80 81 11000000
80 81 50000000
76 80 200000000
76 80 141000000
76 80 200000000
76 80 141000000
76 75 600000
76 75 600000
76 74 1600000
76 74 88000000
76 74 1600000
76 74 88000000
76 13 1000000
76 13 1000000
76 82 800000
76 82 800000
83 75 10000000
83 75 10000000
83 82 87000000
83 82 400000
83 82 87000000
83 82 400000
84 85 50000000
84 85 464000000000
84 85 35000000
84 85 50000000
84 85 464000000000
84 85 35000000
12 86 94798163
12 86 94798163
12 87 1677108040
12 87 29000000
12 87 452145944
12 87 98234052
12 87 12900410
12 87 200000000
12 87 1000000000
12 87 1500000000
12 87 5003000000
12 87 100000000
12 87 1677108040
12 87 29000000
12 87 98234052
12 87 452145944
12 87 12900410
12 87 200000000
12 87 1000000000
12 87 1500000000
12 87 5003000000
12 87 100000000
12 88 50000000
12 88 50000000
12 89 20103991
12 89 20000000
12 89 20103991
12 89 20000000
12 90 725000000
12 90 1000000
12 90 111000000
12 90 299000000
12 90 1320000000
12 90 111000000
12 90 303000000
12 90 202000000
12 90 333000000
12 90 1000000
12 90 138000000
12 90 200000000
12 90 555000000
12 90 222000000
12 90 333000000
12 90 1888000000
12 90 999000000
12 90 188000000
12 90 777000000
12 90 111000000
12 90 111000000
12 90 865000000
12 90 300000000
12 90 540000000
12 90 1000000
12 90 879000000
12 90 222000000
12 90 777000000
12 90 136000000
12 90 810000000
12 90 333000000
12 90 200000000
12 90 299000000
12 90 222000000
12 90 200000000
12 90 1000000000
12 90 1000000
12 90 299000000
12 90 255000000
12 90 333000000
12 90 1435000000
12 90 1000000
12 90 1000000
12 90 303000000
12 90 842000000
12 90 333000000
12 90 111000000
12 90 111000000
12 90 333000000
12 90 333000000
12 90 200000000
12 90 1000000
12 90 1000000
12 90 222000000
12 90 666000000
12 90 301000000
12 90 333000000
12 90 288000000
12 90 203000000
12 90 1000000
12 90 111000000
12 90 190000000
12 90 333000000
12 90 302000000
12 90 101000000
12 90 1000000
12 90 222000000
12 90 111000000
12 90 555000000
12 90 111000000
12 90 222000000
12 90 333000000
12 90 201000000
12 90 1000000
12 90 288000000
12 90 777000000
12 90 1000000
12 90 1000000
12 90 303000000
12 90 200000000
12 90 299000000
12 90 333000000
12 90 667000000
12 90 111000000
12 90 1383000000
12 90 200000000
12 90 1000000
12 90 111000000
12 90 1000000
12 90 777000000
12 90 555000000
12 90 222000000
12 90 803000000
12 90 202000000
12 90 333000000
12 90 333000000
12 90 890000000
12 90 1000000
12 90 1000000
12 90 177000000
12 90 1999000000
12 90 999000000
12 90 1419000000
12 90 500000000
12 90 111000000
12 90 111000000
12 90 1580000000
12 90 122000000
12 90 222000000
12 90 1000000
12 90 2555000000
12 90 298000000
12 90 177000000
12 90 222000000
12 90 1000000
12 90 333000000
12 90 300000000
12 90 1000000
12 90 333000000
12 90 333000000
12 90 233000000
12 90 333000000
12 90 299000000
12 90 725000000
12 90 1000000
12 90 111000000
12 90 111000000
12 90 1320000000
12 90 299000000
12 90 202000000
12 90 303000000
12 90 333000000
12 90 1000000
12 90 138000000
12 90 200000000
12 90 555000000
12 90 333000000
12 90 1888000000
12 90 222000000
12 90 188000000
12 90 999000000
12 90 111000000
12 90 300000000
12 90 111000000
12 90 777000000
12 90 865000000
12 90 540000000
12 90 1000000
12 90 222000000
12 90 879000000
12 90 136000000
12 90 200000000
12 90 777000000
12 90 299000000
12 90 810000000
12 90 222000000
12 90 333000000
12 90 200000000
12 90 1000000000
12 90 1000000
12 90 299000000
12 90 1000000
12 90 842000000
12 90 255000000
12 90 303000000
12 90 1000000
12 90 333000000
12 90 333000000
12 90 1435000000
12 90 111000000
12 90 333000000
12 90 111000000
12 90 333000000
12 90 200000000
12 90 1000000
12 90 1000000
12 90 666000000
12 90 222000000
12 90 111000000
12 90 333000000
12 90 301000000
12 90 203000000
12 90 333000000
12 90 1000000
12 90 288000000
12 90 101000000
12 90 302000000
12 90 222000000
12 90 190000000
12 90 111000000
12 90 333000000
12 90 1000000
12 90 111000000
12 90 777000000
12 90 201000000
12 90 555000000
12 90 1000000
12 90 1000000
12 90 288000000
12 90 222000000
12 90 1000000
12 90 299000000
12 90 200000000
12 90 303000000
12 90 667000000
12 90 333000000
12 90 111000000
12 90 1383000000
12 90 200000000
12 90 1000000
12 90 111000000
12 90 777000000
12 90 1000000
12 90 555000000
12 90 222000000
12 90 1000000
12 90 1419000000
12 90 1000000
12 90 122000000
12 90 333000000
12 90 111000000
12 90 2555000000
12 90 1580000000
12 90 1000000
12 90 177000000
12 90 298000000
12 90 177000000
12 90 1999000000
12 90 500000000
12 90 890000000
12 90 999000000
12 90 202000000
12 90 222000000
12 90 299000000
12 90 111000000
12 90 222000000
12 90 333000000
12 90 300000000
12 90 1000000
12 90 1000000
12 90 333000000
12 90 333000000
12 90 803000000
12 90 333000000
12 90 233000000
12 90 333000000
12 40 195000000
12 40 148000000
12 40 1000000
12 40 1000000
12 40 183000000
12 40 1000000
12 40 1000000
12 40 1000000
12 40 355000000
12 40 1000000
12 40 1000000
12 40 200000000
12 40 195000000
12 40 1000000
12 40 1000000
12 40 1000000
12 40 195000000
12 40 148000000
12 40 1000000
12 40 1000000
12 40 183000000
12 40 1000000
12 40 1000000
12 40 1000000
12 40 1000000
12 40 1000000
12 40 355000000
12 40 200000000
12 40 1000000
12 40 1000000
12 40 1000000
12 40 195000000
12 91 16000000
12 91 16000000
12 38 23000000
12 38 23000000
12 92 50000000
12 92 50000000
12 37 1000000
12 37 21000000
12 37 1800000000
12 37 1000000
12 37 21000000
12 37 1800000000
12 93 100000000
12 93 100000000
12 39 5000000000
12 39 5000000000
12 94 50000000
12 94 50000000
12 95 100000000
12 95 100000000
12 96 40000000
12 96 40000000
75 80 5000000
75 80 9000000
75 80 2000000
75 80 10000000
75 80 40000000
75 80 16000000
75 80 30000000
75 80 4800000
75 80 128000000
75 80 6400000
75 80 15000000
75 80 10000000
75 80 5000000
75 80 9000000
75 80 2000000
75 80 10000000
75 80 40000000
75 80 16000000
75 80 30000000
75 80 4800000
75 80 128000000
75 80 6400000
75 80 15000000
75 80 10000000
75 76 20000000
75 76 20000000
75 83 90000000
75 83 90000000
75 79 16000000
75 79 60000000
75 79 16000000
75 79 60000000
75 13 1000000
75 13 1000000
75 81 40000000
75 81 40000000
75 81 3800000
75 81 3800000
75 81 40000000
75 81 40000000
75 82 20000000
75 82 18000000
75 82 20000000
75 82 18000000
79 80 165152700
79 80 250104200
79 80 111638200
79 80 110405700
79 80 97697100
79 80 109334400
79 80 110375200
79 80 110451400
79 80 209263300
79 80 110987700
79 80 110972300
79 80 246440300
79 80 55424600
79 80 124653700
79 80 82180500
79 80 250487000
79 80 111576000
79 80 110803300
79 80 69261600
79 80 248824900
79 80 68194200
79 80 165152700
79 80 250104200
79 80 110405700
79 80 111638200
79 80 97697100
79 80 109334400
79 80 110451400
79 80 110375200
79 80 209263300
79 80 110987700
79 80 110972300
79 80 55424600
79 80 246440300
79 80 124653700
79 80 82180500
79 80 250487000
79 80 111576000
79 80 248824900
79 80 110803300
79 80 69261600
79 80 68194200
79 75 65737500
79 75 177184100
79 75 237937800
79 75 109409100
79 75 78750400
79 75 150912300
79 75 263192500
79 75 110818600
79 75 150232100
79 75 109499000
79 75 246676700
79 75 165975100
79 75 160599500
79 75 245834400
79 75 79988900
79 75 171232800
79 75 65737500
79 75 177184100
79 75 109409100
79 75 237937800
79 75 150912300
79 75 78750400
79 75 263192500
79 75 150232100
79 75 110818600
79 75 109499000
79 75 246676700
79 75 160599500
79 75 165975100
79 75 245834400
79 75 79988900
79 75 171232800
79 97 1693241100
79 97 438782700
79 97 1693241100
79 97 438782700
79 78 1992031800
79 78 212483300
79 78 2005312000
79 78 1992031800
79 78 212483300
79 78 2005312000
79 98 13852300
79 98 72960700
79 98 43763600
79 98 58343000
79 98 13852300
79 98 72960700
79 98 43763600
79 98 58343000
79 99 1336675000
79 99 17214100
79 99 1336675000
79 99 17214100
79 83 207468800
79 83 110726600
79 83 207468800
79 83 110726600
79 67 442347300
79 67 442347300
79 100 3011594600
79 100 3011594600
79 74 138811700
79 74 83240800
79 74 112628400
79 74 242554900
79 74 180480300
79 74 55180000
79 74 249930500
79 74 138504100
79 74 138811700
79 74 83240800
79 74 112628400
79 74 242554900
79 74 180480300
79 74 55180000
79 74 249930500
79 74 138504100
79 68 145900200
79 68 72759000
79 68 145900200
79 68 72759000
79 101 323434200
79 101 123915700
79 101 323434200
79 101 123915700
79 102 425652600
79 102 14247000
79 102 142470400
79 102 283768400
79 102 142470400
79 102 141884200
79 102 425652600
79 102 14247000
79 102 142470400
79 102 283768400
79 102 142470400
79 102 141884200
79 103 83787100
79 103 83787100
79 76 250801100
79 76 132802100
79 76 124843900
79 76 250801100
79 76 132802100
79 76 124843900
79 104 337969500
79 104 337969500
79 105 13300
79 105 13300
79 69 711035200
79 69 711035200
79 106 1479727700
79 106 1479727700
79 12 562091500
79 12 1313887700
79 12 562091500
79 12 1313887700
79 107 1379881300
79 107 1379881300
79 85 167504100
79 85 167504100
79 71 68287300
79 71 68287300
79 84 24100452246
79 84 24100452246
85 84 50000000
85 84 100000000
85 84 50000000
85 84 100000000
85 12 200000000
85 12 200000000
85 12 200000000
85 12 200000000
85 11 7262000000
85 11 7262000000
85 108 100000000
85 108 20000000
85 108 100000000
85 108 20000000
85 13 1000000000
85 13 1000000000
68 67 10000000
68 67 50000000
68 67 20000000
68 67 20000000
68 67 8000000
68 67 10000000
68 67 50000000
68 67 20000000
68 67 20000000
68 67 8000000
29 109 5000000
29 110 50000000
29 110 99000000
29 110 81000000
111 29 6
112 29 6
113 29 6
114 29 6
115 29 6
116 29 6
117 29 6
118 29 6
119 29 6
120 29 6
121 29 6
122 29 6
123 29 6
124 29 6
125 29 58000000
126 29 6
127 29 6
128 29 6
129 29 8
130 29 6
131 29 1
132 29 6
133 29 6
134 29 6
135 29 6
136 29 6
137 29 6
138 29 1
139 29 28
140 29 10000000
140 29 48000000
140 29 8000000
141 29 6
142 29 6
143 29 7
144 29 6
145 29 6
146 29 6
147 29 6
148 29 6
149 29 6
150 29 6
151 29 6
152 29 9
153 29 6
154 29 6
155 29 6
156 29 6
157 29 6
158 29 6
159 29 6
160 29 6
161 29 6
162 29 6
163 29 6
164 29 13
165 29 1
166 29 6
167 29 6
168 29 6
169 29 6
170 29 1
171 29 2000000
171 29 6000000
172 29 90000000
172 29 10000000
173 29 6
174 29 6
175 29 6
176 29 6
177 29 6
178 29 6
179 29 6
180 29 6
181 29 6
182 29 6
183 29 6
184 29 6
185 29 6
186 29 6
187 29 6
188 29 6
189 29 6
190 29 6
191 29 1
192 29 6
193 29 6
194 29 6
195 29 6
196 29 8
197 29 6
198 29 28
199 29 6
200 29 6
201 29 6
202 29 6
203 29 6
204 29 6
205 29 6
206 29 6
207 29 6
208 29 1
209 29 6
210 29 8
211 29 6
212 29 1
213 29 1
214 29 6
215 29 6
216 29 6
217 29 6
218 29 6
219 29 6
220 29 99000000
221 29 6
222 29 6
223 29 6
224 29 6
225 29 6
226 29 6
227 29 6
228 29 6
229 29 6
230 29 10000
231 29 6
232 29 6
233 29 1
234 29 6
235 29 6
236 29 6
237 29 123450
238 29 6
239 29 6
240 29 8
241 29 6
242 29 28
243 29 6
243 29 6
243 29 6
244 29 6
245 29 6
246 29 6
247 29 6
248 29 6
249 29 6
250 29 6
251 29 1
252 29 6
253 29 6
254 29 6
255 29 6
256 29 1
257 29 1
258 29 6
259 260 1
259 260 1000000
259 260 100000
259 260 1000000
259 260 1
259 260 1000000
259 260 100000
259 260 1000000
261 12 30000000
261 12 30000000
262 263 1178087
262 263 2116113
262 263 8000000
262 263 14000000
262 263 1850000000
262 263 6358376
262 263 2000000
262 263 1178087
262 263 2116113
262 263 8000000
262 263 6358376
262 263 14000000
262 263 1850000000
262 263 2000000
73 264 100000000
73 264 100000000
73 71 400000000
73 71 400000000
265 266 1000000000
265 266 1125847200
265 266 5000000000
265 266 2500000000
265 266 1000000000
265 266 5000000000
265 266 2500000000
265 266 1125847200
265 267 200000000
265 267 20000000
265 267 274000000
265 267 50000000
265 267 50000000
265 267 200000000
265 267 274000000
265 267 20000000
265 267 50000000
265 267 50000000
72 71 200000000
72 71 200000000
72 71 300000000
72 71 6000000000
72 71 200000000
72 71 200000000
72 71 6000000000
72 71 300000000
70 69 5000000
70 69 5000000
70 69 5000000
70 69 1499000000
70 69 5000000
70 69 97189513
70 69 5000000
70 69 5000000
70 69 5000000
70 69 5000000
70 69 1499000000
70 69 5000000
70 69 97189513
70 69 5000000
108 88 40000000
108 88 40000000
108 89 20000000
108 89 50000000
108 89 50000000
108 89 20000000
108 89 50000000
108 89 50000000
108 268 120000000
108 268 100000000
108 268 100000000
108 268 120000000
108 268 120000000
108 268 100000000
108 268 120000000
108 268 100000000
108 269 50000000
108 269 50000000
270 263 171000000
270 263 515000000
270 263 28900000
270 263 20000000
270 263 94000000
270 263 2159000000
270 263 1045000000
270 263 17563000000
270 263 3540000000
270 263 19000000
270 263 96527028
270 263 3540000000
270 263 171000000
270 263 515000000
270 263 28900000
270 263 20000000
270 263 94000000
270 263 2159000000
270 263 19000000
270 263 1045000000
270 263 96527028
270 263 17563000000
270 263 3540000000
270 263 3540000000
87 13 105994000000
87 13 76212000000
87 13 151493000000
87 13 105994000000
87 13 151493000000
87 13 76212000000
87 12 100000000
87 12 100000000
87 12 20000000
87 12 1000000000
87 12 699000000
87 12 30000000
87 12 100000000
87 12 100000000
87 12 20000000
87 12 1000000000
87 12 699000000
87 12 30000000
87 271 40004581
87 271 40004581
87 39 200000000
87 39 700000000
87 39 200000000
87 39 700000000
87 40 101000000
87 40 100000000
87 40 501000000
87 40 100000000
87 40 223000000
87 40 223000000
87 40 501000000
87 40 100000000
87 40 501000000
87 40 111000000
87 40 101000000
87 40 100000000
87 40 501000000
87 40 222000000
87 40 501000000
87 40 100000000
87 40 501000000
87 40 501000000
87 40 101000000
87 40 501000000
87 40 101000000
87 40 223000000
87 40 223000000
87 40 501000000
87 40 100000000
87 40 399000000
87 40 501000000
87 40 100000000
87 40 223000000
87 40 101000000
87 40 100000000
87 40 501000000
87 40 100000000
87 40 223000000
87 40 223000000
87 40 501000000
87 40 100000000
87 40 101000000
87 40 501000000
87 40 501000000
87 40 111000000
87 40 100000000
87 40 222000000
87 40 501000000
87 40 100000000
87 40 501000000
87 40 101000000
87 40 501000000
87 40 501000000
87 40 223000000
87 40 100000000
87 40 101000000
87 40 223000000
87 40 399000000
87 40 501000000
87 40 223000000
87 40 100000000
87 40 501000000
267 266 200000000
267 266 100000000
267 266 201000000
267 266 1800000000
267 266 1000000
267 266 200000000
267 266 100000000
267 266 201000000
267 266 1800000000
267 266 1000000
267 265 70000000
267 265 4700000000
267 265 300000000
267 265 3000000
267 265 16000000
267 265 70000000
267 265 4700000000
267 265 300000000
267 265 16000000
267 265 3000000
272 273 3000000000
272 273 9642000000
272 273 10000000000
272 273 14800000000
272 273 3000000000
272 273 9642000000
272 273 10000000000
272 273 14800000000
82 81 9000000
82 81 9000000
82 274 170000000
82 274 170000000
82 75 10000000
82 75 10000000
82 83 40000000
82 83 78000000
82 83 78000000
82 83 40000000
275 13 1331000
275 13 1643200
275 13 1331000
275 13 1643200
264 13 9000000000
264 13 22000000000
264 13 20000000000
264 13 20000000000
264 13 20000000000
264 13 19000000000
264 13 32000000000
264 13 36000000000
264 13 20000000000
264 13 19000000000
264 13 60506000000
264 13 16000000000
264 13 15000000000
264 13 20000000000
264 13 9000000000
264 13 22000000000
264 13 20000000000
264 13 20000000000
264 13 20000000000
264 13 19000000000
264 13 32000000000
264 13 19000000000
264 13 16000000000
264 13 36000000000
264 13 20000000000
264 13 20000000000
264 13 60506000000
264 13 15000000000
264 84 1124720330
264 84 1124720330
274 81 2150000
274 81 13000000
274 81 2150000
274 81 13000000
274 80 300000000
274 80 300000000
266 276 2000000
266 276 802000000
266 276 2000000
266 276 802000000
13 277 35641980000
13 277 1382040000
13 277 1382040000
13 277 5000000
13 277 1354320000
13 277 5000000
13 277 1227600000
13 277 1007820000
13 277 5000000
13 277 5000000
13 277 5000000
13 277 944460000
13 277 10155420000
13 277 5000000
13 277 5000000
13 277 1100880000
13 277 423720000
13 277 5000000
13 277 944460000
13 277 5000000
13 277 5000000
13 277 1136520000
13 277 1259280000
13 277 5000000
13 277 5000000
13 277 5000000
13 277 1136520000
13 277 5000000
13 277 1136520000
13 277 1259280000
13 277 5000000
13 277 5000000
13 277 5000000
13 277 5000000
13 277 5000000
13 277 5000000
13 277 5000000
13 277 920700000
13 277 5000000
13 277 920700000
13 277 1534500000
13 277 5000000
13 277 5000000
13 277 1534500000
13 277 5000000
13 277 1136520000
13 277 1136520000
13 277 1007820000
13 277 5000000
13 277 1007820000
13 277 1259280000
13 277 5000000
13 277 5000000
13 277 5000000
13 277 5000000
13 277 5000000
13 277 5000000
13 277 356400000
13 277 5000000
13 277 5000000
13 277 1166220000
13 277 5000000
13 277 1136520000
13 277 920700000
13 277 5000000
13 277 5000000
13 277 5000000
13 277 5000000
13 277 5000000
13 277 5000000
13 277 718740000
13 277 5000000
13 277 5000000
13 277 1259280000
13 277 5000000
13 277 1259280000
13 277 5000000
13 277 5000000
13 277 1259280000
13 277 5000000
13 277 1259280000
13 277 5000000
13 277 1259280000
13 277 5000000
13 277 9438660000
13 277 5000000
13 277 5000000
13 277 1354320000
13 277 5000000
13 277 1510740000
13 277 5000000
13 277 5000000
13 277 5000000
13 277 1136520000
13 277 5000000
13 277 944460000
13 277 1534500000
13 277 5000000
13 277 1007820000
13 277 1534500000
13 277 5000000
13 277 5000000
13 277 5000000
13 277 5000000
13 277 5000000
13 277 5000000
13 277 5000000
13 277 5000000
13 277 5000000
13 277 920700000
13 277 920700000
13 277 5000000
13 277 5000000
13 277 5000000
13 277 5000000
13 277 35641980000
13 277 5000000
13 277 1510740000
13 277 5000000
13 277 5000000
13 277 5000000
13 277 1534500000
13 277 5000000
13 277 5000000
13 277 831600000
13 277 5000000
13 277 920700000
13 277 1100880000
13 277 2221560000
13 277 1534500000
13 277 5000000
13 277 5000000
13 277 5000000
13 277 1510740000
13 277 1382040000
13 277 5000000
13 277 5000000
13 277 5000000
13 277 5000000
13 277 281160000
13 277 5000000
13 277 920700000
13 277 5000000
13 277 5000000
13 277 5000000
13 277 1073160000
13 277 40393980000
13 277 1136520000
13 277 5000000
13 277 5000000
13 277 5000000
13 277 5000000
13 277 5000000
13 277 1354320000
13 277 1534500000
13 277 5000000
13 277 1227600000
13 277 5000000
13 277 33661980000
13 277 702900000
13 277 5000000
13 277 5000000
13 277 5000000
13 277 5000000
13 277 5000000
13 277 1136520000
13 277 2928420000
13 277 9900000000
13 277 5000000
13 277 5000000
13 277 56430000000
13 277 5000000
13 277 5000000
13 277 5000000
13 277 5000000
13 277 5000000
13 277 5000000
13 277 5000000
13 277 35640000000
13 277 5000000
13 277 5000000
13 277 57421980000
13 277 5000000
13 277 5000000
13 277 920700000
13 277 5000000
13 277 5000000
13 277 5000000
13 277 45541980000
13 277 33463980000
13 277 920700000
13 277 5000000
13 277 5000000
13 277 1534500000
13 277 5000000
13 277 5000000
13 277 5000000
13 277 1227600000
13 277 1534500000
13 277 5000000
13 277 714780000
13 277 5000000
13 277 920700000
13 277 5000000
13 277 5000000
13 277 5000000
13 277 5000000
13 277 5000000
13 277 5000000
13 277 5000000
13 277 5000000
13 277 5000000
13 277 5000000
13 277 520740000
13 277 1510740000
13 277 5000000
13 277 5000000
13 277 944460000
13 277 944460000
13 277 518760000
13 277 1534500000
13 277 5000000
13 277 62979840000
13 277 5000000
13 277 5000000
13 277 5000000
13 277 1130580000
13 277 5000000
13 277 5000000
13 277 5000000
13 277 5000000
13 277 5000000
13 277 5000000
13 277 5000000
13 277 5000000
13 277 5000000
13 277 1100880000
13 277 5000000
13 277 5000000
13 277 5000000
13 277 51481980000
13 277 5000000
13 277 5000000
13 277 5000000
13 277 5000000
13 277 5000000
13 277 5000000
13 277 41580000000
13 277 5000000
13 277 920700000
13 277 1136520000
13 277 5000000
13 277 1100880000
13 277 5000000
13 277 5000000
13 277 1136520000
13 277 5000000
13 277 1259280000
13 277 5000000
13 277 1227600000
13 277 5000000
13 277 5000000
13 277 52471980000
13 277 1259280000
13 277 5000000
13 277 5000000
13 277 1534500000
13 277 5000000
13 277 5000000
13 277 5000000
13 277 5000000
13 277 9901980000
13 277 5000000
13 277 9900000000
13 277 5000000
13 277 5000000
13 277 5000000
13 277 1534500000
13 277 5000000
13 277 5000000
13 277 9900000000
13 277 1534500000
13 277 5000000
13 277 1136520000
13 277 5000000
13 277 5000000
13 277 1510740000
13 277 5000000
13 277 5000000
13 277 5000000
13 277 5000000
13 277 1136520000
13 277 5000000
13 277 5000000
13 277 5000000
13 277 1534500000
13 277 920700000
13 277 5000000
13 277 89100000000
13 277 40987980000
13 277 920700000
13 277 5000000
13 277 5000000
13 277 5000000
13 277 5000000
13 277 944460000
13 277 5000000
13 277 5000000
13 277 1534500000
13 277 5000000
13 277 5000000
13 277 1259280000
13 277 5000000
13 277 5000000
13 277 1136520000
13 277 1534500000
13 277 944460000
13 277 5000000
13 277 5000000
13 277 5000000
13 277 5000000
13 277 1534500000
13 277 1136520000
13 277 5000000
13 277 5000000
13 277 5000000
13 277 1259280000
13 277 5000000
13 277 5000000
13 277 5000000
13 277 5000000
13 277 5000000
13 277 5000000
13 277 5000000
13 277 1100880000
13 277 803880000
13 277 5000000
13 277 5000000
13 277 5000000
13 277 920700000
13 277 1136520000
13 277 5000000
13 277 5000000
13 277 5000000
13 277 1100880000
13 277 5000000
13 277 281160000
13 277 5000000
13 277 5941980000
13 277 5000000
13 277 1100880000
13 277 1534500000
13 277 1354320000
13 277 384120000
13 277 5000000
13 277 5000000
13 277 5000000
13 277 5000000
13 277 29701980000
13 277 920700000
13 277 1259280000
13 277 5000000
13 277 5000000
13 277 52867980000
13 277 5000000
13 277 7327980000
13 277 259380000
13 277 5000000
13 277 5000000
13 277 5000000
13 277 5000000
13 277 11880000000
13 277 1259280000
13 277 5000000
13 277 920700000
13 277 5000000
13 277 5000000
13 277 5000000
13 277 5000000
13 277 5000000
13 277 5000000
13 277 5000000
13 277 1534500000
13 277 972180000
13 277 5000000
13 277 5000000
13 277 1431540000
13 277 5000000
13 277 9900000000
13 277 1100880000
13 277 5000000
13 277 1534500000
13 277 5000000
13 277 1007820000
13 277 1382040000
13 277 9900000000
13 277 5000000
13 277 1007820000
13 277 5000000
13 277 1534500000
13 277 1227600000
13 277 5000000
13 277 1136520000
13 277 5000000
13 277 1259280000
13 277 1007820000
13 277 920700000
13 277 5000000
13 277 5000000
13 277 5000000
13 277 1259280000
13 277 920700000
13 277 1136520000
13 277 5000000
13 277 5000000
13 277 1534500000
13 277 1259280000
13 277 5000000
13 277 1534500000
13 277 5000000
13 277 5000000
13 277 5000000
13 277 5000000
13 277 1534500000
13 277 1136520000
13 277 5000000
13 277 5000000
13 277 5000000
13 277 5000000
13 277 5000000
13 277 5000000
13 277 5000000
13 277 5000000
13 277 1534500000
13 277 5000000
13 277 5000000
13 277 920700000
13 277 5000000
13 277 5000000
13 277 259380000
13 277 5000000
13 277 5000000
13 277 5000000
13 277 5000000
13 277 5000000
13 277 5000000
13 277 5000000
13 277 1259280000
13 277 5000000
13 277 5000000
13 277 5000000
13 277 1073160000
13 277 1534500000
13 277 1534500000
13 277 5000000
13 277 5000000
13 277 1100880000
13 277 5000000
13 277 5000000
13 277 5000000
13 277 5000000
13 277 5000000
13 277 5000000
13 277 5000000
13 277 5000000
13 277 1534500000
13 277 5000000
13 277 5000000
13 277 5000000
13 277 5000000
13 277 5000000
13 277 5000000
13 277 1136520000
13 277 9900000000
13 277 5000000
13 277 5000000
13 277 5000000
13 277 5000000
13 277 5000000
13 277 5000000
13 277 7890300000
13 277 5000000
13 277 5000000
13 277 5000000
13 277 5000000
13 277 5000000
13 277 1401840000
13 277 57421980000
13 277 5000000
13 277 5000000
13 277 5000000
13 277 5000000
13 277 1259280000
13 277 920700000
13 277 485100000
13 277 5000000
13 277 5000000
13 277 516780000
13 277 5000000
13 277 920700000
13 277 5000000
13 277 5000000
13 277 5000000
13 277 5000000
13 277 15840000000
13 277 689040000
13 277 5000000
13 277 5000000
13 277 813780000
13 277 5000000
13 277 1227600000
13 277 5000000
13 277 5000000
13 277 1007820000
13 277 5000000
13 277 5000000
13 277 1259280000
13 277 5000000
13 277 1534500000
13 277 5000000
13 277 5000000
13 277 5000000
13 277 5000000
13 277 5000000
13 277 1259280000
13 277 1073160000
13 277 5000000
13 277 1100880000
13 277 5000000
13 277 5000000
13 277 1259280000
13 277 5000000
13 277 2813580000
13 277 5000000
13 277 1259280000
13 277 5000000
13 277 5000000
13 277 5000000
13 277 5000000
13 277 5000000
13 277 5000000
13 277 98996040000
13 277 5000000
13 277 5000000
13 277 5000000
13 277 5000000
13 277 5000000
13 277 944460000
13 277 5000000
13 277 5000000
13 277 5000000
13 277 5000000
13 277 5000000
13 277 5000000
13 277 1136520000
13 277 1136520000
13 277 5000000
13 277 5000000
13 277 5000000
13 277 5000000
13 277 1354320000
13 277 5000000
13 277 5000000
13 277 5000000
13 277 5000000
13 277 920700000
13 277 1259280000
13 277 5000000
13 277 702900000
13 277 5000000
13 277 5000000
13 277 920700000
13 277 920700000
13 277 5000000
13 277 1259280000
13 277 5000000
13 277 5000000
13 277 5000000
13 277 5000000
13 277 5000000
13 277 5000000
13 277 920700000
13 277 5000000
13 277 5000000
13 277 5000000
13 277 1100880000
13 277 5000000
13 277 5000000
13 277 5000000
13 277 9900000000
13 277 5000000
13 277 5000000
13 277 5941980000
13 277 944460000
13 277 5000000
13 277 5000000
13 277 5000000
13 277 782100000
13 277 5000000
13 277 944460000
13 277 5000000
13 277 5000000
13 277 944460000
13 277 5000000
13 277 920700000
13 277 1382040000
13 277 5000000
13 277 5000000
13 277 5000000
13 277 5000000
13 277 1259280000
13 277 944460000
13 277 5000000
13 277 5000000
13 277 5000000
13 277 5000000
13 277 5000000
13 277 1382040000
13 277 5000000
13 277 5000000
13 277 328680000
13 277 5000000
13 277 5000000
13 277 5000000
13 277 5000000
13 277 5000000
13 277 920700000
13 277 5000000
13 277 5000000
13 277 920700000
13 277 5000000
13 277 5000000
13 277 5000000
13 277 5000000
13 277 920700000
13 277 5000000
13 277 5000000
13 277 5000000
13 277 1259280000
13 277 5000000
13 277 5000000
13 277 5000000
13 277 5000000
13 277 5000000
13 277 1534500000
13 277 5000000
13 277 5000000
13 277 5000000
13 277 1007820000
13 277 5000000
13 277 5000000
13 277 1259280000
13 277 5000000
13 277 18516960000
13 277 5000000
13 277 5000000
13 277 920700000
13 277 46100340000
13 277 5941980000
13 277 1534500000
13 277 5000000
13 277 5000000
13 277 1354320000
13 277 5000000
13 277 5000000
13 277 5000000
13 277 1166220000
13 277 5000000
13 277 45145980000
13 277 5000000
13 277 1227600000
13 277 1534500000
13 277 5000000
13 277 1534500000
13 277 5000000
13 277 1136520000
13 277 5000000
13 277 5000000
13 277 5000000
13 277 5000000
13 277 5000000
13 277 1382040000
13 277 5000000
13 277 5000000
13 277 5000000
13 277 1898820000
13 277 1136520000
13 277 1259280000
13 277 5000000
13 277 920700000
13 277 944460000
13 277 5000000
13 277 1136520000
13 277 5000000
13 277 5000000
13 277 5000000
13 277 1534500000
13 277 5000000
13 277 5000000
13 277 5000000
13 277 5000000
13 277 5000000
13 277 5000000
13 277 5000000
13 277 5000000
13 277 5000000
13 277 5000000
13 277 5000000
13 277 2928420000
13 277 5000000
13 277 1136520000
13 277 5000000
13 277 47480400000
13 277 920700000
13 277 50491980000
13 277 5000000
13 277 5000000
13 277 5000000
13 277 5000000
13 277 1354320000
13 277 5000000
13 277 5000000
13 277 1510740000
13 277 5000000
13 277 5000000
13 277 1259280000
13 277 5000000
13 277 360360000
13 277 920700000
13 277 5000000
13 277 5000000
13 277 1534500000
13 277 5000000
13 277 5000000
13 277 700920000
13 277 5000000
13 277 1554300000
13 277 5000000
13 277 5000000
13 277 920700000
13 277 5000000
13 277 5000000
13 277 5000000
13 277 5000000
13 277 1534500000
13 277 5000000
13 277 5000000
13 277 5000000
13 277 5000000
13 277 5000000
13 277 5000000
13 277 5000000
13 277 5000000
13 277 1259280000
13 277 5000000
13 277 5000000
13 277 29701980000
13 277 1259280000
13 277 5000000
13 277 1055340000
13 277 5000000
13 277 5000000
13 277 5000000
13 277 5000000
13 277 1136520000
13 277 5000000
13 277 1073160000
13 277 5000000
13 277 5000000
13 277 5000000
13 277 3049200000
13 277 5000000
13 277 1534500000
13 277 9900000000
13 277 5000000
13 277 5000000
13 277 9900000000
13 277 5000000
13 277 5000000
13 277 5000000
13 277 944460000
13 277 5000000
13 277 5000000
13 277 1263240000
13 277 5000000
13 277 5000000
13 277 5000000
13 277 5000000
13 277 5000000
13 277 17821980000
13 277 1136520000
13 277 49303980000
13 277 920700000
13 277 5000000
13 277 5000000
13 277 5000000
13 277 5000000
13 277 5000000
13 277 920700000
13 277 1007820000
13 277 5000000
13 277 5000000
13 277 5000000
13 277 5000000
13 277 1534500000
13 277 5000000
13 277 5000000
13 277 5000000
13 277 5000000
13 277 1510740000
13 277 5000000
13 277 5000000
13 277 5000000
13 277 5000000
13 277 5000000
13 277 5000000
13 277 5000000
13 277 1227600000
13 277 5000000
13 277 5000000
13 277 5000000
13 277 5000000
13 277 5000000
13 277 5000000
13 277 920700000
13 277 920700000
13 277 944460000
13 277 9901980000
13 277 1534500000
13 277 5000000
13 277 5000000
13 277 1259280000
13 277 5000000
13 277 5000000
13 277 5000000
13 277 5000000
13 277 5000000
13 277 5000000
13 277 920700000
13 277 1259280000
13 277 5000000
13 277 5000000
13 277 5000000
13 277 5000000
13 277 5000000
13 277 5000000
13 277 1259280000
13 277 5000000
13 277 41580000000
13 277 9900000000
13 277 920700000
13 277 1534500000
13 277 1259280000
13 277 5000000
13 277 5000000
13 277 920700000
13 277 1166220000
13 277 5000000
13 277 5941980000
13 277 5000000
13 277 5000000
13 277 5000000
13 277 920700000
13 277 46102320000
13 277 1259280000
13 277 5000000
13 277 920700000
13 277 328680000
13 277 1136520000
13 277 5000000
13 277 5000000
13 277 1354320000
13 277 5000000
13 277 5000000
13 277 5000000
13 277 5000000
13 277 9900000000
13 277 5000000
13 277 5000000
13 277 9901980000
13 277 5000000
13 277 5000000
13 277 9901980000
13 277 5000000
13 277 5000000
13 277 9900000000
13 277 1534500000
13 277 803880000
13 277 1534500000
13 277 5000000
13 277 5000000
13 277 5000000
13 277 1136520000
13 277 5000000
13 277 5000000
13 277 1534500000
13 277 5000000
13 277 5000000
13 277 5000000
13 277 5000000
13 277 1136520000
13 277 1168200000
13 277 5000000
13 277 5000000
13 277 1534500000
13 277 5000000
13 277 1007820000
13 277 5000000
13 277 5000000
13 277 5000000
13 277 584100000
13 277 5000000
13 277 5000000
13 277 5000000
13 277 5000000
13 277 29701980000
13 277 5000000
13 277 5000000
13 277 5000000
13 277 5000000
13 277 5000000
13 277 1136520000
13 277 5000000
13 277 1259280000
13 277 1354320000
13 277 5000000
13 277 9900000000
13 277 5000000
13 277 5000000
13 277 5000000
13 277 5000000
13 277 1354320000
13 277 5000000
13 277 5000000
13 277 1100880000
13 277 9901980000
13 277 5000000
13 277 1007820000
13 277 5000000
13 277 1259280000
13 277 5000000
13 277 5000000
13 277 5000000
13 277 5000000
13 277 5000000
13 277 5000000
13 277 19801980000
13 277 5000000
13 277 1007820000
13 277 944460000
13 277 920700000
13 277 1382040000
13 277 5000000
13 277 5000000
13 277 1007820000
13 277 5000000
13 277 5000000
13 277 5000000
13 277 5000000
13 277 5000000
13 277 5000000
13 277 524700000
13 277 5941980000
13 277 5000000
13 277 1100880000
13 277 1007820000
13 277 5000000
13 277 1534500000
13 277 5000000
13 277 5000000
13 277 1534500000
13 277 3045240000
13 277 5000000
13 277 2110680000
13 277 5000000
13 277 5000000
13 277 5000000
13 277 1136520000
13 277 920700000
13 277 1166220000
13 277 5000000
13 277 9901980000
13 277 1007820000
13 277 5000000
13 277 5000000
13 277 944460000
13 277 5000000
13 277 5000000
13 277 5000000
13 277 1259280000
13 277 1263240000
13 277 5000000
13 277 5000000
13 277 5000000
13 277 441540000
13 277 5000000
13 277 5000000
13 277 38017980000
13 277 1510740000
13 277 5000000
13 277 1510740000
13 277 5000000
13 277 5000000
13 277 5000000
13 277 5000000
13 277 1007820000
13 277 5000000
13 277 5000000
13 277 920700000
13 277 5000000
13 277 5000000
13 277 1136520000
13 277 1534500000
13 277 1007820000
13 277 5000000
13 277 1382040000
13 277 67320000000
13 277 5000000
13 277 5000000
13 277 5000000
13 277 5000000
13 277 5000000
13 277 5000000
13 277 550440000
13 277 5000000
13 277 5000000
13 277 5000000
13 277 5000000
13 277 5000000
13 277 1382040000
13 277 5000000
13 277 5000000
13 277 5000000
13 277 1227600000
13 277 1100880000
13 277 920700000
13 277 1259280000
13 277 601920000
13 277 5000000
13 277 5000000
13 277 920700000
13 277 20483100000
13 277 5000000
13 277 5000000
13 277 1354320000
13 277 5000000
13 277 5000000
13 277 5000000
13 277 1259280000
13 277 920700000
13 277 5000000
13 277 5000000
13 277 5000000
13 277 1136520000
13 277 1007820000
13 277 5000000
13 277 1259280000
13 277 1259280000
13 277 1100880000
13 277 1510740000
13 277 1259280000
13 277 5000000
13 277 5000000
13 277 5000000
13 277 9900000000
13 277 4237200000
13 277 5000000
13 277 5000000
13 277 5000000
13 277 5000000
13 277 5000000
13 277 1166220000
13 277 920700000
13 277 15564780000
13 277 1354320000
13 277 5000000
13 277 48511980000
13 277 1007820000
13 277 5000000
13 277 944460000
13 277 5000000
13 277 81251280000
13 277 1259280000
13 277 5000000
13 277 5000000
13 277 1510740000
13 277 5000000
13 277 5000000
13 277 687060000
13 277 1100880000
13 277 5000000
13 277 5000000
13 277 5000000
13 277 1534500000
13 277 5000000
13 277 1136520000
13 277 5000000
13 277 944460000
13 277 1136520000
13 277 9901980000
13 277 5000000
13 277 1007820000
13 277 944460000
13 277 5000000
13 277 5000000
13 277 9900000000
13 277 5000000
13 277 5000000
13 277 920700000
13 277 33660000000
13 277 5000000
13 277 1007820000
13 277 1100880000
13 277 5000000
13 277 5000000
13 277 5000000
13 277 5000000
13 277 5000000
13 277 1136520000
13 277 5000000
13 277 944460000
13 277 5000000
13 277 1136520000
13 277 5000000
13 277 5000000
13 277 1073160000
13 277 33661980000
13 277 5000000
13 277 1259280000
13 277 920700000
13 277 1136520000
13 277 1166220000
13 277 5000000
13 277 1136520000
13 277 5000000
13 277 5000000
13 277 5000000
13 277 5000000
13 277 920700000
13 277 5000000
13 277 5000000
13 277 920700000
13 277 29700000000
13 277 920700000
13 277 1259280000
13 277 5000000
13 277 1073160000
13 277 5000000
13 277 5000000
13 277 5000000
13 277 5000000
13 277 5000000
13 277 5000000
13 277 5000000
13 277 1136520000
13 277 5000000
13 277 5000000
13 277 5000000
13 277 1382040000
13 277 5000000
13 277 5000000
13 277 920700000
13 277 5000000
13 277 5000000
13 277 5000000
13 277 5000000
13 277 1007820000
13 277 520740000
13 277 53461980000
13 277 25740000000
13 277 3332340000
13 277 1136520000
13 277 5000000
13 277 5000000
13 277 5000000
13 277 5000000
13 277 5000000
13 277 5000000
13 277 5000000
13 277 5000000
13 277 920700000
13 277 5000000
13 277 944460000
13 277 5000000
13 277 5000000
13 277 5000000
13 277 5000000
13 277 5000000
13 277 5000000
13 277 5000000
13 277 5000000
13 277 1259280000
13 277 920700000
13 277 5000000
13 277 920700000
13 277 5000000
13 277 5000000
13 277 5000000
13 277 5000000
13 277 5000000
13 277 920700000
13 277 5000000
13 277 1007820000
13 277 1534500000
13 277 944460000
13 277 912780000
13 277 944460000
13 277 920700000
13 277 5000000
13 277 5000000
13 277 1136520000
13 277 1136520000
13 277 5000000
13 277 5000000
13 277 1007820000
13 277 5000000
13 277 5000000
13 277 5000000
13 277 944460000
13 277 5000000
13 277 5000000
13 277 944460000
13 277 9900000000
13 277 5000000
13 277 5000000
13 277 1259280000
13 277 13075920000
13 277 5000000
13 277 5000000
13 277 29701980000
13 277 944460000
13 277 5000000
13 277 5000000
13 277 5000000
13 277 1100880000
13 277 5000000
13 277 1007820000
13 277 1510740000
13 277 5000000
13 277 5000000
13 277 1259280000
13 277 5000000
13 277 328680000
13 277 5000000
13 277 5000000
13 277 5000000
13 277 5000000
13 277 5000000
13 277 944460000
13 277 1382040000
13 277 5000000
13 277 5000000
13 277 5000000
13 277 5000000
13 277 4356000000
13 277 5000000
13 277 5000000
13 277 5000000
13 277 782100000
13 277 5000000
13 277 1259280000
13 277 5000000
13 277 5000000
13 277 5000000
13 277 1457280000
13 277 5000000
13 277 1136520000
13 277 5000000
13 277 920700000
13 277 5000000
13 277 5000000
13 277 5000000
13 277 5000000
13 277 1259280000
13 277 5000000
13 277 5000000
13 277 5000000
13 277 944460000
13 277 5000000
13 277 5000000
13 277 5000000
13 277 5000000
13 277 5000000
13 277 5000000
13 277 1393920000
13 277 1259280000
13 277 5000000
13 277 5000000
13 277 1259280000
13 277 920700000
13 277 5000000
13 277 5000000
13 277 5000000
13 277 5000000
13 277 5000000
13 277 1100880000
13 277 5000000
13 277 1227600000
13 277 5000000
13 277 34651980000
13 277 920700000
13 277 1510740000
13 277 920700000
13 277 5000000
13 277 5000000
13 277 1534500000
13 277 5000000
13 277 5000000
13 277 5000000
13 277 1534500000
13 277 29700000000
13 277 5000000
13 277 5000000
13 277 5000000
13 277 5000000
13 277 1073160000
13 277 1136520000
13 277 5000000
13 277 679140000
13 277 1057320000
13 277 944460000
13 277 944460000
13 277 54055980000
13 277 5000000
13 277 1227600000
13 277 5000000
13 277 9901980000
13 277 5000000
13 277 5000000
13 277 920700000
13 277 5000000
13 277 5000000
13 277 5000000
13 277 43750080000
13 277 5000000
13 277 1100880000
13 277 5000000
13 277 920700000
13 277 5000000
13 277 1534500000
13 277 5000000
13 277 5000000
13 277 5000000
13 277 1259280000
13 277 32671980000
13 277 5000000
13 277 5000000
13 277 5000000
13 277 920700000
13 277 1227600000
13 277 782100000
13 277 944460000
13 277 5000000
13 277 5000000
13 277 5000000
13 277 1259280000
13 277 5000000
13 277 5000000
13 277 944460000
13 277 441540000
13 277 1136520000
13 277 595980000
13 277 5000000
13 277 5000000
13 277 5000000
13 277 5000000
13 277 5000000
13 277 1259280000
13 277 1382040000
13 277 1534500000
13 277 920700000
13 277 5000000
13 277 1227600000
13 277 5000000
13 277 5000000
13 277 7890300000
13 277 1259280000
13 277 5000000
13 277 5000000
13 277 5000000
13 277 5000000
13 277 9900000000
13 277 5000000
13 277 5000000
13 277 5000000
13 277 5000000
13 277 5000000
13 277 9900000000
13 277 29700000000
13 277 5000000
13 277 5000000
13 277 5000000
13 277 1166220000
13 277 1100880000
13 277 5000000
13 277 944460000
13 277 5000000
13 277 5000000
13 277 5000000
13 277 1007820000
13 277 5000000
13 277 1534500000
13 277 5000000
13 277 952380000
13 277 1393920000
13 277 5000000
13 277 1259280000
13 277 5000000
13 277 944460000
13 277 5000000
13 277 5000000
13 277 5000000
13 277 9900000000
13 277 5000000
13 277 1534500000
13 277 5000000
13 277 1259280000
13 277 5000000
13 277 5000000
13 277 16830000000
13 277 5000000
13 277 1534500000
13 277 1259280000
13 277 5000000
13 277 42570000000
13 277 1227600000
13 277 5000000
13 277 5000000
13 277 1534500000
13 277 5000000
13 277 1136520000
13 277 5000000
13 277 5000000
13 277 1259280000
13 277 5000000
13 277 1259280000
13 277 1136520000
13 277 5000000
13 277 5000000
13 277 1166220000
13 277 1259280000
13 277 5000000
13 277 261360000
13 277 5000000
13 277 944460000
13 277 5000000
13 277 45145980000
13 277 1534500000
13 277 5000000
13 277 5000000
13 277 1259280000
13 277 5000000
13 277 5000000
13 277 5000000
13 277 920700000
13 277 5000000
13 277 5000000
13 277 5000000
13 277 326700000
13 277 5000000
13 277 5000000
13 277 5000000
13 277 3480840000
13 277 5000000
13 277 5000000
13 277 5000000
13 277 1100880000
13 277 5000000
13 277 1136520000
13 277 5000000
13 277 5000000
13 277 5941980000
13 277 5000000
13 277 5000000
13 277 5000000
13 277 5000000
13 277 1136520000
13 277 5000000
13 277 31681980000
13 277 5000000
13 277 5000000
13 277 5000000
13 277 1534500000
13 277 920700000
13 277 5000000
13 277 9901980000
13 277 5000000
13 277 1534500000
13 277 944460000
13 277 5000000
13 277 1534500000
13 277 5000000
13 277 1100880000
13 277 920700000
13 277 1259280000
13 277 5000000
13 277 1259280000
13 277 5000000
13 277 5000000
13 277 920700000
13 277 5000000
13 277 1100880000
13 277 920700000
13 277 5000000
13 277 5000000
13 277 1259280000
13 277 1136520000
13 277 1354320000
13 277 5000000
13 277 5000000
13 277 16831980000
13 277 5000000
13 277 1136520000
13 277 920700000
13 277 5000000
13 277 5000000
13 277 5000000
13 277 5000000
13 277 1136520000
13 277 5000000
13 277 5000000
13 277 5000000
13 277 5000000
13 277 62370000000
13 277 944460000
13 277 5000000
13 277 5000000
13 277 18516960000
13 277 5000000
13 277 5000000
13 277 5000000
13 277 5000000
13 277 1510740000
13 277 920700000
13 277 5000000
13 277 5000000
13 277 1510740000
13 277 1382040000
13 277 1136520000
13 277 5941980000
13 277 1382040000
13 277 5000000
13 277 5000000
13 277 5000000
13 277 5000000
13 277 1007820000
13 277 5000000
13 277 1100880000
13 277 5000000
13 277 5000000
13 277 5000000
13 277 1259280000
13 277 1136520000
13 277 5000000
13 277 5000000
13 277 5000000
13 277 5000000
13 277 5000000
13 277 5000000
13 277 5000000
13 277 5000000
13 277 5000000
13 277 5000000
13 277 5000000
13 277 1100880000
13 277 1534500000
13 277 5000000
13 277 5000000
13 277 5000000
13 277 1534500000
13 277 1007820000
13 277 5000000
13 277 5000000
13 277 1382040000
13 277 5000000
13 277 920700000
13 277 5000000
13 277 920700000
13 277 5000000
13 277 5000000
13 277 1510740000
13 277 5000000
13 277 5000000
13 277 1100880000
13 277 5000000
13 277 1534500000
13 277 5000000
13 277 56430000000
13 277 5000000
13 277 5000000
13 277 5000000
13 277 1534500000
13 277 5000000
13 277 920700000
13 277 5000000
13 277 1136520000
13 277 5000000
13 277 5000000
13 277 5000000
13 277 40591980000
13 277 5000000
13 277 1425600000
13 277 1007820000
13 277 5000000
13 277 5000000
13 277 5000000
13 277 79201980000
13 277 1100880000
13 277 1534500000
13 277 1136520000
13 277 1354320000
13 277 5000000
13 277 5000000
13 277 944460000
13 277 5000000
13 277 5000000
13 277 9900000000
13 277 5000000
13 277 5000000
13 277 5000000
13 277 1136520000
13 277 5000000
13 277 5000000
13 277 5000000
13 277 5000000
13 277 5000000
13 277 18811980000
13 277 5000000
13 277 1007820000
13 277 1429560000
13 277 9901980000
13 277 944460000
13 277 5000000
13 277 5000000
13 277 5000000
13 277 5000000
13 277 944460000
13 277 944460000
13 277 5000000
13 277 5000000
13 277 518760000
13 277 5000000
13 277 5000000
13 277 5000000
13 277 5000000
13 277 5000000
13 277 5000000
13 277 1259280000
13 277 1007820000
13 277 5000000
13 277 1259280000
13 277 5000000
13 277 79200000000
13 277 5000000
13 277 58411980000
13 277 1534500000
13 277 1136520000
13 277 43750080000
13 277 5000000
13 277 5000000
13 277 5000000
13 277 5000000
13 277 5000000
13 277 944460000
13 277 5000000
13 277 1382040000
13 277 1510740000
13 277 30690000000
13 277 5000000
13 277 1007820000
13 277 5000000
13 277 944460000
13 277 5000000
13 277 5000000
13 277 5000000
13 277 5000000
13 277 5000000
13 277 5000000
13 277 5000000
13 277 5000000
13 277 5000000
13 277 1259280000
13 277 5000000
13 277 5000000
13 277 5000000
13 277 5000000
13 277 5000000
13 277 5000000
13 277 5000000
13 277 5000000
13 277 5000000
13 277 1534500000
13 277 5000000
13 277 944460000
13 277 920700000
13 277 5000000
13 277 5000000
13 277 1073160000
13 277 14850000000
13 277 1510740000
13 277 5000000
13 277 5000000
13 277 5000000
13 277 1136520000
13 277 1136520000
13 277 5000000
13 277 5000000
13 277 5000000
13 277 5000000
13 277 1259280000
13 277 5000000
13 277 5000000
13 277 920700000
13 277 1259280000
13 277 920700000
13 277 5000000
13 277 8197200000
13 277 5000000
13 277 5000000
13 277 5000000
13 277 920700000
13 277 1534500000
13 277 1259280000
13 277 5000000
13 277 5000000
13 277 29700000000
13 277 952380000
13 277 1073160000
13 277 5000000
13 277 5000000
13 277 920700000
13 277 1534500000
13 277 5000000
13 277 5000000
13 277 5000000
13 277 5941980000
13 277 1073160000
13 277 5000000
13 277 5000000
13 277 5000000
13 277 5000000
13 277 5000000
13 277 35641980000
13 277 1534500000
13 277 5000000
13 277 5000000
13 277 920700000
13 277 5000000
13 277 5000000
13 277 5000000
13 277 25425180000
13 277 5000000
13 277 5000000
13 277 5000000
13 277 5000000
13 277 26494380000
13 277 5000000
13 277 5000000
13 277 5000000
13 277 5000000
13 277 5000000
13 277 5000000
13 277 25740000000
13 277 5000000
13 277 5000000
13 277 5000000
13 277 5000000
13 277 5000000
13 277 14851980000
13 277 5000000
13 277 5000000
13 277 1136520000
13 277 920700000
13 277 1136520000
13 277 1534500000
13 277 5000000
13 277 6195420000
13 277 9900000000
13 277 5000000
13 277 1136520000
13 277 5000000
13 277 5000000
13 277 5000000
13 277 1534500000
13 277 5000000
13 277 5000000
13 277 5000000
13 277 46531980000
13 277 5000000
13 277 5000000
13 277 920700000
13 277 1259280000
13 277 5000000
13 277 5000000
13 277 5000000
13 277 5000000
13 277 5000000
13 277 5000000
13 277 1100880000
13 277 5000000
13 277 920700000
13 277 35640000000
13 277 1100880000
13 277 1136520000
13 277 1007820000
13 277 5000000
13 277 1259280000
13 277 1510740000
13 277 5000000
13 277 5000000
13 277 5000000
13 277 5000000
13 277 1073160000
13 277 1510740000
13 277 1510740000
13 277 1136520000
13 277 14851980000
13 277 1382040000
13 277 5000000
13 277 35640000000
13 277 1259280000
13 277 5000000
13 277 5000000
13 277 5000000
13 277 5000000
13 277 655380000
13 277 1227600000
13 277 5000000
13 277 9900000000
13 277 5000000
13 277 5000000
13 277 1259280000
13 277 5000000
13 277 5000000
13 277 1534500000
13 277 5000000
13 277 5000000
13 277 5000000
13 277 920700000
13 277 5000000
13 277 5000000
13 277 5000000
13 277 5000000
13 277 5000000
13 277 5000000
13 277 1510740000
13 277 5000000
13 277 5000000
13 277 5000000
13 277 5000000
13 277 944460000
13 277 920700000
13 277 32671980000
13 277 5000000
13 277 920700000
13 277 5000000
13 277 1136520000
13 277 5000000
13 277 5000000
13 277 1259280000
13 277 5000000
13 277 5000000
13 277 920700000
13 277 944460000
13 277 5000000
13 277 5000000
13 277 5000000
13 277 5000000
13 277 5000000
13 277 1354320000
13 277 1259280000
13 277 5000000
13 277 5000000
13 277 50491980000
13 277 1136520000
13 277 518760000
13 277 1073160000
13 277 1534500000
13 277 1136520000
13 277 944460000
13 277 5000000
13 277 5000000
13 277 1166220000
13 277 5000000
13 277 5000000
13 277 920700000
13 277 5000000
13 277 5000000
13 277 5000000
13 277 5941980000
13 277 2172060000
13 277 5000000
13 277 20483100000
13 277 5000000
13 277 920700000
13 277 5000000
13 277 944460000
13 277 5000000
13 277 5000000
13 277 1227600000
13 277 29700000000
13 277 1382040000
13 277 920700000
13 277 5000000
13 277 5000000
13 277 1136520000
13 277 5000000
13 277 5000000
13 277 1166220000
13 277 5000000
13 277 5000000
13 277 9901980000
13 277 5000000
13 277 5000000
13 277 5000000
13 277 5000000
13 277 5000000
13 277 1534500000
13 277 5000000
13 277 5000000
13 277 5000000
13 277 920700000
13 277 5000000
13 277 5000000
13 277 1382040000
13 277 5000000
13 277 2865060000
13 277 67320000000
13 277 1534500000
13 277 1259280000
13 277 1136520000
13 277 5000000
13 277 1136520000
13 277 417780000
13 277 5000000
13 277 5000000
13 277 5000000
13 277 5000000
13 277 944460000
13 277 5000000
13 277 920700000
13 277 1073160000
13 277 1259280000
13 277 944460000
13 277 5000000
13 277 1100880000
13 277 5000000
13 277 5000000
13 277 5000000
13 277 5000000
13 277 5000000
13 277 1354320000
13 277 32058180000
13 277 5000000
13 277 5000000
13 277 5000000
13 277 5000000
13 277 920700000
13 277 5000000
13 277 5000000
13 277 5000000
13 277 11666160000
13 277 5000000
13 277 5000000
13 277 944460000
13 277 5000000
13 277 1382040000
13 277 5000000
13 277 920700000
13 277 5000000
13 277 920700000
13 277 5000000
13 277 5000000
13 277 5000000
13 277 5000000
13 277 5000000
13 277 5000000
13 277 9901980000
13 277 50491980000
13 277 1534500000
13 277 1259280000
13 277 920700000
13 277 5000000
13 277 8911980000
13 277 5000000
13 277 5000000
13 277 5000000
13 277 5000000
13 277 5000000
13 277 5000000
13 277 9901980000
13 277 5000000
13 277 1136520000
13 277 1100880000
13 277 1259280000
13 277 5000000
13 277 5000000
13 277 5000000
13 277 5000000
13 277 29700000000
13 277 5000000
13 277 5000000
13 277 32060160000
13 277 1259280000
13 277 5000000
13 277 920700000
13 277 5000000
13 277 1136520000
13 277 9900000000
13 277 5000000
13 277 19800000000
13 277 5000000
13 277 5000000
13 277 5000000
13 277 5000000
13 277 5000000
13 277 14850000000
13 277 1534500000
13 277 5000000
13 277 1534500000
13 277 5000000
13 277 5000000
13 277 5000000
13 277 5000000
13 277 1100880000
13 277 944460000
13 277 1166220000
13 277 1235520000
13 277 1259280000
13 277 1136520000
13 277 1534500000
13 277 5000000
13 277 5000000
13 277 5000000
13 277 5000000
13 277 5000000
13 277 5000000
13 277 1136520000
13 277 1510740000
13 277 5000000
13 277 1534500000
13 277 5000000
13 277 5000000
13 277 5000000
13 277 1100880000
13 277 30690000000
13 277 5000000
13 277 5000000
13 277 29700000000
13 277 5000000
13 277 5000000
13 277 5000000
13 277 1259280000
13 277 34650000000
13 277 1065240000
13 277 5000000
13 277 5000000
13 277 944460000
13 277 5000000
13 277 5000000
13 277 9900000000
13 277 5000000
13 277 944460000
13 277 5000000
13 277 920700000
13 277 4356000000
13 277 5000000
13 277 5000000
13 277 5000000
13 277 5000000
13 277 5000000
13 277 1534500000
13 277 5000000
13 277 5000000
13 277 1136520000
13 277 5000000
13 277 5000000
13 277 5000000
13 277 5000000
13 277 920700000
13 277 5000000
13 277 5000000
13 277 9901980000
13 277 43957980000
13 277 944460000
13 277 5000000
13 277 1100880000
13 277 920700000
13 277 5000000
13 277 5000000
13 277 5000000
13 277 5000000
13 277 5000000
13 277 5000000
13 277 5000000
13 277 27589320000
13 277 5000000
13 277 1073160000
13 277 5000000
13 277 1259280000
13 277 1136520000
13 277 5000000
13 277 5000000
13 277 5000000
13 277 1534500000
13 277 5000000
13 277 920700000
13 277 5000000
13 277 5000000
13 277 5000000
13 277 1259280000
13 277 1007820000
13 277 46531980000
13 277 5000000
13 277 62979840000
13 277 920700000
13 277 1534500000
13 277 5000000
13 277 5000000
13 277 5000000
13 277 5000000
13 277 1534500000
13 277 5000000
13 277 5000000
13 277 1100880000
13 277 5000000
13 277 712800000
13 277 1259280000
13 277 5000000
13 277 5000000
13 277 944460000
13 277 5000000
13 277 920700000
13 277 5000000
13 277 5000000
13 277 5000000
13 277 5000000
13 277 677160000
13 277 1237500000
13 277 21932460000
13 277 5000000
13 277 7327980000
13 277 35640000000
13 277 5000000
13 277 1382040000
13 277 5000000
13 277 5000000
13 277 1136520000
13 277 5000000
13 277 35641980000
13 277 5000000
13 277 1534500000
13 277 5000000
13 277 5000000
13 277 5000000
13 277 5000000
13 277 5000000
13 277 1055340000
13 277 5000000
13 277 5000000
13 277 5000000
13 277 1100880000
13 277 5000000
13 277 1263240000
13 277 1259280000
13 277 5000000
13 277 330660000
13 277 5000000
13 277 5000000
13 277 1136520000
13 277 5000000
13 277 5000000
13 277 920700000
13 277 1136520000
13 277 5000000
13 277 5000000
13 277 5000000
13 277 1382040000
13 277 5000000
13 277 5000000
13 277 5000000
13 277 5000000
13 277 1227600000
13 277 920700000
13 277 5000000
13 277 5000000
13 277 920700000
13 277 1382040000
13 277 5000000
13 277 1227600000
13 277 5000000
13 277 352440000
13 277 5000000
13 277 5000000
13 277 944460000
13 277 5000000
13 277 944460000
13 277 1259280000
13 277 20485080000
13 277 1534500000
13 277 1354320000
13 277 5000000
13 277 5000000
13 277 17820000000
13 277 5000000
13 277 5000000
13 277 5000000
13 277 1534500000
13 277 5000000
13 277 5000000
13 277 9900000000
13 277 5000000
13 277 5000000
13 277 1259280000
13 277 1136520000
13 277 5000000
13 277 5000000
13 277 920700000
13 277 5000000
13 277 5000000
13 277 5000000
13 277 1243440000
13 277 5000000
13 277 1510740000
13 277 5000000
13 277 1354320000
13 277 920700000
13 277 5000000
13 277 5000000
13 277 5000000
13 277 5000000
13 277 5000000
13 277 5000000
13 277 1136520000
13 277 1259280000
13 277 5000000
13 277 1227600000
13 277 5000000
13 277 1534500000
13 277 790020000
13 277 1896840000
13 277 9901980000
13 277 1534500000
13 277 1354320000
13 277 1100880000
13 277 5000000
13 277 5000000
13 277 5000000
13 277 5000000
13 277 1534500000
13 277 1136520000
13 277 5000000
13 277 29701980000
13 277 5000000
13 277 8314020000
13 277 1166220000
13 277 1534500000
13 277 920700000
13 277 5000000
13 277 5000000
13 277 5000000
13 277 5000000
13 277 1510740000
13 277 5000000
13 277 1534500000
13 277 5000000
13 277 5000000
13 277 5000000
13 277 920700000
13 277 5000000
13 277 1510740000
13 277 5941980000
13 277 5000000
13 277 1136520000
13 277 1259280000
13 277 823680000
13 277 1259280000
13 277 5000000
13 277 5000000
13 277 5000000
13 277 1534500000
13 277 5000000
13 277 5000000
13 277 1534500000
13 277 1534500000
13 277 9900000000
13 277 5000000
13 277 5000000
13 277 5000000
13 277 261360000
13 277 23132340000
13 277 9901980000
13 277 5000000
13 277 5000000
13 277 5000000
13 277 1534500000
13 277 5000000
13 277 1007820000
13 277 5000000
13 277 5000000
13 277 5000000
13 277 1227600000
13 277 5000000
13 277 5000000
13 277 1259280000
13 277 1073160000
13 277 5000000
13 277 5000000
13 277 5000000
13 277 1354320000
13 277 5000000
13 277 5000000
13 277 1136520000
13 277 5000000
13 277 5000000
13 277 5000000
13 277 920700000
13 277 9901980000
13 277 920700000
13 277 5000000
13 277 5000000
13 277 53461980000
13 277 5000000
13 277 5000000
13 277 1259280000
13 277 1534500000
13 277 5000000
13 277 1382040000
13 277 5000000
13 277 5000000
13 277 1534500000
13 277 5000000
13 277 1510740000
13 277 5000000
13 277 1136520000
13 277 35641980000
13 277 5000000
13 277 944460000
13 277 5000000
13 277 5000000
13 277 920700000
13 277 5000000
13 277 42769980000
13 277 1100880000
13 277 1259280000
13 277 5000000
13 277 5000000
13 277 920700000
13 277 1227600000
13 277 5000000
13 277 62385840000
13 277 1136520000
13 277 1534500000
13 277 5000000
13 277 2051280000
13 277 5000000
13 277 5000000
13 277 5000000
13 277 1259280000
13 277 1136520000
13 277 5000000
13 277 261360000
13 277 1259280000
13 277 5000000
13 277 5000000
13 277 5000000
13 277 1534500000
13 277 1100880000
13 277 5000000
13 277 5000000
13 277 5000000
13 277 5000000
13 277 5000000
13 277 1100880000
13 277 5000000
13 277 5000000
13 277 5000000
13 277 1510740000
13 277 5000000
13 277 5000000
13 277 5000000
13 277 1100880000
13 277 944460000
13 277 1534500000
13 277 1136520000
13 277 1073160000
13 277 5000000
13 277 1259280000
13 277 5000000
13 277 1136520000
13 277 5000000
13 277 944460000
13 277 5000000
13 277 5000000
13 277 1534500000
13 277 5941980000
13 277 72271980000
13 277 5000000
13 277 700920000
13 277 1259280000
13 277 1407780000
13 277 5000000
13 277 5000000
13 277 1166220000
13 277 5000000
13 277 1136520000
13 277 5000000
13 277 5000000
13 277 5000000
13 277 5000000
13 277 5000000
13 277 5000000
13 277 5000000
13 277 1100880000
13 277 5000000
13 277 5000000
13 277 5000000
13 277 1534500000
13 277 259380000
13 277 5000000
13 277 5000000
13 277 5000000
13 277 5000000
13 277 5000000
13 277 1534500000
13 277 1136520000
13 277 1227600000
13 277 19800000000
13 277 1510740000
13 277 5000000
13 277 920700000
13 277 5000000
13 277 5000000
13 277 5000000
13 277 920700000
13 277 457380000
13 277 5000000
13 277 5000000
13 277 5000000
13 277 1354320000
13 277 1534500000
13 277 9900000000
13 277 1382040000
13 277 5000000
13 277 5000000
13 277 5000000
13 277 1136520000
13 277 5000000
13 277 9900000000
13 277 5000000
13 277 5000000
13 277 5000000
13 277 5000000
13 277 5000000
13 277 5000000
13 277 5000000
13 277 1534500000
13 277 5000000
13 277 5000000
13 277 5000000
13 277 1136520000
13 277 1534500000
13 277 5000000
13 277 5000000
13 277 5000000
13 277 5000000
13 277 2120580000
13 277 5000000
13 277 5000000
13 277 1534500000
13 277 1100880000
13 277 5000000
13 277 5000000
13 277 5000000
13 277 5000000
13 277 1136520000
13 277 5000000
13 277 5000000
13 277 5000000
13 277 5000000
13 277 5000000
13 277 5000000
13 277 944460000
13 277 5000000
13 277 5000000
13 277 5000000
13 277 5000000
13 277 5000000
13 277 1136520000
13 277 5000000
13 277 5941980000
13 277 5000000
13 277 84150000000
13 277 920700000
13 277 1259280000
13 277 5000000
13 277 5000000
13 277 1136520000
13 277 5000000
13 277 5000000
13 277 5000000
13 277 679140000
13 277 5000000
13 277 1136520000
13 277 5000000
13 277 944460000
13 277 1136520000
13 277 5000000
13 277 1259280000
13 277 5000000
13 277 5000000
13 277 5000000
13 277 1100880000
13 277 5000000
13 277 5000000
13 277 5000000
13 277 1534500000
13 277 5000000
13 277 5000000
13 277 5000000
13 277 5000000
13 277 5000000
13 277 9900000000
13 277 5000000
13 277 5000000
13 277 5000000
13 277 5000000
13 277 1136520000
13 277 5000000
13 277 5000000
13 277 1136520000
13 277 5000000
13 277 1382040000
13 277 5000000
13 277 5000000
13 277 5000000
13 277 5000000
13 277 5000000
13 277 1227600000
13 277 5000000
13 277 920700000
13 277 5000000
13 277 1259280000
13 277 5000000
13 277 920700000
13 277 485100000
13 277 5000000
13 277 5000000
13 277 1227600000
13 277 5000000
13 277 5000000
13 277 1534500000
13 277 5000000
13 277 944460000
13 277 1534500000
13 277 5000000
13 277 5000000
13 277 1136520000
13 277 5000000
13 277 5000000
13 277 5000000
13 277 920700000
13 277 5000000
13 277 5000000
13 277 5000000
13 277 1382040000
13 277 1259280000
13 277 1259280000
13 277 944460000
13 277 5000000
13 277 518760000
13 277 1136520000
13 277 9901980000
13 277 5000000
13 277 5000000
13 277 5000000
13 277 5000000
13 277 9900000000
13 277 1136520000
13 277 5000000
13 277 5000000
13 277 1136520000
13 277 1100880000
13 277 1259280000
13 277 1136520000
13 277 1136520000
13 277 5000000
13 277 9900000000
13 277 5000000
13 277 5000000
13 277 1510740000
13 277 1073160000
13 277 1100880000
13 277 5000000
13 277 5000000
13 277 5000000
13 277 5000000
13 277 920700000
13 277 5000000
13 277 5000000
13 277 5000000
13 277 5000000
13 277 5000000
13 277 1259280000
13 277 5000000
13 277 1227600000
13 277 5000000
13 277 1136520000
13 277 1166220000
13 277 5000000
13 277 518760000
13 277 1136520000
13 277 5000000
13 277 920700000
13 277 5000000
13 277 5000000
13 277 920700000
13 277 5000000
13 277 5000000
13 277 1136520000
13 277 1136520000
13 277 5000000
13 277 5000000
13 277 1227600000
13 277 1510740000
13 277 5000000
13 277 5000000
13 277 5000000
13 277 1354320000
13 277 5000000
13 277 5000000
13 277 5000000
13 277 920700000
13 277 920700000
13 277 1100880000
13 277 5000000
13 277 5000000
13 277 5000000
13 277 9900000000
13 277 5000000
13 277 944460000
13 277 5000000
13 277 526680000
13 277 5000000
13 277 5000000
13 277 5000000
13 277 1227600000
13 277 1007820000
13 277 5000000
13 277 1534500000
13 277 5000000
13 277 5000000
13 277 5000000
13 277 5000000
13 277 1007820000
13 277 5000000
13 277 5000000
13 277 5000000
13 277 1354320000
13 277 39225780000
13 277 5000000
13 277 1100880000
13 277 5000000
13 277 1534500000
13 277 5000000
13 277 5000000
13 277 5000000
13 277 5000000
13 277 5000000
13 277 944460000
13 277 5000000
13 277 5000000
13 277 944460000
13 277 920700000
13 277 5000000
13 277 5000000
13 277 60593940000
13 277 5000000
13 277 5000000
13 277 1100880000
13 277 920700000
13 277 944460000
13 277 5000000
13 277 5000000
13 277 1136520000
13 277 1534500000
13 277 5000000
13 277 5000000
13 277 1534500000
13 277 5000000
13 277 5000000
13 277 5000000
13 277 5000000
13 277 944460000
13 277 1100880000
13 277 5000000
13 277 1354320000
13 277 5000000
13 277 1073160000
13 277 1007820000
13 277 1259280000
13 277 5000000
13 277 5000000
13 277 5000000
13 277 920700000
13 277 1166220000
13 277 920700000
13 277 944460000
13 277 1354320000
13 277 5000000
13 277 5000000
13 277 5000000
13 277 5000000
13 277 1007820000
13 277 5000000
13 277 1136520000
13 277 526680000
13 277 5000000
13 277 920700000
13 277 5000000
13 277 5000000
13 277 5000000
13 277 5000000
13 277 5000000
13 277 920700000
13 277 657360000
13 277 1354320000
13 277 5000000
13 277 5000000
13 277 920700000
13 277 944460000
13 277 5000000
13 277 5000000
13 277 5000000
13 277 920700000
13 277 5000000
13 277 5000000
13 277 920700000
13 277 5000000
13 277 5000000
13 277 5000000
13 277 5000000
13 277 5000000
13 277 5000000
13 277 5000000
13 277 2494800000
13 277 5000000
13 277 1100880000
13 277 5000000
13 277 5000000
13 277 5000000
13 277 5000000
13 277 5000000
13 277 920700000
13 277 5000000
13 277 98010000000
13 277 920700000
13 277 62825400000
13 277 5000000
13 277 5000000
13 277 5000000
13 277 1510740000
13 277 1534500000
13 277 1259280000
13 277 5000000
13 277 5000000
13 277 5000000
13 277 5000000
13 277 5000000
13 277 5000000
13 277 1136520000
13 277 5000000
13 277 5000000
13 277 5000000
13 277 920700000
13 277 5000000
13 277 1007820000
13 277 1534500000
13 277 5000000
13 277 5000000
13 277 52867980000
13 277 5000000
13 277 5000000
13 277 1354320000
13 277 5000000
13 277 1136520000
13 277 5000000
13 277 5000000
13 277 5000000
13 277 5000000
13 277 5000000
13 277 1534500000
13 277 1136520000
13 277 702900000
13 277 5000000
13 277 9901980000
13 277 5000000
13 277 920700000
13 277 5000000
13 277 5000000
13 277 5000000
13 277 5000000
13 277 1259280000
13 277 5000000
13 277 5000000
13 277 21839400000
13 277 5000000
13 277 550440000
13 277 5000000
13 277 5000000
13 277 5000000
13 277 1259280000
13 277 5000000
13 277 5000000
13 277 5000000
13 277 5000000
13 277 1136520000
13 277 1100880000
13 277 5000000
13 277 1534500000
13 277 5000000
13 277 5000000
13 277 514800000
13 277 1534500000
13 277 5000000
13 277 920700000
13 277 5000000
13 277 5000000
13 277 41580000000
13 277 5000000
13 277 5000000
13 277 1259280000
13 277 5000000
13 277 30691980000
13 277 5000000
13 277 5000000
13 277 5000000
13 277 1510740000
13 277 5000000
13 277 5000000
13 277 1534500000
13 277 5000000
13 277 1431540000
13 277 5000000
13 277 5000000
13 277 1136520000
13 277 5000000
13 277 920700000
13 277 5000000
13 277 920700000
13 277 5000000
13 277 5000000
13 277 5000000
13 277 1136520000
13 277 79200000000
13 277 1100880000
13 277 1510740000
13 277 5000000
13 277 5000000
13 277 920700000
13 277 5000000
13 277 5000000
13 277 920700000
13 277 5000000
13 277 920700000
13 277 1007820000
13 277 1534500000
13 277 5000000
13 277 4397580000
13 277 1136520000
13 277 5000000
13 277 1534500000
13 277 5000000
13 277 1166220000
13 277 4714380000
13 277 5000000
13 277 5000000
13 277 1259280000
13 277 5000000
13 277 5000000
13 277 1007820000
13 277 9900000000
13 277 5000000
13 277 5000000
13 277 5000000
13 277 920700000
13 277 5000000
13 277 5000000
13 277 1100880000
13 277 5000000
13 277 522720000
13 277 5000000
13 277 920700000
13 277 920700000
13 277 5000000
13 277 1136520000
13 277 5000000
13 277 1136520000
13 277 5000000
13 277 5000000
13 277 5000000
13 277 5000000
13 277 944460000
13 277 1007820000
13 277 920700000
13 277 5000000
13 277 45145980000
13 277 1136520000
13 277 5000000
13 277 944460000
13 277 5000000
13 277 5000000
13 277 5000000
13 277 5000000
13 277 1259280000
13 277 5000000
13 277 5000000
13 277 5000000
13 277 5000000
13 277 5000000
13 277 920700000
13 277 5000000
13 277 5000000
13 277 5000000
13 277 5000000
13 277 9901980000
13 277 1510740000
13 277 5000000
13 277 1136520000
13 277 5000000
13 277 1100880000
13 277 5000000
13 277 5000000
13 277 5000000
13 277 52471980000
13 277 5000000
13 277 5000000
13 277 5000000
13 277 5000000
13 277 5000000
13 277 1534500000
13 277 5000000
13 277 5000000
13 277 1354320000
13 277 5000000
13 277 5000000
13 277 5000000
13 277 5000000
13 277 5000000
13 277 5000000
13 277 11018700000
13 277 5000000
13 277 5000000
13 277 1259280000
13 277 1136520000
13 277 5000000
13 277 1534500000
13 277 5000000
13 277 920700000
13 277 5000000
13 277 1136520000
13 277 920700000
13 277 1136520000
13 277 1382040000
13 277 5000000
13 277 5000000
13 277 5000000
13 277 920700000
13 277 920700000
13 277 5000000
13 277 5000000
13 277 9900000000
13 277 5000000
13 277 5000000
13 277 328680000
13 277 5000000
13 277 1136520000
13 277 5000000
13 277 811800000
13 277 5000000
13 277 5000000
13 277 1449360000
13 277 5000000
13 277 5000000
13 277 18811980000
13 277 5000000
13 277 1259280000
13 277 5000000
13 277 5000000
13 277 5000000
13 277 12826440000
13 277 5000000
13 277 5000000
13 277 5000000
13 277 5000000
13 277 944460000
13 277 5000000
13 277 5000000
13 277 5000000
13 277 5000000
13 277 1534500000
13 277 1259280000
13 277 5000000
13 277 5000000
13 277 1354320000
13 277 920700000
13 277 5000000
13 277 1100880000
13 277 53461980000
13 277 1259280000
13 277 62385840000
13 277 5000000
13 277 5000000
13 277 5000000
13 277 5000000
13 277 5000000
13 277 5000000
13 277 5000000
13 277 793980000
13 277 1007820000
13 277 5000000
13 277 5000000
13 277 5000000
13 277 5000000
13 277 5000000
13 277 5000000
13 277 5000000
13 277 1073160000
13 277 1534500000
13 277 920700000
13 277 5000000
13 277 5000000
13 277 60603840000
13 277 601920000
13 277 5000000
13 277 5000000
13 277 16830000000
13 277 1227600000
13 277 1534500000
13 277 5000000
13 277 5000000
13 277 5000000
13 277 1382040000
13 277 5000000
13 277 5000000
13 277 29701980000
13 277 5000000
13 277 5000000
13 277 5000000
13 277 1534500000
13 277 59401980000
13 277 5000000
13 277 5000000
13 277 5000000
13 277 5000000
13 277 1136520000
13 277 5000000
13 277 5000000
13 277 5000000
13 277 5000000
13 277 5000000
13 277 5000000
13 277 5000000
13 277 1534500000
13 277 920700000
13 277 5000000
13 277 920700000
13 277 5000000
13 277 5000000
13 277 5000000
13 277 5000000
13 277 5000000
13 277 2688840000
13 277 5000000
13 277 5000000
13 277 5000000
13 277 5000000
13 277 5000000
13 277 920700000
13 277 5000000
13 277 5000000
13 277 5000000
13 277 5000000
13 277 920700000
13 277 10891980000
13 277 764280000
13 277 5000000
13 277 5000000
13 277 45541980000
13 277 5000000
13 277 1354320000
13 277 5000000
13 277 1534500000
13 277 1259280000
13 277 1534500000
13 277 5000000
13 277 5000000
13 277 5000000
13 277 5000000
13 277 5000000
13 277 5000000
13 277 5000000
13 277 5000000
13 277 5000000
13 277 5000000
13 277 5000000
13 277 1166220000
13 277 1382040000
13 277 30765240000
13 277 1259280000
13 277 5000000
13 277 5000000
13 277 9901980000
13 277 5000000
13 277 5000000
13 277 944460000
13 277 1136520000
13 277 1382040000
13 277 5000000
13 277 1136520000
13 277 1259280000
13 277 5000000
13 277 5000000
13 277 5000000
13 277 1259280000
13 277 1259280000
13 277 920700000
13 277 5000000
13 277 1510740000
13 277 5000000
13 277 5000000
13 277 5000000
13 277 1136520000
13 277 5000000
13 277 5000000
13 277 1007820000
13 277 5000000
13 277 5000000
13 277 5000000
13 277 1534500000
13 277 1534500000
13 277 1354320000
13 277 1259280000
13 277 920700000
13 277 5000000
13 277 1007820000
13 277 36631980000
13 277 5000000
13 277 5000000
13 277 1259280000
13 277 1354320000
13 277 1534500000
13 277 5000000
13 277 84150000000
13 277 5000000
13 277 1534500000
13 277 1259280000
13 277 5000000
13 277 1136520000
13 277 1382040000
13 277 1534500000
13 277 920700000
13 277 1534500000
13 277 5000000
13 277 5000000
13 277 1073160000
13 277 5000000
13 277 5000000
13 277 5000000
13 277 1534500000
13 277 1007820000
13 277 5000000
13 277 8910000000
13 277 920700000
13 277 5000000
13 277 1136520000
13 277 5000000
13 277 1100880000
13 277 5000000
13 277 5000000
13 277 5000000
13 277 5000000
13 277 5000000
13 277 5000000
13 277 5000000
13 277 1259280000
13 277 5000000
13 277 5000000
13 277 45540000000
13 277 5000000
13 277 5000000
13 277 5000000
13 277 1259280000
13 277 5000000
13 277 1227600000
13 277 5000000
13 277 5000000
13 277 5000000
13 277 5000000
13 277 5000000
13 277 1007820000
13 277 5000000
13 277 5000000
13 277 5000000
13 277 5000000
13 277 5000000
13 277 1510740000
13 277 5000000
13 277 5000000
13 277 29700000000
13 277 5000000
13 277 5000000
13 277 5000000
13 277 5000000
13 277 5000000
13 277 1007820000
13 277 32384880000
13 277 1259280000
13 277 5000000
13 277 1534500000
13 277 43957980000
13 277 5000000
13 277 5000000
13 277 1136520000
13 277 5000000
13 277 1073160000
13 277 5000000
13 277 5000000
13 277 1534500000
13 277 944460000
13 277 5000000
13 277 5000000
13 277 5000000
13 277 5000000
13 277 5000000
13 277 5000000
13 277 5000000
13 277 5000000
13 277 944460000
13 277 5000000
13 277 920700000
13 277 1136520000
13 277 5000000
13 277 5000000
13 277 1635480000
13 277 920700000
13 277 1136520000
13 277 920700000
13 277 5000000
13 277 5000000
13 277 5000000
13 277 5000000
13 277 5000000
13 277 1227600000
13 277 5000000
13 277 5000000
13 277 5000000
13 277 1382040000
13 277 5000000
13 277 5000000
13 277 1136520000
13 277 1534500000
13 277 5000000
13 277 1136520000
13 277 1534500000
13 277 5000000
13 277 1510740000
13 277 1136520000
13 277 5000000
13 277 1534500000
13 277 1259280000
13 277 5000000
13 277 1007820000
13 277 5000000
13 277 920700000
13 277 1259280000
13 277 5000000
13 277 5000000
13 277 920700000
13 277 5000000
13 277 1007820000
13 277 5000000
13 277 5000000
13 277 1227600000
13 277 5000000
13 277 1259280000
13 277 5000000
13 277 920700000
13 277 1166220000
13 277 5000000
13 277 455400000
13 277 1354320000
13 277 326700000
13 277 920700000
13 277 5000000
13 277 5000000
13 277 5941980000
13 277 5000000
13 277 5000000
13 277 1259280000
13 277 326700000
13 277 687060000
13 277 1510740000
13 277 5000000
13 277 5000000
13 277 5000000
13 277 5000000
13 277 5000000
13 277 5000000
13 277 5000000
13 277 5000000
13 277 5000000
13 277 5000000
13 277 5000000
13 277 1354320000
13 277 30690000000
13 277 5000000
13 277 904860000
13 277 1354320000
13 277 5000000
13 277 5000000
13 277 5000000
13 277 5000000
13 277 5000000
13 277 5000000
13 277 5000000
13 277 920700000
13 277 5000000
13 277 5000000
13 277 5000000
13 277 1534500000
13 277 920700000
13 277 1534500000
13 277 2607660000
13 277 22771980000
13 277 5000000
13 277 5000000
13 277 5000000
13 277 5000000
13 277 5000000
13 277 5000000
13 277 445500000
13 277 5000000
13 277 5000000
13 277 5000000
13 277 1100880000
13 277 803880000
13 277 1534500000
13 277 5000000
13 277 5000000
13 277 5000000
13 277 920700000
13 277 764280000
13 277 1382040000
13 277 5000000
13 277 1100880000
13 277 5000000
13 277 5000000
13 277 1259280000
13 277 5000000
13 277 5000000
13 277 50490000000
13 277 1259280000
13 277 9900000000
13 277 5000000
13 277 1100880000
13 277 1534500000
13 277 5000000
13 277 5000000
13 277 920700000
13 277 5000000
13 277 5000000
13 277 5000000
13 277 1259280000
13 277 5000000
13 277 5000000
13 277 5000000
13 277 5000000
13 277 920700000
13 277 14257980000
13 277 5000000
13 277 5000000
13 277 5000000
13 277 5000000
13 277 1166220000
13 277 1227600000
13 277 5000000
13 277 1136520000
13 277 1259280000
13 277 944460000
13 277 5000000
13 277 1510740000
13 277 1073160000
13 277 920700000
13 277 1534500000
13 277 1259280000
13 277 5000000
13 277 5000000
13 277 5429160000
13 277 5000000
13 277 1534500000
13 277 1534500000
13 277 5000000
13 277 5000000
13 277 524700000
13 277 5000000
13 277 1136520000
13 277 1007820000
13 277 1100880000
13 277 5000000
13 277 1136520000
13 277 5000000
13 277 1259280000
13 277 5000000
13 277 5000000
13 277 1100880000
13 277 5000000
13 277 55441980000
13 277 1259280000
13 277 5000000
13 277 1136520000
13 277 5000000
13 277 1100880000
13 277 1534500000
13 277 920700000
13 277 1510740000
13 277 944460000
13 277 5000000
13 277 5000000
13 277 920700000
13 277 5000000
13 277 5000000
13 277 5000000
13 277 5000000
13 277 1259280000
13 277 5000000
13 277 1421640000
13 277 5000000
13 277 1136520000
13 277 5000000
13 277 5000000
13 277 920700000
13 277 5000000
13 277 5000000
13 277 5000000
13 277 5000000
13 277 5000000
13 277 5000000
13 277 920700000
13 277 1534500000
13 277 1510740000
13 277 5000000
13 277 5000000
13 277 1100880000
13 277 5000000
13 277 1534500000
13 277 944460000
13 277 1136520000
13 277 5000000
13 277 1534500000
13 277 5000000
13 277 1100880000
13 277 1534500000
13 277 1136520000
13 277 5000000
13 277 5000000
13 277 1100880000
13 277 5000000
13 277 5000000
13 277 5000000
13 277 5000000
13 277 35641980000
13 277 5000000
13 277 5000000
13 277 920700000
13 277 29700000000
13 277 5000000
13 277 5000000
13 277 5000000
13 277 5000000
13 277 5000000
13 277 5000000
13 277 5000000
13 277 1421640000
13 277 1354320000
13 277 5000000
13 277 5000000
13 277 5000000
13 277 1382040000
13 277 920700000
13 277 5000000
13 277 944460000
13 277 5000000
13 277 70361280000
13 277 1100880000
13 277 5000000
13 277 1534500000
13 277 5000000
13 277 5000000
13 277 5000000
13 277 5000000
13 277 5000000
13 277 5000000
13 277 1100880000
13 277 5000000
13 277 5000000
13 277 5000000
13 277 5000000
13 277 1073160000
13 277 1100880000
13 277 5000000
13 277 5000000
13 277 5000000
13 277 5000000
13 277 5000000
13 277 920700000
13 277 5000000
13 277 5000000
13 277 1510740000
13 277 5000000
13 277 5000000
13 277 5000000
13 277 5000000
13 277 5000000
13 277 455400000
13 277 1259280000
13 277 5000000
13 277 5000000
13 277 920700000
13 277 5000000
13 277 1136520000
13 277 5000000
13 277 5000000
13 277 5000000
13 277 26137980000
13 277 5000000
13 277 5000000
13 277 5000000
13 277 5000000
13 277 5000000
13 277 5000000
13 277 5000000
13 277 920700000
13 277 920700000
13 277 920700000
13 277 1136520000
13 277 1100880000
13 277 445500000
13 277 5000000
13 277 920700000
13 277 5000000
13 277 5000000
13 277 29700000000
13 277 1259280000
13 277 9900000000
13 277 1136520000
13 277 5000000
13 277 5000000
13 277 5000000
13 277 1136520000
13 277 56431980000
13 277 1534500000
13 277 5000000
13 277 1136520000
13 277 5000000
13 277 1136520000
13 277 5000000
13 277 5000000
13 277 5000000
13 277 5000000
13 277 29700000000
13 277 1007820000
13 277 5000000
13 277 1382040000
13 277 1136520000
13 277 1259280000
13 277 5000000
13 277 944460000
13 277 5000000
13 277 5000000
13 277 5000000
13 277 5000000
13 277 5000000
13 277 5000000
13 277 1007820000
13 277 5000000
13 277 5000000
13 277 920700000
13 277 9900000000
13 277 920700000
13 277 5000000
13 277 1136520000
13 277 582120000
13 277 5000000
13 277 5000000
13 277 1534500000
13 277 5000000
13 277 5000000
13 277 1166220000
13 277 5941980000
13 277 5000000
13 277 5000000
13 277 5000000
13 277 2176020000
13 277 5000000
13 277 5000000
13 277 1534500000
13 277 1136520000
13 277 1136520000
13 277 1259280000
13 277 5000000
13 277 1534500000
13 277 1534500000
13 277 1534500000
13 277 5000000
13 277 1136520000
13 277 5000000
13 277 1166220000
13 277 5000000
13 277 1354320000
13 277 5000000
13 277 1073160000
13 277 5000000
13 277 1136520000
13 277 1136520000
13 277 5000000
13 277 524700000
13 277 5000000
13 277 5000000
13 277 5000000
13 277 5000000
13 277 5000000
13 277 9901980000
13 277 5000000
13 277 5000000
13 277 5000000
13 277 5000000
13 277 1534500000
13 277 5000000
13 277 5000000
13 277 5000000
13 277 5000000
13 277 5000000
13 277 5000000
13 277 1534500000
13 277 9901980000
13 277 5000000
13 277 1007820000
13 277 5000000
13 277 5000000
13 277 5000000
13 277 5000000
13 277 920700000
13 277 5000000
13 277 5000000
13 277 1136520000
13 277 920700000
13 277 5000000
13 277 5000000
13 277 5000000
13 277 5000000
13 277 5000000
13 277 5000000
13 277 1534500000
13 277 1100880000
13 277 5000000
13 277 5000000
13 277 1007820000
13 277 5000000
13 277 5000000
13 277 5000000
13 277 3332340000
13 277 1259280000
13 277 9900000000
13 277 1534500000
13 277 5000000
13 277 5000000
13 277 33661980000
13 277 1382040000
13 277 1510740000
13 277 5000000
13 277 5000000
13 277 5000000
13 277 21780000000
13 277 5000000
13 277 5000000
13 277 5000000
13 277 1534500000
13 277 79200000000
13 277 1136520000
13 277 3290760000
13 277 5000000
13 277 5000000
13 277 1136520000
13 277 5000000
13 277 5000000
13 277 920700000
13 277 5000000
13 277 639540000
13 277 1510740000
13 277 5000000
13 277 12858120000
13 277 5000000
13 277 1136520000
13 277 5000000
13 277 5000000
13 277 45540000000
13 277 5000000
13 277 5000000
13 277 5000000
13 277 5000000
13 277 920700000
13 277 5000000
13 277 5000000
13 277 5000000
13 277 5000000
13 277 1136520000
13 277 1354320000
13 277 5000000
13 277 5000000
13 277 5000000
13 277 1136520000
13 277 5000000
13 277 5000000
13 277 5000000
13 277 5000000
13 277 5000000
13 277 5000000
13 277 1136520000
13 277 5000000
13 277 702900000
13 277 5000000
13 277 803880000
13 277 5000000
13 277 5000000
13 277 1534500000
13 277 5000000
13 277 5000000
13 277 944460000
13 277 5000000
13 277 5000000
13 277 14851980000
13 277 67320000000
13 277 1259280000
13 277 1534500000
13 277 920700000
13 277 5000000
13 277 5000000
13 277 1136520000
13 277 5000000
13 277 5000000
13 277 5000000
13 277 5000000
13 277 1534500000
13 277 5000000
13 277 5000000
13 277 5000000
13 277 5000000
13 277 5000000
13 277 5000000
13 277 5000000
13 277 5000000
13 277 5000000
13 277 5000000
13 277 1136520000
13 277 5000000
13 277 1136520000
13 277 5000000
13 277 5000000
13 277 5000000
13 277 5000000
13 277 1510740000
13 277 5000000
13 277 9901980000
13 277 5000000
13 277 5000000
13 277 1534500000
13 277 1136520000
13 277 5000000
13 277 5000000
13 277 5000000
13 277 5000000
13 277 5000000
13 277 1136520000
13 277 5000000
13 277 50491980000
13 277 94050000000
13 277 5000000
13 277 1382040000
13 277 5000000
13 277 1259280000
13 277 1136520000
13 277 1136520000
13 277 5000000
13 277 1382040000
13 277 920700000
13 277 5000000
13 277 5000000
13 277 5000000
13 277 1100880000
13 277 5000000
13 277 5000000
13 277 5000000
13 277 5000000
13 277 5000000
13 277 1259280000
13 277 5000000
13 277 5000000
13 277 1259280000
13 277 5000000
13 277 1534500000
13 277 5000000
13 277 5000000
13 277 5000000
13 277 5000000
13 277 5000000
13 277 5000000
13 277 5000000
13 277 5000000
13 277 5000000
13 277 5000000
13 277 920700000
13 277 1259280000
13 277 1136520000
13 277 920700000
13 277 5000000
13 277 5000000
13 277 920700000
13 277 5000000
13 277 5000000
13 277 920700000
13 277 5000000
13 277 5000000
13 277 5000000
13 277 1136520000
13 277 5000000
13 277 5000000
13 277 5000000
13 277 5000000
13 277 5000000
13 277 35641980000
13 277 5000000
13 277 5000000
13 277 944460000
13 277 1166220000
13 277 35640000000
13 277 1100880000
13 277 5000000
13 277 5000000
13 277 920700000
13 277 1136520000
13 277 5000000
13 277 21839400000
13 277 1259280000
13 277 5000000
13 277 1673100000
13 277 9900000000
13 277 5000000
13 277 5000000
13 277 5000000
13 277 5000000
13 277 5000000
13 277 5000000
13 277 5000000
13 277 5000000
13 277 5000000
13 277 5000000
13 277 1382040000
13 277 5000000
13 277 1259280000
13 277 5000000
13 277 1534500000
13 277 5000000
13 277 1136520000
13 277 5000000
13 277 5000000
13 277 5000000
13 277 1534500000
13 277 5000000
13 277 5000000
13 277 920700000
13 277 1534500000
13 277 5000000
13 277 1100880000
13 277 5000000
13 277 5000000
13 277 5000000
13 277 5000000
13 277 43560000000
13 277 5000000
13 277 5000000
13 277 5000000
13 277 5000000
13 277 920700000
13 277 5000000
13 277 70363260000
13 277 5000000
13 277 920700000
13 277 1136520000
13 277 1534500000
13 277 944460000
13 277 1136520000
13 277 1227600000
13 277 1510740000
13 277 5000000
13 277 1100880000
13 277 5000000
13 277 39223800000
13 277 5000000
13 277 2221560000
13 277 5000000
13 277 920700000
13 277 1259280000
13 277 5000000
13 277 5000000
13 277 920700000
13 277 5000000
13 277 920700000
13 277 5000000
13 277 5000000
13 277 5000000
13 277 944460000
13 277 1354320000
13 277 5000000
13 277 5000000
13 277 5000000
13 277 5000000
13 277 32670000000
13 277 5000000
13 277 696960000
13 277 1073160000
13 277 1259280000
13 277 47521980000
13 277 1259280000
13 277 5000000
13 277 5000000
13 277 5000000
13 277 5000000
13 277 5000000
13 277 5000000
13 277 5000000
13 277 19801980000
13 277 259380000
13 277 5000000
13 277 1073160000
13 277 19800000000
13 277 5000000
13 277 5000000
13 277 5000000
13 277 5000000
13 277 5000000
13 277 5000000
13 277 1354320000
13 277 5000000
13 277 42570000000
13 277 5000000
13 277 5000000
13 277 1534500000
13 277 5000000
13 277 5000000
13 277 1136520000
13 277 1007820000
13 277 5000000
13 277 5000000
13 277 5000000
13 277 5000000
13 277 5000000
13 277 5000000
13 277 5000000
13 277 5000000
13 277 496980000
13 277 5000000
13 277 920700000
13 277 5000000
13 277 1354320000
13 277 5000000
13 277 5000000
13 277 5000000
13 277 5000000
13 277 5000000
13 277 1259280000
13 277 5000000
13 277 5000000
13 277 5000000
13 277 5000000
13 277 5000000
13 277 5000000
13 277 5000000
13 277 944460000
13 277 1259280000
13 277 920700000
13 277 5000000
13 277 1534500000
13 277 5000000
13 277 5000000
13 277 5000000
13 277 5000000
13 277 1354320000
13 277 1534500000
13 277 43308540000
13 277 5000000
13 277 1534500000
13 277 1354320000
13 277 1534500000
13 277 62827380000
13 277 5000000
13 277 5000000
13 277 5000000
13 277 5000000
13 277 5000000
13 277 5000000
13 277 5000000
13 277 5000000
13 277 5000000
13 277 5000000
13 277 9901980000
13 277 1259280000
13 277 417780000
13 277 5000000
13 277 5000000
13 277 5000000
13 277 920700000
13 277 5000000
13 277 18811980000
13 277 5000000
13 277 5000000
13 277 1136520000
13 277 5000000
13 277 5000000
13 277 5000000
13 277 1073160000
13 277 16830000000
13 277 5000000
13 277 5000000
13 277 5000000
13 277 5000000
13 277 5000000
13 277 1100880000
13 277 1227600000
13 277 1227600000
13 277 1136520000
13 277 328680000
13 277 5000000
13 277 1534500000
13 277 5000000
13 277 1136520000
13 277 5000000
13 277 920700000
13 277 1534500000
13 277 5000000
13 277 5000000
13 277 5000000
13 277 5000000
13 277 5000000
13 277 5000000
13 277 5000000
13 277 1136520000
13 277 1534500000
13 277 1534500000
13 277 5000000
13 277 1136520000
13 277 5000000
13 277 5000000
13 277 944460000
13 277 1510740000
13 277 1534500000
13 277 485100000
13 277 5000000
13 277 52867980000
13 277 1354320000
13 277 5000000
13 277 5000000
13 277 9900000000
13 277 259380000
13 277 9901980000
13 277 5000000
13 277 5000000
13 277 5000000
13 277 5000000
13 277 5000000
13 277 5000000
13 277 5000000
13 277 1100880000
13 277 9900000000
13 277 1136520000
13 277 5000000
13 277 5000000
13 277 27721980000
13 277 5000000
13 277 920700000
13 277 920700000
13 277 1534500000
13 277 5000000
13 277 5000000
13 277 1007820000
13 277 5000000
13 277 5000000
13 277 5000000
13 277 1534500000
13 277 5000000
13 277 5000000
13 277 60593940000
13 277 1534500000
13 277 9900000000
13 277 55441980000
13 277 3478860000
13 277 9900000000
13 277 1534500000
13 277 5000000
13 277 1534500000
13 277 1259280000
13 277 5000000
13 277 5000000
13 277 5000000
13 277 5000000
13 277 1100880000
13 277 5000000
13 277 1136520000
13 277 5000000
13 277 5000000
13 277 5000000
13 277 9900000000
13 277 5000000
13 277 5000000
13 277 5000000
13 277 5000000
13 277 1534500000
13 277 1136520000
13 277 5000000
13 277 5000000
13 277 5000000
13 277 9900000000
13 277 5000000
13 277 5000000
13 277 1534500000
13 277 1259280000
13 277 61381980000
13 277 1382040000
13 277 5000000
13 277 5000000
13 277 944460000
13 277 5000000
13 277 5000000
13 277 1100880000
13 277 944460000
13 277 5000000
13 277 5000000
13 277 5000000
13 277 5000000
13 277 5000000
13 277 1510740000
13 277 5000000
13 277 5000000
13 277 5000000
13 277 920700000
13 277 1259280000
13 277 5000000
13 277 5000000
13 277 5000000
13 277 5000000
13 277 5000000
13 277 1227600000
13 277 920700000
13 277 5000000
13 277 5000000
13 277 5000000
13 277 920700000
13 277 5000000
13 277 1227600000
13 277 29700000000
13 277 5000000
13 277 920700000
13 277 944460000
13 277 5000000
13 277 5000000
13 277 5000000
13 277 5000000
13 277 5000000
13 277 920700000
13 277 5000000
13 277 1259280000
13 277 1354320000
13 277 1534500000
13 277 5000000
13 277 1136520000
13 277 5000000
13 277 5000000
13 277 5000000
13 277 259380000
13 277 5000000
13 277 5000000
13 277 1100880000
13 277 5000000
13 277 1136520000
13 277 5000000
13 277 5000000
13 277 1382040000
13 277 5000000
13 277 5000000
13 277 5000000
13 277 5000000
13 277 5000000
13 277 261360000
13 277 1100880000
13 277 5000000
13 277 5000000
13 277 920700000
13 277 920700000
13 277 1534500000
13 277 5000000
13 277 5000000
13 277 1534500000
13 277 5000000
13 277 5000000
13 277 5000000
13 277 1259280000
13 277 5000000
13 277 5000000
13 277 1100880000
13 277 1534500000
13 277 5000000
13 277 944460000
13 277 5000000
13 277 5000000
13 277 1136520000
13 277 5000000
13 277 821700000
13 277 5000000
13 277 5000000
13 277 1259280000
13 277 5000000
13 277 1534500000
13 277 1136520000
13 277 5000000
13 277 5000000
13 277 5000000
13 277 37241820000
13 277 5000000
13 277 944460000
13 277 1510740000
13 277 920700000
13 277 5000000
13 277 3051180000
13 277 5000000
13 277 5000000
13 277 1534500000
13 277 5000000
13 277 5000000
13 277 920700000
13 277 5000000
13 277 5000000
13 277 1136520000
13 277 1259280000
13 277 5000000
13 277 16889400000
13 277 5000000
13 277 5000000
13 277 920700000
13 277 25740000000
13 277 1534500000
13 277 1227600000
13 277 9900000000
13 277 1227600000
13 277 5000000
13 277 5000000
13 277 1259280000
13 277 5000000
13 277 1510740000
13 277 1136520000
13 277 5000000
13 277 5000000
13 277 5000000
13 277 5000000
13 277 1007820000
13 277 1534500000
13 277 5000000
13 277 5000000
13 277 5000000
13 277 1259280000
13 277 5000000
13 277 920700000
13 277 5000000
13 277 952380000
13 277 5000000
13 277 1227600000
13 277 710820000
13 277 5000000
13 277 1073160000
13 277 5000000
13 277 5000000
13 277 5000000
13 277 5000000
13 277 5000000
13 277 5000000
13 277 5000000
13 277 5000000
13 277 5000000
13 277 5000000
13 277 1136520000
13 277 5000000
13 277 920700000
13 277 5000000
13 277 5000000
13 277 1136520000
13 277 1259280000
13 277 1100880000
13 277 5000000
13 277 5000000
13 277 5000000
13 277 5000000
13 277 5000000
13 277 920700000
13 277 1136520000
13 277 1534500000
13 277 5000000
13 277 1534500000
13 277 1136520000
13 277 5000000
13 277 5000000
13 277 5000000
13 277 5000000
13 277 5000000
13 277 5000000
13 277 53461980000
13 277 1136520000
13 277 920700000
13 277 9901980000
13 277 5000000
13 277 5000000
13 277 5000000
13 277 920700000
13 277 827640000
13 277 5000000
13 277 5000000
13 277 685080000
13 277 5000000
13 277 5000000
13 277 5000000
13 277 1136520000
13 277 5000000
13 277 920700000
13 277 1534500000
13 277 5000000
13 277 11287980000
13 277 1534500000
13 277 613800000
13 277 5000000
13 277 1510740000
13 277 5000000
13 277 5000000
13 277 1166220000
13 277 5000000
13 277 41581980000
13 277 1100880000
13 277 1100880000
13 277 920700000
13 277 1259280000
13 277 5000000
13 277 5000000
13 277 5000000
13 277 1534500000
13 277 5000000
13 277 5000000
13 277 1259280000
13 277 524700000
13 277 5000000
13 277 920700000
13 277 5000000
13 277 60595920000
13 277 1100880000
13 277 5000000
13 277 1100880000
13 277 5427180000
13 277 30691980000
13 277 920700000
13 277 5000000
13 277 2174040000
13 277 32060160000
13 277 1259280000
13 277 1166220000
13 277 1534500000
13 277 5000000
13 277 5000000
13 277 5000000
13 277 5000000
13 277 5000000
13 277 5000000
13 277 5000000
13 277 1136520000
13 277 43308540000
13 277 5000000
13 277 5000000
13 277 5000000
13 277 1227600000
13 277 26137980000
13 277 1136520000
13 277 5000000
13 277 5000000
13 277 1382040000
13 277 1534500000
13 277 5000000
13 277 5000000
13 277 1534500000
13 277 5000000
13 277 1073160000
13 277 1136520000
13 277 1534500000
13 277 5000000
13 277 1534500000
13 277 687060000
13 277 1136520000
13 277 5000000
13 277 5000000
13 277 1354320000
13 277 627660000
13 277 5000000
13 277 5000000
13 277 5000000
13 277 920700000
13 277 1073160000
13 277 5000000
13 277 1259280000
13 277 5000000
13 277 1259280000
13 277 5000000
13 277 81249300000
13 277 5000000
13 277 1259280000
13 277 5000000
13 277 920700000
13 277 5000000
13 277 5000000
13 277 5000000
13 277 1259280000
13 277 5000000
13 277 5000000
13 277 5000000
13 277 5000000
13 277 920700000
13 277 5000000
13 277 5000000
13 277 920700000
13 277 1259280000
13 277 18518940000
13 277 5000000
13 277 5000000
13 277 5000000
13 277 5000000
13 277 26173620000
13 277 5000000
13 277 1425600000
13 277 5000000
13 277 5000000
13 277 5000000
13 277 516780000
13 277 5000000
13 277 1534500000
13 277 5000000
13 277 1259280000
13 277 9900000000
13 277 1136520000
13 277 5000000
13 277 5000000
13 277 5000000
13 277 5000000
13 277 5000000
13 277 5000000
13 277 5000000
13 277 920700000
13 277 5000000
13 277 5000000
13 277 9900000000
13 277 5000000
13 277 1354320000
13 277 5000000
13 277 5000000
13 277 5000000
13 277 1382040000
13 277 5000000
13 277 1136520000
13 277 5000000
13 277 5000000
13 277 5000000
13 277 5000000
13 277 5000000
13 277 5000000
13 277 1534500000
13 277 1100880000
13 277 5000000
13 277 5000000
13 277 5000000
13 277 5000000
13 277 5000000
13 277 5000000
13 277 5000000
13 277 5000000
13 277 1136520000
13 277 64350000000
13 277 5000000
13 277 1259280000
13 277 5000000
13 277 5000000
13 277 1259280000
13 277 5000000
13 277 1259280000
13 277 1136520000
13 277 5000000
13 277 1259280000
13 277 5000000
13 277 5000000
13 277 1534500000
13 277 1534500000
13 277 1100880000
13 277 5000000
13 277 1752300000
13 277 5000000
13 277 920700000
13 277 5000000
13 277 5000000
13 277 5000000
13 277 5000000
13 277 1259280000
13 277 5000000
13 277 5000000
13 277 5000000
13 277 5000000
13 277 405900000
13 277 5000000
13 277 1354320000
13 277 1534500000
13 277 5000000
13 277 5000000
13 277 5000000
13 277 5000000
13 277 5000000
13 277 5000000
13 277 5000000
13 277 5000000
13 277 518760000
13 277 2051280000
13 277 1136520000
13 277 5000000
13 277 5000000
13 277 47480400000
13 277 5000000
13 277 5000000
13 277 944460000
13 277 920700000
13 277 5000000
13 277 1382040000
13 277 1510740000
13 277 415800000
13 277 1007820000
13 277 2496780000
13 277 5000000
13 277 1259280000
13 277 5000000
13 277 1100880000
13 277 5000000
13 277 5000000
13 277 9900000000
13 277 29700000000
13 277 5000000
13 277 1259280000
13 277 944460000
13 277 5000000
13 277 5000000
13 277 5000000
13 277 5000000
13 277 5000000
13 277 5000000
13 277 42769980000
13 277 5000000
13 277 5000000
13 277 920700000
13 277 1136520000
13 277 5000000
13 277 5000000
13 277 5000000
13 277 5000000
13 277 5000000
13 277 5000000
13 277 5000000
13 277 5000000
13 277 5000000
13 277 84150000000
13 277 1259280000
13 277 1259280000
13 277 1073160000
13 277 1166220000
13 277 5000000
13 277 21781980000
13 277 21934440000
13 277 5000000
13 277 944460000
13 277 5000000
13 277 1100880000
13 277 5000000
13 277 5000000
13 277 5000000
13 277 5000000
13 277 944460000
13 277 5000000
13 277 5000000
13 277 5000000
13 277 1534500000
13 277 5000000
13 277 944460000
13 277 1259280000
13 277 5000000
13 277 5000000
13 277 5000000
13 277 1100880000
13 277 920700000
13 277 5000000
13 277 920700000
13 277 1510740000
13 277 5000000
13 277 5000000
13 277 1136520000
13 277 5000000
13 277 1007820000
13 277 5000000
13 277 746460000
13 277 1227600000
13 277 43957980000
13 277 5000000
13 277 1227600000
13 277 5000000
13 277 1382040000
13 277 5000000
13 277 5000000
13 277 5000000
13 277 5000000
13 277 5000000
13 277 5429160000
13 277 5000000
13 277 1259280000
13 277 22573980000
13 277 1259280000
13 277 1259280000
13 277 259380000
13 277 5000000
13 277 5000000
13 277 5000000
13 277 5000000
13 277 5000000
13 277 5000000
13 277 5000000
13 277 5000000
13 277 5000000
13 277 5000000
13 277 944460000
13 277 1259280000
13 277 5000000
13 277 5000000
13 277 5000000
13 277 5000000
13 277 5000000
13 277 5000000
13 277 5000000
13 277 5000000
13 277 68310000000
13 277 5000000
13 277 5000000
13 277 1100880000
13 277 5000000
13 277 1534500000
13 277 1136520000
13 277 5000000
13 277 1259280000
13 277 5000000
13 277 5000000
13 277 5000000
13 277 5000000
13 277 5000000
13 277 920700000
13 277 1073160000
13 277 5000000
13 277 920700000
13 277 5000000
13 277 41581980000
13 277 5000000
13 277 1510740000
13 277 5000000
13 277 1259280000
13 277 1073160000
13 277 5000000
13 277 1100880000
13 277 30690000000
13 277 5000000
13 277 5000000
13 277 5000000
13 277 5000000
13 277 5000000
13 277 944460000
13 277 1259280000
13 277 5000000
13 277 5000000
13 277 5000000
13 277 1227600000
13 277 1534500000
13 277 5000000
13 277 5000000
13 277 5000000
13 277 5000000
13 277 5000000
13 277 5000000
13 277 1354320000
13 277 5000000
13 277 5000000
13 277 1510740000
13 277 35047980000
13 277 5000000
13 277 5000000
13 277 1259280000
13 277 5000000
13 277 5000000
13 277 1534500000
13 277 5000000
13 277 5000000
13 277 94050000000
13 277 1259280000
13 277 5000000
13 277 920700000
13 277 920700000
13 277 5000000
13 277 5000000
13 277 1007820000
13 277 47521980000
13 277 5000000
13 277 5000000
13 277 920700000
13 277 5000000
13 277 1534500000
13 277 5000000
13 277 5000000
13 277 1136520000
13 277 5000000
13 277 5000000
13 277 5000000
13 277 1136520000
13 277 5000000
13 277 920700000
13 277 5000000
13 277 1136520000
13 277 1100880000
13 277 944460000
13 277 920700000
13 277 5000000
13 277 920700000
13 277 5000000
13 277 5000000
13 277 920700000
13 277 1136520000
13 277 33660000000
13 277 5000000
13 277 1534500000
13 277 5000000
13 277 5000000
13 277 5000000
13 277 5000000
13 277 5000000
13 277 920700000
13 277 5000000
13 277 1136520000
13 277 944460000
13 277 5000000
13 277 1136520000
13 277 5000000
13 277 1259280000
13 277 5000000
13 277 5000000
13 277 5000000
13 277 1007820000
13 277 5000000
13 277 5000000
13 277 1534500000
13 277 944460000
13 277 920700000
13 277 5000000
13 277 5000000
13 277 5000000
13 277 29700000000
13 277 5000000
13 277 944460000
13 277 5000000
13 277 1534500000
13 277 1534500000
13 277 5000000
13 277 1136520000
13 277 5000000
13 277 1263240000
13 277 5000000
13 277 5000000
13 277 5000000
13 277 5000000
13 277 9900000000
13 277 5000000
13 277 5000000
13 277 5000000
13 277 27720000000
13 277 5000000
13 277 790020000
13 277 5000000
13 277 5000000
13 277 1534500000
13 277 441540000
13 277 5000000
13 277 5000000
13 277 5000000
13 277 5000000
13 277 5000000
13 277 1534500000
13 277 5940000000
13 277 5000000
13 277 5000000
13 277 1259280000
13 277 5000000
13 277 5000000
13 277 5000000
13 277 1136520000
13 277 1136520000
13 277 5000000
13 277 5000000
13 277 5000000
13 277 1534500000
13 277 5000000
13 277 944460000
13 277 5000000
13 277 5000000
13 277 1136520000
13 277 5000000
13 277 1534500000
13 277 5000000
13 277 1534500000
13 277 36631980000
13 277 10693980000
13 277 5000000
13 277 5000000
13 277 5000000
13 277 5000000
13 277 5971680000
13 277 5000000
13 277 920700000
13 277 1259280000
13 277 5000000
13 277 5000000
13 277 13315500000
13 277 944460000
13 277 920700000
13 277 1534500000
13 277 5000000
13 277 5000000
13 277 5000000
13 277 5000000
13 277 1136520000
13 277 920700000
13 277 5000000
13 277 1510740000
13 277 5000000
13 277 35640000000
13 277 5000000
13 277 5000000
13 277 1136520000
13 277 1100880000
13 277 328680000
13 277 5000000
13 277 1100880000
13 277 5000000
13 277 5000000
13 277 5000000
13 277 5000000
13 277 5000000
13 277 5000000
13 277 5000000
13 277 1136520000
13 277 5000000
13 277 34651980000
13 277 5000000
13 277 5000000
13 277 36544860000
13 277 5000000
13 277 1136520000
13 277 5000000
13 277 5000000
13 277 5000000
13 277 5000000
13 277 5000000
13 277 5000000
13 277 5000000
13 277 9901980000
13 277 5000000
13 277 1136520000
13 277 1534500000
13 277 1534500000
13 277 5000000
13 277 5000000
13 277 5000000
13 277 5000000
13 277 5000000
13 277 1100880000
13 277 5000000
13 277 5000000
13 277 5000000
13 277 1259280000
13 277 5000000
13 277 483120000
13 277 5000000
13 277 1534500000
13 277 1534500000
13 277 1007820000
13 277 5000000
13 277 5000000
13 277 5000000
13 277 5000000
13 277 1510740000
13 277 5000000
13 277 1534500000
13 277 9900000000
13 277 5000000
13 277 5000000
13 277 5000000
13 277 5000000
13 277 1100880000
13 277 5000000
13 277 920700000
13 277 9901980000
13 277 3478860000
13 277 944460000
13 277 920700000
13 277 5000000
13 277 920700000
13 277 5000000
13 277 5000000
13 277 5000000
13 277 1896840000
13 277 5000000
13 277 5000000
13 277 1534500000
13 277 5000000
13 277 1136520000
13 277 5000000
13 277 5000000
13 277 5000000
13 277 5000000
13 277 40590000000
13 277 5000000
13 277 5000000
13 277 920700000
13 277 5000000
13 277 5000000
13 277 5000000
13 277 5000000
13 277 61381980000
13 277 5000000
13 277 5000000
13 277 5000000
13 277 445500000
13 277 5000000
13 277 5000000
13 277 920700000
13 277 5000000
13 277 5000000
13 277 1259280000
13 277 5000000
13 277 920700000
13 277 5000000
13 277 1259280000
13 277 1510740000
13 277 1136520000
13 277 5000000
13 277 5000000
13 277 5000000
13 277 1136520000
13 277 5000000
13 277 5000000
13 277 1259280000
13 277 1259280000
13 277 1136520000
13 277 13861980000
13 277 1259280000
13 277 5000000
13 277 7219080000
13 277 1382040000
13 277 5000000
13 277 920700000
13 277 5000000
13 277 1382040000
13 277 920700000
13 277 5000000
13 277 5000000
13 277 5000000
13 277 1259280000
13 277 5000000
13 277 5000000
13 277 5000000
13 277 5000000
13 277 944460000
13 277 920700000
13 277 5000000
13 277 2049300000
13 277 5000000
13 277 1354320000
13 277 27157680000
13 277 1259280000
13 277 1136520000
13 277 1007820000
13 277 9900000000
13 277 1354320000
13 277 15562800000
13 277 5000000
13 277 5000000
13 277 5000000
13 277 5000000
13 277 5000000
13 277 5000000
13 277 5000000
13 277 11020680000
13 277 5000000
13 277 5000000
13 277 1227600000
13 277 1259280000
13 277 5000000
13 277 5000000
13 277 1354320000
13 277 944460000
13 277 5000000
13 277 1510740000
13 277 1534500000
13 277 5000000
13 277 61381980000
13 277 5000000
13 277 920700000
13 277 5000000
13 277 5000000
13 277 5000000
13 277 1100880000
13 277 5000000
13 277 5000000
13 277 5000000
13 277 5000000
13 277 5000000
13 277 1534500000
13 277 5000000
13 277 5000000
13 277 1259280000
13 277 920700000
13 277 5000000
13 277 5000000
13 277 5000000
13 277 1136520000
13 277 5000000
13 277 1259280000
13 277 564300000
13 277 920700000
13 277 1259280000
13 277 5000000
13 277 5000000
13 277 5000000
13 277 5000000
13 277 5000000
13 277 5000000
13 277 5000000
13 277 5000000
13 277 5000000
13 277 5000000
13 277 1227600000
13 277 5000000
13 277 43748100000
13 277 5000000
13 277 5000000
13 277 5000000
13 277 43957980000
13 277 9901980000
13 277 920700000
13 277 50491980000
13 277 1534500000
13 277 5000000
13 277 5000000
13 277 5000000
13 277 5000000
13 277 5000000
13 277 5427180000
13 277 5000000
13 277 1259280000
13 277 920700000
13 277 5000000
13 277 5000000
13 277 1100880000
13 277 5000000
13 277 920700000
13 277 5000000
13 277 1534500000
13 277 1136520000
13 277 56430000000
13 277 1259280000
13 277 53461980000
13 277 5000000
13 277 5000000
13 277 5000000
13 277 5000000
13 277 5000000
13 277 5000000
13 277 5000000
13 277 9900000000
13 277 43560000000
13 277 5000000
13 277 5000000
13 277 5000000
13 277 5000000
13 277 5000000
13 277 5000000
13 277 1382040000
13 277 1007820000
13 277 5000000
13 277 944460000
13 277 5000000
13 277 5000000
13 277 5000000
13 277 9900000000
13 277 1227600000
13 277 5000000
13 277 5000000
13 277 1534500000
13 277 920700000
13 277 5000000
13 277 5000000
13 277 920700000
13 277 681120000
13 277 5000000
13 277 5000000
13 277 1249380000
13 277 5000000
13 277 5000000
13 277 59407920000
13 277 1007820000
13 277 5000000
13 277 5000000
13 277 5000000
13 277 5000000
13 277 5000000
13 277 5000000
13 277 5000000
13 277 5000000
13 277 5000000
13 277 5000000
13 277 1259280000
13 277 5000000
13 277 1534500000
13 277 910800000
13 277 920700000
13 277 55186560000
13 277 5000000
13 277 1534500000
13 277 5000000
13 277 5000000
13 277 5000000
13 277 944460000
13 277 5000000
13 277 5000000
13 277 5000000
13 277 5000000
13 277 5000000
13 277 1259280000
13 277 5000000
13 277 5000000
13 277 5000000
13 277 920700000
13 277 5000000
13 277 5000000
13 277 5000000
13 277 1534500000
13 277 5000000
13 277 1534500000
13 277 5000000
13 277 5000000
13 277 5000000
13 277 1259280000
13 277 5000000
13 277 5000000
13 277 1510740000
13 277 5000000
13 277 1227600000
13 277 5000000
13 277 5000000
13 277 5000000
13 277 5000000
13 277 5000000
13 277 1534500000
13 277 5000000
13 277 5000000
13 277 5000000
13 277 1259280000
13 277 5000000
13 277 5000000
13 277 5000000
13 277 1136520000
13 277 5000000
13 277 5000000
13 277 5000000
13 277 5000000
13 277 5000000
13 277 5000000
13 277 5000000
13 277 5000000
13 277 1136520000
13 277 45145980000
13 277 261360000
13 277 1227600000
13 277 18810000000
13 277 5000000
13 277 1510740000
13 277 1259280000
13 277 1136520000
13 277 68310000000
13 277 5000000
13 277 920700000
13 277 920700000
13 277 4714380000
13 277 35640000000
13 277 694980000
13 277 5000000
13 277 5000000
13 277 5000000
13 277 5000000
13 277 1534500000
13 277 5000000
13 277 5000000
13 277 5000000
13 277 1534500000
13 277 5000000
13 277 5000000
13 277 5000000
13 277 5000000
13 277 5000000
13 277 5000000
13 277 5000000
13 277 5000000
13 277 5000000
13 277 5000000
13 277 5000000
13 277 5000000
13 277 1534500000
13 277 1354320000
13 277 1100880000
13 277 5000000
13 277 5000000
13 277 5000000
13 277 5000000
13 277 5000000
13 277 5000000
13 277 1100880000
13 277 5000000
13 277 920700000
13 277 821700000
13 277 29700000000
13 277 5000000
13 277 5000000
13 277 5000000
13 277 5000000
13 277 5000000
13 277 5000000
13 277 1100880000
13 277 10658340000
13 277 5000000
13 277 5000000
13 277 5000000
13 277 5000000
13 277 5000000
13 277 5000000
13 277 5000000
13 277 5000000
13 277 5000000
13 277 1136520000
13 277 1136520000
13 277 920700000
13 277 34097580000
13 277 1007820000
13 277 5000000
13 277 5000000
13 277 1136520000
13 277 1354320000
13 277 5000000
13 277 1136520000
13 277 5000000
13 277 5000000
13 277 5000000
13 277 9900000000
13 277 2865060000
13 277 5000000
13 277 1354320000
13 277 5000000
13 277 1251360000
13 277 1100880000
13 277 447480000
13 277 5000000
13 277 5000000
13 277 5000000
13 277 5000000
13 277 1259280000
13 277 1354320000
13 277 1510740000
13 277 5000000
13 277 5000000
13 277 1259280000
13 277 5000000
13 277 5000000
13 277 5000000
13 277 5000000
13 277 5000000
13 277 1534500000
13 277 1417680000
13 277 5000000
13 277 5000000
13 277 920700000
13 277 5000000
13 277 1136520000
13 277 5000000
13 277 5000000
13 277 5000000
13 277 5000000
13 277 5000000
13 277 920700000
13 277 5000000
13 277 1136520000
13 277 5000000
13 277 5000000
13 277 5000000
13 277 1136520000
13 277 5000000
13 277 920700000
13 277 5000000
13 277 5000000
13 277 5000000
13 277 5000000
13 277 1510740000
13 277 5000000
13 277 1259280000
13 277 26171640000
13 277 1136520000
13 277 5000000
13 277 1259280000
13 277 5000000
13 277 5000000
13 277 5000000
13 277 1259280000
13 277 5000000
13 277 1259280000
13 277 5000000
13 277 1259280000
13 277 5000000
13 277 5000000
13 277 5000000
13 277 5000000
13 277 5000000
13 277 5000000
13 277 1354320000
13 277 5000000
13 277 5000000
13 277 5000000
13 277 24750000000
13 277 1136520000
13 277 5000000
13 277 1007820000
13 277 1166220000
13 277 5000000
13 277 920700000
13 277 5000000
13 277 1259280000
13 277 5000000
13 277 5000000
13 277 5000000
13 277 5000000
13 277 5000000
13 277 8228880000
13 277 1227600000
13 277 5000000
13 277 5000000
13 277 944460000
13 277 944460000
13 277 5000000
13 277 16830000000
13 277 1354320000
13 277 1510740000
13 277 5000000
13 277 9900000000
13 277 5000000
13 277 5000000
13 277 1382040000
13 277 5000000
13 277 5000000
13 277 5000000
13 277 5000000
13 277 920700000
13 277 1510740000
13 277 5000000
13 277 5000000
13 277 5000000
13 277 1534500000
13 277 1100880000
13 277 1100880000
13 277 1100880000
13 277 1136520000
13 277 5000000
13 277 5000000
13 277 417780000
13 277 5000000
13 277 5000000
13 277 5000000
13 277 5000000
13 277 5000000
13 277 970200000
13 277 1259280000
13 277 1382040000
13 277 5000000
13 277 944460000
13 277 5000000
13 277 5000000
13 277 5000000
13 277 5000000
13 277 5000000
13 277 5000000
13 277 1382040000
13 277 1073160000
13 277 5000000
13 277 18811980000
13 277 5000000
13 277 1354320000
13 277 5000000
13 277 5000000
13 277 5000000
13 277 5000000
13 277 5000000
13 277 1166220000
13 277 1073160000
13 277 5000000
13 277 1136520000
13 277 5000000
13 277 1259280000
13 277 1259280000
13 277 5000000
13 277 944460000
13 277 5000000
13 277 5000000
13 277 1534500000
13 277 1007820000
13 277 1130580000
13 277 603900000
13 277 920700000
13 277 5000000
13 277 259380000
13 277 5000000
13 277 1382040000
13 277 257400000
13 277 1534500000
13 277 5000000
13 277 5000000
13 277 1259280000
13 277 1354320000
13 277 1136520000
13 277 5000000
13 277 5000000
13 277 617760000
13 277 5000000
13 277 5000000
13 277 1136520000
13 277 1100880000
13 277 5000000
13 277 5000000
13 277 5000000
13 277 5000000
13 277 5000000
13 277 5000000
13 277 1534500000
13 277 1259280000
13 277 9900000000
13 277 920700000
13 277 920700000
13 277 5000000
13 277 1007820000
13 277 5000000
13 277 1534500000
13 277 5000000
13 277 5000000
13 277 5000000
13 277 1073160000
13 277 1534500000
13 277 920700000
13 277 9900000000
13 277 5000000
13 277 1259280000
13 277 1510740000
13 277 5000000
13 277 920700000
13 277 13860000000
13 277 5000000
13 277 5000000
13 277 5000000
13 277 5000000
13 277 1259280000
13 277 5000000
13 277 1259280000
13 277 5000000
13 277 1534500000
13 277 1259280000
13 277 5000000
13 277 5000000
13 277 5000000
13 277 5000000
13 277 1534500000
13 277 1534500000
13 277 5000000
13 277 5000000
13 277 5000000
13 277 9901980000
13 277 1259280000
13 277 1136520000
13 277 5000000
13 277 1534500000
13 277 920700000
13 277 5000000
13 277 5000000
13 277 1007820000
13 277 920700000
13 277 1534500000
13 277 5000000
13 277 920700000
13 277 944460000
13 277 920700000
13 277 5000000
13 277 1259280000
13 277 5000000
13 277 5000000
13 277 29700000000
13 277 5000000
13 277 1259280000
13 277 920700000
13 277 1534500000
13 277 5000000
13 277 5000000
13 277 5000000
13 277 5000000
13 277 5000000
13 277 5000000
13 277 5000000
13 277 5000000
13 277 5000000
13 277 5000000
13 277 5000000
13 277 5000000
13 277 1259280000
13 277 5000000
13 277 920700000
13 277 5000000
13 277 5000000
13 277 1100880000
13 277 5000000
13 277 1007820000
13 277 5000000
13 277 920700000
13 277 5000000
13 277 5000000
13 277 5941980000
13 277 1534500000
13 277 944460000
13 277 5000000
13 277 5000000
13 277 5000000
13 277 5000000
13 277 5000000
13 277 5000000
13 277 944460000
13 277 9900000000
13 277 5000000
13 277 5000000
13 277 5000000
13 277 5000000
13 277 5000000
13 277 5000000
13 277 5000000
13 277 1259280000
13 277 5000000
13 277 1259280000
13 277 5000000
13 277 1136520000
13 277 5000000
13 277 1227600000
13 277 944460000
13 277 1259280000
13 277 5000000
13 277 5000000
13 277 5000000
13 277 5000000
13 277 5000000
13 277 5000000
13 277 5000000
13 277 5000000
13 277 5000000
13 277 920700000
13 277 5000000
13 277 1100880000
13 277 5000000
13 277 5000000
13 277 1259280000
13 277 5000000
13 277 5000000
13 277 5000000
13 277 5000000
13 277 5000000
13 277 5000000
13 277 1100880000
13 277 1259280000
13 277 1259280000
13 277 5000000
13 277 5000000
13 277 1259280000
13 277 35640000000
13 277 5000000
13 277 1136520000
13 277 5000000
13 277 1354320000
13 277 5000000
13 277 5000000
13 277 5000000
13 277 5000000
13 277 5000000
13 277 5000000
13 277 522720000
13 277 5000000
13 277 5000000
13 277 5000000
13 277 1136520000
13 277 5000000
13 277 920700000
13 277 5000000
13 277 5000000
13 277 920700000
13 277 5000000
13 277 5000000
13 277 5000000
13 277 5000000
13 277 5000000
13 277 35641980000
13 277 5000000
13 277 44551980000
13 277 5000000
13 277 5000000
13 277 5000000
13 277 5000000
13 277 5000000
13 277 5000000
13 277 5000000
13 277 5000000
13 277 5000000
13 277 5000000
13 277 1073160000
13 277 1382040000
13 277 1354320000
13 277 41581980000
13 277 5000000
13 277 54055980000
13 277 279180000
13 277 1382040000
13 277 29700000000
13 277 5000000
13 277 5000000
13 277 5000000
13 277 5000000
13 277 5000000
13 277 5000000
13 277 5000000
13 277 5000000
13 277 1259280000
13 277 5000000
13 277 5000000
13 277 5000000
13 277 1100880000
13 277 5000000
13 277 1259280000
13 277 38610000000
13 277 5000000
13 277 1382040000
13 277 1136520000
13 277 62979840000
13 277 15840000000
13 277 1534500000
13 277 5000000
13 277 5000000
13 277 5000000
13 277 5000000
13 277 5000000
13 277 1534500000
13 277 5000000
13 277 5000000
13 277 5000000
13 277 1382040000
13 277 5000000
13 277 1259280000
13 277 12826440000
13 277 5000000
13 277 944460000
13 277 5000000
13 277 5000000
13 277 623700000
13 277 5000000
13 277 5000000
13 277 920700000
13 277 1259280000
13 277 5000000
13 277 5000000
13 277 5000000
13 277 29700000000
13 277 920700000
13 277 920700000
13 277 1136520000
13 277 1166220000
13 277 5000000
13 277 5000000
13 277 5000000
13 277 5000000
13 277 1896840000
13 277 5000000
13 277 5000000
13 277 1227600000
13 277 5000000
13 277 5000000
13 277 5000000
13 277 5000000
13 277 5000000
13 277 1136520000
13 277 5000000
13 277 5000000
13 277 5000000
13 277 5000000
13 277 1259280000
13 277 5000000
13 277 5000000
13 277 1136520000
13 277 1259280000
13 277 5000000
13 277 5000000
13 277 5000000
13 277 5000000
13 277 1118700000
13 277 5000000
13 277 5000000
13 277 1136520000
13 277 5000000
13 277 1259280000
13 277 1136520000
13 277 5000000
13 277 1007820000
13 277 5000000
13 277 5000000
13 277 5000000
13 277 5000000
13 277 5000000
13 277 1259280000
13 277 1007820000
13 277 5000000
13 277 944460000
13 277 5000000
13 277 1259280000
13 277 5000000
13 277 261360000
13 277 5000000
13 277 5000000
13 277 5000000
13 277 5000000
13 277 19800000000
13 277 5000000
13 277 5000000
13 277 1382040000
13 277 1259280000
13 277 1100880000
13 277 5000000
13 277 5000000
13 277 1382040000
13 277 1136520000
13 277 491040000
13 277 5000000
13 277 1166220000
13 277 5000000
13 277 5000000
13 277 5000000
13 277 5000000
13 277 5000000
13 277 5000000
13 277 53460000000
13 277 5000000
13 277 7947720000
13 277 5000000
13 277 5000000
13 277 5000000
13 277 1382040000
13 277 944460000
13 277 5000000
13 277 5000000
13 277 920700000
13 277 5000000
13 277 1136520000
13 277 5000000
13 277 5000000
13 277 5000000
13 277 5000000
13 277 5000000
13 277 5000000
13 277 5000000
13 277 64350000000
13 277 9901980000
13 277 5000000
13 277 5000000
13 277 5000000
13 277 1510740000
13 277 5000000
13 277 5000000
13 277 5000000
13 277 5000000
13 277 1136520000
13 277 5000000
13 277 1534500000
13 277 5000000
13 277 5000000
13 277 5000000
13 277 3051180000
13 277 5000000
13 277 1166220000
13 277 5000000
13 277 1100880000
13 277 5000000
13 277 920700000
13 277 5000000
13 277 5000000
13 277 5000000
13 277 1166220000
13 277 9900000000
13 277 1534500000
13 277 1136520000
13 277 5000000
13 277 5000000
13 277 920700000
13 277 920700000
13 277 5000000
13 277 5000000
13 277 5000000
13 277 1534500000
13 277 1136520000
13 277 944460000
13 277 5000000
13 277 5000000
13 277 5000000
13 277 1534500000
13 277 1534500000
13 277 9900000000
13 277 7549740000
13 277 5000000
13 277 14850000000
13 277 5000000
13 277 5000000
13 277 41581980000
13 277 5000000
13 277 5000000
13 277 5000000
13 277 5000000
13 277 5000000
13 277 5000000
13 277 1136520000
13 277 9900000000
13 277 1382040000
13 277 5000000
13 277 1136520000
13 277 5000000
13 277 5000000
13 277 5000000
13 277 5000000
13 277 1259280000
13 277 5000000
13 277 9900000000
13 277 5000000
13 277 29700000000
13 277 5000000
13 277 5000000
13 277 5000000
13 277 5000000
13 277 944460000
13 277 1534500000
13 277 944460000
13 277 5000000
13 277 5000000
13 277 1534500000
13 277 1136520000
13 277 1136520000
13 277 920700000
13 277 5000000
13 277 1259280000
13 277 920700000
13 277 1580040000
13 277 5000000
13 277 5000000
13 277 5000000
13 277 524700000
13 277 1534500000
13 277 1259280000
13 277 562320000
13 277 5000000
13 277 920700000
13 277 5000000
13 277 5000000
13 277 5000000
13 277 5000000
13 277 1534500000
13 277 5000000
13 277 655380000
13 277 5000000
13 277 5000000
13 277 5000000
13 277 5000000
13 277 60009840000
13 277 5000000
13 277 1766160000
13 277 1166220000
13 277 5000000
13 277 5000000
13 277 944460000
13 277 1534500000
13 277 5000000
13 277 5000000
13 277 1007820000
13 277 5000000
13 277 5000000
13 277 1259280000
13 277 1534500000
13 277 5000000
13 277 5000000
13 277 5000000
13 277 5000000
13 277 5000000
13 277 5000000
13 277 5000000
13 277 1136520000
13 277 5000000
13 277 1417680000
13 277 1100880000
13 277 5000000
13 277 1227600000
13 277 5000000
13 277 5000000
13 277 5000000
13 277 546480000
13 277 5000000
13 277 5000000
13 277 1382040000
13 277 5000000
13 277 1136520000
13 277 5000000
13 277 5000000
13 277 5000000
13 277 1534500000
13 277 5000000
13 277 5000000
13 277 5000000
13 277 5000000
13 277 5000000
13 277 5000000
13 277 5000000
13 277 5000000
13 277 5000000
13 277 1354320000
13 277 5000000
13 277 5000000
13 277 21855240000
13 277 5000000
13 277 1136520000
13 277 1100880000
13 277 1534500000
13 277 5000000
13 277 1136520000
13 277 1259280000
13 277 5000000
13 277 5000000
13 277 1534500000
13 277 1259280000
13 277 5000000
13 277 5000000
13 277 5000000
13 277 5000000
13 277 5000000
13 277 944460000
13 277 1057320000
13 277 5000000
13 277 5000000
13 277 920700000
13 277 920700000
13 277 5000000
13 277 920700000
13 277 5000000
13 277 5000000
13 277 1136520000
13 277 5000000
13 277 5000000
13 277 1534500000
13 277 5000000
13 277 5000000
13 277 5000000
13 277 5000000
13 277 5000000
13 277 5000000
13 277 5000000
13 277 1382040000
13 277 5000000
13 277 5000000
13 277 5000000
13 277 920700000
13 277 5000000
13 277 1007820000
13 277 1166220000
13 277 920700000
13 277 1259280000
13 277 1136520000
13 277 1259280000
13 277 5000000
13 277 5000000
13 277 944460000
13 277 944460000
13 277 5000000
13 277 1136520000
13 277 5000000
13 277 5000000
13 277 5000000
13 277 1100880000
13 277 920700000
13 277 5000000
13 277 1136520000
13 277 5000000
13 277 5000000
13 277 5000000
13 277 5000000
13 277 5000000
13 277 5000000
13 277 5000000
13 277 5000000
13 277 5000000
13 277 5000000
13 277 5940000000
13 277 23126400000
13 277 5000000
13 277 5000000
13 277 1259280000
13 277 5000000
13 277 5000000
13 277 5000000
13 277 5000000
13 277 5000000
13 277 944460000
13 277 5000000
13 277 5000000
13 277 5000000
13 277 5000000
13 277 5000000
13 277 5000000
13 277 5000000
13 277 5000000
13 277 5000000
13 277 5000000
13 277 1136520000
13 277 5000000
13 277 5000000
13 277 5000000
13 277 5000000
13 277 22770000000
13 277 5000000
13 277 1534500000
13 277 5000000
13 277 1007820000
13 277 5000000
13 277 5000000
13 277 5000000
13 277 5000000
13 277 619740000
13 277 5000000
13 277 5000000
13 277 5000000
13 277 9900000000
13 277 5000000
13 277 5000000
13 277 944460000
13 277 556380000
13 277 5000000
13 277 5000000
13 277 5000000
13 277 5000000
13 277 5000000
13 277 5000000
13 277 1259280000
13 277 1534500000
13 277 5000000
13 277 1534500000
13 277 944460000
13 277 5000000
13 277 5000000
13 277 5000000
13 277 5000000
13 277 920700000
13 277 5000000
13 277 5000000
13 277 41580000000
13 277 5000000
13 277 5000000
13 277 5000000
13 277 1354320000
13 277 5000000
13 277 5000000
13 277 18811980000
13 277 1534500000
13 277 944460000
13 277 1534500000
13 277 944460000
13 277 5000000
13 277 5000000
13 277 5000000
13 277 5000000
13 277 944460000
13 277 5000000
13 277 5000000
13 277 5000000
13 277 920700000
13 277 9900000000
13 277 944460000
13 277 17227980000
13 277 5000000
13 277 1534500000
13 277 1259280000
13 277 1227600000
13 277 5000000
13 277 483120000
13 277 944460000
13 277 1136520000
13 277 5000000
13 277 5000000
13 277 5000000
13 277 5000000
13 277 5000000
13 277 5000000
13 277 5000000
13 277 5000000
13 277 1382040000
13 277 1259280000
13 277 5000000
13 277 5000000
13 277 5000000
13 277 5000000
13 277 5000000
13 277 5000000
13 277 5000000
13 277 5000000
13 277 5000000
13 277 5000000
13 277 1136520000
13 277 944460000
13 277 5000000
13 277 5000000
13 277 1166220000
13 277 5000000
13 277 920700000
13 277 5000000
13 277 5000000
13 277 5000000
13 277 5000000
13 277 5000000
13 277 5000000
13 277 5000000
13 277 5000000
13 277 1100880000
13 277 5000000
13 277 5000000
13 277 944460000
13 277 5000000
13 277 5000000
13 277 5000000
13 277 5000000
13 277 5000000
13 277 5000000
13 277 22770000000
13 277 5000000
13 277 1100880000
13 277 5000000
13 277 5000000
13 277 5000000
13 277 5000000
13 277 5000000
13 277 5000000
13 277 5000000
13 277 1136520000
13 277 10155420000
13 277 944460000
13 277 1354320000
13 277 1136520000
13 277 5000000
13 277 35641980000
13 277 5000000
13 277 1382040000
13 277 1259280000
13 277 1100880000
13 277 1136520000
13 277 1534500000
13 277 5000000
13 277 1166220000
13 277 944460000
13 277 1382040000
13 277 5000000
13 277 920700000
13 277 5000000
13 277 1259280000
13 277 5000000
13 277 5000000
13 277 5000000
13 277 5000000
13 277 5000000
13 277 920700000
13 277 1136520000
13 277 356400000
13 277 1227600000
13 277 5000000
13 277 1007820000
13 277 1534500000
13 277 5000000
13 277 5000000
13 277 5000000
13 277 5000000
13 277 5000000
13 277 5000000
13 277 5000000
13 277 5000000
13 277 5000000
13 277 1259280000
13 277 5000000
13 277 1136520000
13 277 1259280000
13 277 5000000
13 277 1136520000
13 277 5000000
13 277 920700000
13 277 5000000
13 277 5000000
13 277 1382040000
13 277 1259280000
13 277 1007820000
13 277 5000000
13 277 718740000
13 277 5000000
13 277 1007820000
13 277 9438660000
13 277 5000000
13 277 5000000
13 277 423720000
13 277 5000000
13 277 5000000
13 277 5000000
13 277 5000000
13 277 5000000
13 277 5000000
13 277 5000000
13 277 5000000
13 277 5000000
13 277 5000000
13 277 5000000
13 277 1259280000
13 277 1259280000
13 277 5000000
13 277 5000000
13 277 5000000
13 277 5000000
13 277 920700000
13 277 5000000
13 277 5000000
13 277 5000000
13 277 5000000
13 277 5000000
13 277 5000000
13 277 281160000
13 277 5000000
13 277 1534500000
13 277 5000000
13 277 5000000
13 277 5000000
13 277 1100880000
13 277 1534500000
13 277 1354320000
13 277 5000000
13 277 1510740000
13 277 5000000
13 277 5000000
13 277 1227600000
13 277 5000000
13 277 33661980000
13 277 5000000
13 277 944460000
13 277 57421980000
13 277 1534500000
13 277 5000000
13 277 5000000
13 277 5000000
13 277 5000000
13 277 5000000
13 277 5000000
13 277 5000000
13 277 35640000000
13 277 5000000
13 277 5000000
13 277 5000000
13 277 35641980000
13 277 5000000
13 277 5000000
13 277 5000000
13 277 5000000
13 277 5000000
13 277 1534500000
13 277 5000000
13 277 920700000
13 277 5000000
13 277 5000000
13 277 5000000
13 277 5000000
13 277 1007820000
13 277 5000000
13 277 5000000
13 277 5000000
13 277 1136520000
13 277 5000000
13 277 702900000
13 277 5000000
13 277 920700000
13 277 5000000
13 277 5000000
13 277 51481980000
13 277 5000000
13 277 5000000
13 277 5000000
13 277 5000000
13 277 5000000
13 277 1259280000
13 277 831600000
13 277 920700000
13 277 5000000
13 277 5000000
13 277 944460000
13 277 1073160000
13 277 5000000
13 277 45541980000
13 277 5000000
13 277 5000000
13 277 5000000
13 277 5000000
13 277 1136520000
13 277 5000000
13 277 2221560000
13 277 5000000
13 277 56430000000
13 277 5000000
13 277 920700000
13 277 920700000
13 277 5000000
13 277 5000000
13 277 5000000
13 277 40393980000
13 277 1136520000
13 277 5000000
13 277 5000000
13 277 518760000
13 277 5000000
13 277 920700000
13 277 5000000
13 277 5000000
13 277 920700000
13 277 5000000
13 277 1510740000
13 277 5000000
13 277 5000000
13 277 5000000
13 277 5000000
13 277 5000000
13 277 5000000
13 277 1100880000
13 277 5000000
13 277 5000000
13 277 5000000
13 277 5000000
13 277 920700000
13 277 5000000
13 277 1100880000
13 277 9900000000
13 277 5000000
13 277 1534500000
13 277 5000000
13 277 33463980000
13 277 5000000
13 277 5000000
13 277 5000000
13 277 5000000
13 277 5000000
13 277 5000000
13 277 5000000
13 277 5000000
13 277 5000000
13 277 5000000
13 277 1534500000
13 277 5000000
13 277 5000000
13 277 1227600000
13 277 5000000
13 277 5000000
13 277 1534500000
13 277 1259280000
13 277 5000000
13 277 5000000
13 277 5000000
13 277 5000000
13 277 520740000
13 277 1510740000
13 277 944460000
13 277 5000000
13 277 5000000
13 277 1100880000
13 277 41580000000
13 277 5000000
13 277 5000000
13 277 5000000
13 277 1354320000
13 277 5000000
13 277 5000000
13 277 920700000
13 277 1534500000
13 277 1130580000
13 277 62979840000
13 277 5000000
13 277 5000000
13 277 2928420000
13 277 5000000
13 277 1510740000
13 277 5000000
13 277 5000000
13 277 5000000
13 277 5000000
13 277 5000000
13 277 5000000
13 277 9900000000
13 277 1534500000
13 277 1534500000
13 277 1227600000
13 277 5000000
13 277 5000000
13 277 5000000
13 277 1534500000
13 277 5000000
13 277 9901980000
13 277 5000000
13 277 5000000
13 277 5000000
13 277 9900000000
13 277 5000000
13 277 52471980000
13 277 714780000
13 277 5000000
13 277 5000000
13 277 1100880000
13 277 5000000
13 277 5000000
13 277 5000000
13 277 1534500000
13 277 11880000000
13 277 5000000
13 277 1534500000
13 277 5000000
13 277 7327980000
13 277 1136520000
13 277 1259280000
13 277 5000000
13 277 5000000
13 277 920700000
13 277 5000000
13 277 920700000
13 277 1007820000
13 277 89100000000
13 277 5000000
13 277 5000000
13 277 5000000
13 277 5000000
13 277 5000000
13 277 944460000
13 277 5000000
13 277 5000000
13 277 1534500000
13 277 5000000
13 277 5000000
13 277 5000000
13 277 5000000
13 277 5000000
13 277 1100880000
13 277 1136520000
13 277 5000000
13 277 1136520000
13 277 1136520000
13 277 5000000
13 277 5000000
13 277 1136520000
13 277 5000000
13 277 5000000
13 277 1431540000
13 277 40987980000
13 277 5000000
13 277 5000000
13 277 5000000
13 277 5000000
13 277 5000000
13 277 5000000
13 277 1100880000
13 277 5000000
13 277 1534500000
13 277 5000000
13 277 5000000
13 277 5000000
13 277 1259280000
13 277 5000000
13 277 5000000
13 277 5000000
13 277 944460000
13 277 1136520000
13 277 5000000
13 277 259380000
13 277 5000000
13 277 5000000
13 277 5000000
13 277 1354320000
13 277 5000000
13 277 5000000
13 277 5000000
13 277 5000000
13 277 516780000
13 277 1534500000
13 277 5000000
13 277 5000000
13 277 1259280000
13 277 689040000
13 277 5000000
13 277 5000000
13 277 5000000
13 277 5000000
13 277 5000000
13 277 1259280000
13 277 1534500000
13 277 5000000
13 277 5000000
13 277 803880000
13 277 5000000
13 277 384120000
13 277 1136520000
13 277 5000000
13 277 5000000
13 277 5000000
13 277 5000000
13 277 5000000
13 277 920700000
13 277 5000000
13 277 5000000
13 277 5000000
13 277 1136520000
13 277 5000000
13 277 259380000
13 277 1227600000
13 277 1534500000
13 277 5000000
13 277 1510740000
13 277 1259280000
13 277 5000000
13 277 5000000
13 277 5000000
13 277 5000000
13 277 5000000
13 277 5000000
13 277 5000000
13 277 5000000
13 277 5000000
13 277 1259280000
13 277 5000000
13 277 5000000
13 277 5000000
13 277 5000000
13 277 1259280000
13 277 5000000
13 277 5000000
13 277 5000000
13 277 5000000
13 277 5000000
13 277 5941980000
13 277 5000000
13 277 1007820000
13 277 5941980000
13 277 5000000
13 277 29701980000
13 277 1534500000
13 277 5000000
13 277 5000000
13 277 5000000
13 277 5000000
13 277 5000000
13 277 5000000
13 277 5000000
13 277 1136520000
13 277 5000000
13 277 5000000
13 277 5000000
13 277 5000000
13 277 5000000
13 277 5000000
13 277 5000000
13 277 281160000
13 277 920700000
13 277 9900000000
13 277 1534500000
13 277 5000000
13 277 5000000
13 277 5000000
13 277 920700000
13 277 1534500000
13 277 52867980000
13 277 1534500000
13 277 1534500000
13 277 5000000
13 277 47480400000
13 277 5000000
13 277 5000000
13 277 1136520000
13 277 1382040000
13 277 5000000
13 277 1401840000
13 277 920700000
13 277 5000000
13 277 5000000
13 277 5000000
13 277 5000000
13 277 5000000
13 277 1534500000
13 277 1073160000
13 277 5000000
13 277 5000000
13 277 5000000
13 277 5000000
13 277 5000000
13 277 920700000
13 277 5000000
13 277 1534500000
13 277 5000000
13 277 1259280000
13 277 5000000
13 277 5000000
13 277 5000000
13 277 5000000
13 277 5000000
13 277 972180000
13 277 5000000
13 277 5000000
13 277 5000000
13 277 9900000000
13 277 5000000
13 277 5000000
13 277 57421980000
13 277 9900000000
13 277 1534500000
13 277 1100880000
13 277 5000000
13 277 1259280000
13 277 5000000
13 277 5000000
13 277 9900000000
13 277 5000000
13 277 5000000
13 277 5000000
13 277 5000000
13 277 5000000
13 277 5000000
13 277 5000000
13 277 5000000
13 277 5000000
13 277 5000000
13 277 5000000
13 277 1259280000
13 277 1007820000
13 277 5000000
13 277 5000000
13 277 5000000
13 277 5000000
13 277 5000000
13 277 5000000
13 277 5000000
13 277 1534500000
13 277 5000000
13 277 5000000
13 277 5000000
13 277 5000000
13 277 5000000
13 277 7890300000
13 277 5000000
13 277 1007820000
13 277 920700000
13 277 5000000
13 277 5000000
13 277 5000000
13 277 5000000
13 277 5000000
13 277 5000000
13 277 5000000
13 277 5000000
13 277 1534500000
13 277 920700000
13 277 5000000
13 277 1259280000
13 277 5000000
13 277 1073160000
13 277 1259280000
13 277 5000000
13 277 5000000
13 277 5000000
13 277 1136520000
13 277 944460000
13 277 5000000
13 277 1354320000
13 277 1382040000
13 277 1136520000
13 277 920700000
13 277 1136520000
13 277 98996040000
13 277 5000000
13 277 1534500000
13 277 5000000
13 277 5000000
13 277 1259280000
13 277 5000000
13 277 9900000000
13 277 1227600000
13 277 5000000
13 277 5000000
13 277 5000000
13 277 5000000
13 277 1259280000
13 277 5000000
13 277 700920000
13 277 485100000
13 277 5000000
13 277 5000000
13 277 944460000
13 277 2813580000
13 277 5000000
13 277 5000000
13 277 5000000
13 277 5000000
13 277 15840000000
13 277 5000000
13 277 5000000
13 277 920700000
13 277 5000000
13 277 813780000
13 277 5000000
13 277 5000000
13 277 1227600000
13 277 5000000
13 277 920700000
13 277 5000000
13 277 5000000
13 277 5000000
13 277 1259280000
13 277 5000000
13 277 5000000
13 277 5000000
13 277 5000000
13 277 1259280000
13 277 5000000
13 277 1100880000
13 277 5000000
13 277 5000000
13 277 45145980000
13 277 920700000
13 277 1534500000
13 277 1354320000
13 277 5000000
13 277 5000000
13 277 5000000
13 277 5000000
13 277 5000000
13 277 1259280000
13 277 5000000
13 277 702900000
13 277 5000000
13 277 5000000
13 277 5000000
13 277 944460000
13 277 5000000
13 277 5000000
13 277 5000000
13 277 5000000
13 277 920700000
13 277 1259280000
13 277 5000000
13 277 5000000
13 277 5000000
13 277 944460000
13 277 782100000
13 277 5000000
13 277 5000000
13 277 5000000
13 277 5000000
13 277 5000000
13 277 5000000
13 277 5000000
13 277 1354320000
13 277 18516960000
13 277 5000000
13 277 5000000
13 277 5000000
13 277 5000000
13 277 920700000
13 277 5000000
13 277 5000000
13 277 944460000
13 277 920700000
13 277 46100340000
13 277 5000000
13 277 5000000
13 277 5000000
13 277 5000000
13 277 5000000
13 277 5000000
13 277 5000000
13 277 5000000
13 277 5000000
13 277 5000000
13 277 328680000
13 277 5000000
13 277 5000000
13 277 5000000
13 277 5000000
13 277 5000000
13 277 5000000
13 277 5000000
13 277 5000000
13 277 5000000
13 277 5000000
13 277 5000000
13 277 920700000
13 277 5000000
13 277 17821980000
13 277 1259280000
13 277 1534500000
13 277 1382040000
13 277 5000000
13 277 1136520000
13 277 5000000
13 277 5000000
13 277 5000000
13 277 5000000
13 277 5000000
13 277 5000000
13 277 5941980000
13 277 944460000
13 277 1007820000
13 277 5000000
13 277 5000000
13 277 5000000
13 277 5000000
13 277 5000000
13 277 5000000
13 277 5000000
13 277 5000000
13 277 5000000
13 277 5000000
13 277 5000000
13 277 5000000
13 277 920700000
13 277 1136520000
13 277 920700000
13 277 5000000
13 277 5000000
13 277 1898820000
13 277 1259280000
13 277 9900000000
13 277 5000000
13 277 5000000
13 277 5000000
13 277 2928420000
13 277 1136520000
13 277 5000000
13 277 5000000
13 277 5000000
13 277 5000000
13 277 5000000
13 277 5000000
13 277 1534500000
13 277 5000000
13 277 5000000
13 277 1534500000
13 277 5000000
13 277 5000000
13 277 5000000
13 277 1136520000
13 277 5000000
13 277 5000000
13 277 5000000
13 277 1100880000
13 277 5000000
13 277 5000000
13 277 5000000
13 277 9900000000
13 277 5000000
13 277 5000000
13 277 5000000
13 277 1534500000
13 277 5000000
13 277 5000000
13 277 5000000
13 277 5000000
13 277 944460000
13 277 1534500000
13 277 1510740000
13 277 1534500000
13 277 5000000
13 277 5000000
13 277 5000000
13 277 5000000
13 277 5000000
13 277 5000000
13 277 5000000
13 277 5000000
13 277 920700000
13 277 1259280000
13 277 5000000
13 277 1382040000
13 277 5000000
13 277 5000000
13 277 5000000
13 277 5000000
13 277 1007820000
13 277 5000000
13 277 5000000
13 277 5000000
13 277 5000000
13 277 5000000
13 277 5000000
13 277 5000000
13 277 5000000
13 277 5000000
13 277 1534500000
13 277 5000000
13 277 5000000
13 277 3049200000
13 277 5000000
13 277 5000000
13 277 1227600000
13 277 5000000
13 277 5000000
13 277 1554300000
13 277 1259280000
13 277 5000000
13 277 328680000
13 277 5000000
13 277 5000000
13 277 5000000
13 277 5000000
13 277 5000000
13 277 9901980000
13 277 1510740000
13 277 5000000
13 277 1166220000
13 277 1534500000
13 277 5000000
13 277 5000000
13 277 1136520000
13 277 1534500000
13 277 5000000
13 277 5000000
13 277 49303980000
13 277 5000000
13 277 5000000
13 277 5000000
13 277 1136520000
13 277 920700000
13 277 5000000
13 277 5000000
13 277 5000000
13 277 1227600000
13 277 5000000
13 277 920700000
13 277 5000000
13 277 1259280000
13 277 5000000
13 277 5000000
13 277 5000000
13 277 1259280000
13 277 5000000
13 277 5000000
13 277 5000000
13 277 5000000
13 277 920700000
13 277 5000000
13 277 5000000
13 277 5000000
13 277 5000000
13 277 5000000
13 277 5000000
13 277 920700000
13 277 5000000
13 277 5000000
13 277 5000000
13 277 5000000
13 277 5000000
13 277 5000000
13 277 5000000
13 277 1007820000
13 277 920700000
13 277 5000000
13 277 5000000
13 277 5000000
13 277 5000000
13 277 5000000
13 277 5000000
13 277 5000000
13 277 9901980000
13 277 5000000
13 277 1168200000
13 277 5000000
13 277 19801980000
13 277 5000000
13 277 360360000
13 277 5000000
13 277 5000000
13 277 5000000
13 277 9900000000
13 277 1382040000
13 277 1259280000
13 277 1136520000
13 277 5000000
13 277 1259280000
13 277 1259280000
13 277 1055340000
13 277 920700000
13 277 5000000
13 277 5000000
13 277 1354320000
13 277 1100880000
13 277 5000000
13 277 1534500000
13 277 46102320000
13 277 5000000
13 277 920700000
13 277 5000000
13 277 5000000
13 277 5000000
13 277 9901980000
13 277 5000000
13 277 5000000
13 277 5000000
13 277 1007820000
13 277 5000000
13 277 5000000
13 277 1073160000
13 277 5000000
13 277 41580000000
13 277 1259280000
13 277 5000000
13 277 5000000
13 277 50491980000
13 277 1259280000
13 277 2110680000
13 277 1100880000
13 277 5000000
13 277 5000000
13 277 5000000
13 277 1100880000
13 277 1136520000
13 277 1382040000
13 277 5000000
13 277 9901980000
13 277 441540000
13 277 920700000
13 277 944460000
13 277 5000000
13 277 5000000
13 277 5000000
13 277 1259280000
13 277 1534500000
13 277 5000000
13 277 5000000
13 277 5000000
13 277 5000000
13 277 1136520000
13 277 5000000
13 277 5000000
13 277 5000000
13 277 920700000
13 277 5000000
13 277 5000000
13 277 29701980000
13 277 5000000
13 277 5000000
13 277 5000000
13 277 5000000
13 277 1354320000
13 277 5000000
13 277 1263240000
13 277 920700000
13 277 5000000
13 277 5000000
13 277 5000000
13 277 9900000000
13 277 803880000
13 277 5000000
13 277 5000000
13 277 1534500000
13 277 5000000
13 277 5000000
13 277 1007820000
13 277 5000000
13 277 920700000
13 277 1007820000
13 277 5000000
13 277 5000000
13 277 5000000
13 277 5000000
13 277 1263240000
13 277 5000000
13 277 5000000
13 277 5000000
13 277 5000000
13 277 5000000
13 277 5000000
13 277 5000000
13 277 5000000
13 277 1259280000
13 277 5000000
13 277 920700000
13 277 5000000
13 277 5000000
13 277 5000000
13 277 1534500000
13 277 944460000
13 277 1007820000
13 277 1007820000
13 277 5941980000
13 277 584100000
13 277 5000000
13 277 1136520000
13 277 1354320000
13 277 5000000
13 277 5000000
13 277 5000000
13 277 1007820000
13 277 5000000
13 277 1259280000
13 277 5000000
13 277 5000000
13 277 5000000
13 277 1382040000
13 277 5000000
13 277 920700000
13 277 1166220000
13 277 5000000
13 277 5000000
13 277 3045240000
13 277 5000000
13 277 1136520000
13 277 920700000
13 277 5000000
13 277 5000000
13 277 5941980000
13 277 5000000
13 277 5000000
13 277 5000000
13 277 5000000
13 277 5000000
13 277 5000000
13 277 5000000
13 277 9901980000
13 277 5000000
13 277 5000000
13 277 1136520000
13 277 5000000
13 277 5000000
13 277 5000000
13 277 5000000
13 277 920700000
13 277 5000000
13 277 5000000
13 277 1166220000
13 277 5000000
13 277 9900000000
13 277 920700000
13 277 5000000
13 277 5000000
13 277 5000000
13 277 5000000
13 277 944460000
13 277 53461980000
13 277 5000000
13 277 5000000
13 277 1136520000
13 277 5000000
13 277 920700000
13 277 5000000
13 277 1007820000
13 277 5000000
13 277 5000000
13 277 1136520000
13 277 920700000
13 277 5000000
13 277 9901980000
13 277 1510740000
13 277 5000000
13 277 1007820000
13 277 5000000
13 277 4356000000
13 277 1457280000
13 277 5000000
13 277 5000000
13 277 1534500000
13 277 81251280000
13 277 20483100000
13 277 5000000
13 277 5000000
13 277 5000000
13 277 5000000
13 277 1259280000
13 277 5000000
13 277 29700000000
13 277 5000000
13 277 5000000
13 277 5000000
13 277 5000000
13 277 5000000
13 277 5000000
13 277 5000000
13 277 1259280000
13 277 5000000
13 277 920700000
13 277 5000000
13 277 5000000
13 277 5000000
13 277 5000000
13 277 29701980000
13 277 1259280000
13 277 5000000
13 277 944460000
13 277 5000000
13 277 1073160000
13 277 5000000
13 277 5000000
13 277 3332340000
13 277 5000000
13 277 5000000
13 277 920700000
13 277 15564780000
13 277 5000000
13 277 5000000
13 277 524700000
13 277 5000000
13 277 1100880000
13 277 5000000
13 277 920700000
13 277 1534500000
13 277 920700000
13 277 5000000
13 277 5000000
13 277 5000000
13 277 5000000
13 277 944460000
13 277 5000000
13 277 1166220000
13 277 5000000
13 277 1382040000
13 277 5000000
13 277 782100000
13 277 920700000
13 277 5000000
13 277 25740000000
13 277 5000000
13 277 5000000
13 277 1073160000
13 277 5000000
13 277 1007820000
13 277 920700000
13 277 5000000
13 277 5000000
13 277 5000000
13 277 5000000
13 277 1136520000
13 277 5000000
13 277 67320000000
13 277 38017980000
13 277 1510740000
13 277 5000000
13 277 33660000000
13 277 5000000
13 277 5000000
13 277 5000000
13 277 1534500000
13 277 5000000
13 277 1534500000
13 277 5000000
13 277 5000000
13 277 1259280000
13 277 944460000
13 277 1354320000
13 277 1007820000
13 277 1136520000
13 277 5000000
13 277 1136520000
13 277 1100880000
13 277 5000000
13 277 920700000
13 277 5000000
13 277 944460000
13 277 5000000
13 277 5000000
13 277 5000000
13 277 5000000
13 277 1259280000
13 277 5000000
13 277 5000000
13 277 1136520000
13 277 5000000
13 277 1007820000
13 277 5000000
13 277 601920000
13 277 5000000
13 277 1007820000
13 277 687060000
13 277 5000000
13 277 5000000
13 277 5000000
13 277 5000000
13 277 5000000
13 277 5000000
13 277 1007820000
13 277 5000000
13 277 1510740000
13 277 1227600000
13 277 1259280000
13 277 54055980000
13 277 5000000
13 277 5000000
13 277 5000000
13 277 5000000
13 277 1259280000
13 277 5000000
13 277 5000000
13 277 5000000
13 277 944460000
13 277 5000000
13 277 944460000
13 277 1100880000
13 277 1510740000
13 277 5000000
13 277 1259280000
13 277 5000000
13 277 5000000
13 277 5000000
13 277 5000000
13 277 5000000
13 277 1136520000
13 277 9900000000
13 277 1166220000
13 277 944460000
13 277 1259280000
13 277 5000000
13 277 1259280000
13 277 5000000
13 277 1136520000
13 277 1510740000
13 277 5000000
13 277 5000000
13 277 920700000
13 277 1534500000
13 277 5000000
13 277 5000000
13 277 920700000
13 277 5000000
13 277 5000000
13 277 5000000
13 277 5000000
13 277 944460000
13 277 5000000
13 277 1136520000
13 277 782100000
13 277 5000000
13 277 5000000
13 277 5000000
13 277 5000000
13 277 5000000
13 277 1136520000
13 277 5000000
13 277 5000000
13 277 944460000
13 277 16830000000
13 277 5000000
13 277 5000000
13 277 944460000
13 277 5000000
13 277 5000000
13 277 5000000
13 277 920700000
13 277 5000000
13 277 5000000
13 277 5000000
13 277 5000000
13 277 5000000
13 277 912780000
13 277 1259280000
13 277 29700000000
13 277 920700000
13 277 5000000
13 277 5000000
13 277 33661980000
13 277 5000000
13 277 5000000
13 277 1534500000
13 277 5000000
13 277 1393920000
13 277 1354320000
13 277 9900000000
13 277 5000000
13 277 5000000
13 277 1382040000
13 277 5000000
13 277 5000000
13 277 5000000
13 277 5000000
13 277 5000000
13 277 920700000
13 277 1073160000
13 277 5000000
13 277 9900000000
13 277 920700000
13 277 9900000000
13 277 5000000
13 277 5000000
13 277 1259280000
13 277 5000000
13 277 1007820000
13 277 5000000
13 277 5000000
13 277 5000000
13 277 5000000
13 277 1534500000
13 277 5000000
13 277 5000000
13 277 5000000
13 277 1100880000
13 277 5000000
13 277 944460000
13 277 1007820000
13 277 1100880000
13 277 5000000
13 277 5000000
13 277 34651980000
13 277 1227600000
13 277 5000000
13 277 5000000
13 277 5000000
13 277 45145980000
13 277 1227600000
13 277 48511980000
13 277 5000000
13 277 944460000
13 277 5000000
13 277 5000000
13 277 5000000
13 277 9901980000
13 277 326700000
13 277 5000000
13 277 5000000
13 277 5000000
13 277 5000000
13 277 5000000
13 277 5000000
13 277 1534500000
13 277 5000000
13 277 5000000
13 277 920700000
13 277 550440000
13 277 5000000
13 277 5000000
13 277 9900000000
13 277 1136520000
13 277 5000000
13 277 5000000
13 277 5000000
13 277 1259280000
13 277 5000000
13 277 5000000
13 277 1136520000
13 277 5000000
13 277 920700000
13 277 5000000
13 277 5000000
13 277 5000000
13 277 5000000
13 277 5000000
13 277 5000000
13 277 920700000
13 277 4237200000
13 277 5000000
13 277 1100880000
13 277 5000000
13 277 5000000
13 277 5000000
13 277 944460000
13 277 9900000000
13 277 1227600000
13 277 5000000
13 277 5000000
13 277 1259280000
13 277 7890300000
13 277 1259280000
13 277 679140000
13 277 5000000
13 277 5000000
13 277 5000000
13 277 1136520000
13 277 944460000
13 277 5000000
13 277 5000000
13 277 5000000
13 277 5000000
13 277 1259280000
13 277 1166220000
13 277 5000000
13 277 1259280000
13 277 5000000
13 277 5000000
13 277 5000000
13 277 1259280000
13 277 1393920000
13 277 5000000
13 277 29700000000
13 277 5000000
13 277 1534500000
13 277 5000000
13 277 5000000
13 277 5000000
13 277 1534500000
13 277 5000000
13 277 5000000
13 277 5000000
13 277 5000000
13 277 5000000
13 277 5000000
13 277 13075920000
13 277 520740000
13 277 1259280000
13 277 5000000
13 277 5000000
13 277 5000000
13 277 5000000
13 277 5000000
13 277 5000000
13 277 5000000
13 277 5000000
13 277 5000000
13 277 5000000
13 277 5000000
13 277 1136520000
13 277 5000000
13 277 5000000
13 277 5000000
13 277 5000000
13 277 5000000
13 277 5000000
13 277 3480840000
13 277 5000000
13 277 1136520000
13 277 944460000
13 277 5000000
13 277 1136520000
13 277 5000000
13 277 5000000
13 277 5000000
13 277 1136520000
13 277 944460000
13 277 5000000
13 277 5000000
13 277 5000000
13 277 5000000
13 277 5000000
13 277 5000000
13 277 5000000
13 277 5000000
13 277 1510740000
13 277 920700000
13 277 1136520000
13 277 920700000
13 277 5000000
13 277 5000000
13 277 5000000
13 277 62370000000
13 277 944460000
13 277 5000000
13 277 1259280000
13 277 5000000
13 277 5000000
13 277 29701980000
13 277 5000000
13 277 5000000
13 277 5000000
13 277 1007820000
13 277 43750080000
13 277 5000000
13 277 5000000
13 277 5000000
13 277 920700000
13 277 1100880000
13 277 5000000
13 277 5000000
13 277 1534500000
13 277 5000000
13 277 5000000
13 277 1259280000
13 277 944460000
13 277 5000000
13 277 5000000
13 277 5000000
13 277 5000000
13 277 944460000
13 277 1259280000
13 277 5000000
13 277 5000000
13 277 1100880000
13 277 5000000
13 277 5000000
13 277 5000000
13 277 5000000
13 277 5000000
13 277 1259280000
13 277 944460000
13 277 1136520000
13 277 1073160000
13 277 5000000
13 277 5000000
13 277 5000000
13 277 5000000
13 277 5000000
13 277 1534500000
13 277 5000000
13 277 79200000000
13 277 944460000
13 277 32671980000
13 277 5000000
13 277 5000000
13 277 43750080000
13 277 5000000
13 277 1382040000
13 277 31681980000
13 277 5000000
13 277 328680000
13 277 595980000
13 277 1510740000
13 277 5000000
13 277 1100880000
13 277 5000000
13 277 1534500000
13 277 5000000
13 277 5000000
13 277 5000000
13 277 5000000
13 277 5000000
13 277 5000000
13 277 1057320000
13 277 920700000
13 277 9901980000
13 277 1259280000
13 277 261360000
13 277 1136520000
13 277 5000000
13 277 5000000
13 277 5000000
13 277 5000000
13 277 5000000
13 277 5000000
13 277 16831980000
13 277 5000000
13 277 5000000
13 277 920700000
13 277 5000000
13 277 5000000
13 277 5000000
13 277 5000000
13 277 5000000
13 277 1510740000
13 277 5000000
13 277 5000000
13 277 920700000
13 277 5000000
13 277 5000000
13 277 5000000
13 277 5000000
13 277 1382040000
13 277 1510740000
13 277 9901980000
13 277 5000000
13 277 1259280000
13 277 5000000
13 277 5000000
13 277 5000000
13 277 5000000
13 277 5000000
13 277 1382040000
13 277 5000000
13 277 5000000
13 277 5000000
13 277 1227600000
13 277 5000000
13 277 944460000
13 277 441540000
13 277 42570000000
13 277 1354320000
13 277 1510740000
13 277 518760000
13 277 5000000
13 277 5000000
13 277 1425600000
13 277 1100880000
13 277 1136520000
13 277 5000000
13 277 920700000
13 277 5000000
13 277 5000000
13 277 1534500000
13 277 5000000
13 277 1534500000
13 277 5941980000
13 277 5000000
13 277 5000000
13 277 5000000
13 277 1136520000
13 277 1259280000
13 277 5000000
13 277 5000000
13 277 5000000
13 277 1382040000
13 277 5000000
13 277 5000000
13 277 25740000000
13 277 5000000
13 277 5000000
13 277 5000000
13 277 920700000
13 277 1534500000
13 277 5000000
13 277 5000000
13 277 5000000
13 277 5000000
13 277 920700000
13 277 5000000
13 277 5000000
13 277 5000000
13 277 5000000
13 277 1382040000
13 277 5000000
13 277 5000000
13 277 5000000
13 277 1007820000
13 277 56430000000
13 277 5000000
13 277 1259280000
13 277 5000000
13 277 1007820000
13 277 9900000000
13 277 5000000
13 277 1136520000
13 277 1100880000
13 277 5000000
13 277 1259280000
13 277 5000000
13 277 5000000
13 277 920700000
13 277 5000000
13 277 5000000
13 277 5000000
13 277 5000000
13 277 1136520000
13 277 5000000
13 277 5000000
13 277 5000000
13 277 5000000
13 277 1073160000
13 277 5000000
13 277 1259280000
13 277 944460000
13 277 5000000
13 277 1100880000
13 277 1259280000
13 277 5000000
13 277 1136520000
13 277 5000000
13 277 5000000
13 277 920700000
13 277 1534500000
13 277 5000000
13 277 5000000
13 277 952380000
13 277 9900000000
13 277 5000000
13 277 5000000
13 277 1166220000
13 277 5000000
13 277 5000000
13 277 5000000
13 277 26494380000
13 277 5000000
13 277 1259280000
13 277 5000000
13 277 5000000
13 277 5000000
13 277 5000000
13 277 14851980000
13 277 1259280000
13 277 920700000
13 277 5000000
13 277 9900000000
13 277 5000000
13 277 5000000
13 277 5000000
13 277 18811980000
13 277 920700000
13 277 920700000
13 277 5000000
13 277 5000000
13 277 5000000
13 277 5000000
13 277 5000000
13 277 1429560000
13 277 944460000
13 277 920700000
13 277 1136520000
13 277 5000000
13 277 1235520000
13 277 5000000
13 277 5000000
13 277 1534500000
13 277 5000000
13 277 5000000
13 277 5000000
13 277 1354320000
13 277 5000000
13 277 5000000
13 277 1100880000
13 277 1136520000
13 277 5000000
13 277 1259280000
13 277 5000000
13 277 1259280000
13 277 5000000
13 277 5000000
13 277 8197200000
13 277 5000000
13 277 35640000000
13 277 944460000
13 277 1534500000
13 277 5000000
13 277 1136520000
13 277 5000000
13 277 1065240000
13 277 1259280000
13 277 5000000
13 277 5000000
13 277 5000000
13 277 5000000
13 277 25425180000
13 277 5000000
13 277 5000000
13 277 5000000
13 277 5000000
13 277 944460000
13 277 944460000
13 277 1534500000
13 277 1100880000
13 277 5000000
13 277 5000000
13 277 5000000
13 277 1136520000
13 277 5000000
13 277 5000000
13 277 1136520000
13 277 5000000
13 277 5000000
13 277 5000000
13 277 5000000
13 277 5000000
13 277 5000000
13 277 5000000
13 277 1534500000
13 277 5941980000
13 277 5000000
13 277 1534500000
13 277 5000000
13 277 5000000
13 277 5000000
13 277 5000000
13 277 1007820000
13 277 1136520000
13 277 5000000
13 277 5000000
13 277 5000000
13 277 920700000
13 277 952380000
13 277 944460000
13 277 5000000
13 277 5941980000
13 277 5000000
13 277 5000000
13 277 5000000
13 277 5000000
13 277 5000000
13 277 1136520000
13 277 5000000
13 277 5000000
13 277 1259280000
13 277 5000000
13 277 5000000
13 277 5000000
13 277 5000000
13 277 920700000
13 277 5000000
13 277 5000000
13 277 1382040000
13 277 5000000
13 277 920700000
13 277 5000000
13 277 5000000
13 277 5000000
13 277 5000000
13 277 5000000
13 277 5000000
13 277 5000000
13 277 5000000
13 277 1259280000
13 277 5000000
13 277 35641980000
13 277 5000000
13 277 1007820000
13 277 5000000
13 277 1382040000
13 277 7327980000
13 277 14851980000
13 277 1259280000
13 277 1100880000
13 277 5000000
13 277 1510740000
13 277 5000000
13 277 1510740000
13 277 5000000
13 277 1007820000
13 277 5000000
13 277 1382040000
13 277 1259280000
13 277 79201980000
13 277 920700000
13 277 35640000000
13 277 5000000
13 277 944460000
13 277 5000000
13 277 1259280000
13 277 5000000
13 277 5000000
13 277 5000000
13 277 920700000
13 277 1534500000
13 277 1100880000
13 277 5000000
13 277 5000000
13 277 5000000
13 277 5000000
13 277 5000000
13 277 5000000
13 277 5000000
13 277 1136520000
13 277 1100880000
13 277 29700000000
13 277 5000000
13 277 14850000000
13 277 1073160000
13 277 5000000
13 277 5000000
13 277 1259280000
13 277 1136520000
13 277 1534500000
13 277 5000000
13 277 5000000
13 277 5941980000
13 277 5000000
13 277 5000000
13 277 5000000
13 277 944460000
13 277 5000000
13 277 1259280000
13 277 5000000
13 277 5000000
13 277 5000000
13 277 5000000
13 277 5000000
13 277 5000000
13 277 1510740000
13 277 5000000
13 277 1259280000
13 277 9900000000
13 277 920700000
13 277 5000000
13 277 5000000
13 277 5000000
13 277 5000000
13 277 1007820000
13 277 5000000
13 277 14850000000
13 277 1534500000
13 277 1534500000
13 277 944460000
13 277 5000000
13 277 5000000
13 277 944460000
13 277 518760000
13 277 655380000
13 277 5000000
13 277 5000000
13 277 5000000
13 277 1510740000
13 277 5000000
13 277 1534500000
13 277 5000000
13 277 2172060000
13 277 1354320000
13 277 5000000
13 277 5000000
13 277 5000000
13 277 5000000
13 277 1534500000
13 277 5000000
13 277 5000000
13 277 50491980000
13 277 1136520000
13 277 1534500000
13 277 5000000
13 277 920700000
13 277 5000000
13 277 5000000
13 277 5000000
13 277 5000000
13 277 5000000
13 277 1534500000
13 277 58411980000
13 277 5000000
13 277 5000000
13 277 1259280000
13 277 18516960000
13 277 20483100000
13 277 5000000
13 277 1259280000
13 277 5000000
13 277 32060160000
13 277 920700000
13 277 5000000
13 277 5000000
13 277 40591980000
13 277 1073160000
13 277 5000000
13 277 920700000
13 277 5000000
13 277 5000000
13 277 6195420000
13 277 5000000
13 277 5000000
13 277 920700000
13 277 1534500000
13 277 920700000
13 277 5000000
13 277 5000000
13 277 5000000
13 277 5000000
13 277 5000000
13 277 32058180000
13 277 1227600000
13 277 5000000
13 277 1136520000
13 277 5000000
13 277 1534500000
13 277 5000000
13 277 5000000
13 277 1534500000
13 277 5000000
13 277 9901980000
13 277 5000000
13 277 5000000
13 277 5000000
13 277 5000000
13 277 5000000
13 277 920700000
13 277 5000000
13 277 5000000
13 277 9901980000
13 277 5000000
13 277 1534500000
13 277 5000000
13 277 944460000
13 277 1510740000
13 277 5000000
13 277 32671980000
13 277 5000000
13 277 920700000
13 277 5000000
13 277 1100880000
13 277 5000000
13 277 5000000
13 277 5000000
13 277 5000000
13 277 5000000
13 277 920700000
13 277 5000000
13 277 1166220000
13 277 5000000
13 277 5000000
13 277 5000000
13 277 5000000
13 277 30690000000
13 277 50491980000
13 277 5000000
13 277 5000000
13 277 944460000
13 277 1136520000
13 277 5000000
13 277 920700000
13 277 1510740000
13 277 1136520000
13 277 5000000
13 277 5000000
13 277 5000000
13 277 5000000
13 277 5000000
13 277 5000000
13 277 1100880000
13 277 30690000000
13 277 5000000
13 277 5000000
13 277 5000000
13 277 5000000
13 277 5000000
13 277 29700000000
13 277 944460000
13 277 1007820000
13 277 920700000
13 277 5000000
13 277 5000000
13 277 5000000
13 277 2865060000
13 277 5000000
13 277 5000000
13 277 5000000
13 277 29700000000
13 277 5000000
13 277 5000000
13 277 5000000
13 277 5000000
13 277 5000000
13 277 5000000
13 277 5000000
13 277 944460000
13 277 5000000
13 277 5000000
13 277 5000000
13 277 5000000
13 277 35641980000
13 277 5000000
13 277 920700000
13 277 5000000
13 277 5000000
13 277 19800000000
13 277 5000000
13 277 35640000000
13 277 5000000
13 277 1534500000
13 277 5000000
13 277 1534500000
13 277 5000000
13 277 5000000
13 277 5000000
13 277 5000000
13 277 5000000
13 277 1136520000
13 277 5000000
13 277 1227600000
13 277 4356000000
13 277 5000000
13 277 1100880000
13 277 5000000
13 277 1259280000
13 277 920700000
13 277 1534500000
13 277 5000000
13 277 1227600000
13 277 5000000
13 277 1259280000
13 277 1136520000
13 277 5000000
13 277 823680000
13 277 5000000
13 277 5000000
13 277 5000000
13 277 1166220000
13 277 1073160000
13 277 1136520000
13 277 5000000
13 277 677160000
13 277 5000000
13 277 5000000
13 277 5000000
13 277 5000000
13 277 1136520000
13 277 5000000
13 277 5000000
13 277 29700000000
13 277 29701980000
13 277 5000000
13 277 5000000
13 277 5000000
13 277 1259280000
13 277 34650000000
13 277 5000000
13 277 1136520000
13 277 1136520000
13 277 1263240000
13 277 5000000
13 277 944460000
13 277 5000000
13 277 5000000
13 277 5000000
13 277 5000000
13 277 5000000
13 277 5000000
13 277 5000000
13 277 1259280000
13 277 1100880000
13 277 1237500000
13 277 5000000
13 277 5000000
13 277 27589320000
13 277 1510740000
13 277 1136520000
13 277 35641980000
13 277 5000000
13 277 5000000
13 277 5000000
13 277 1136520000
13 277 1166220000
13 277 5000000
13 277 9901980000
13 277 67320000000
13 277 5000000
13 277 5000000
13 277 5000000
13 277 1259280000
13 277 920700000
13 277 1227600000
13 277 352440000
13 277 5000000
13 277 5000000
13 277 5000000
13 277 920700000
13 277 5000000
13 277 5000000
13 277 5000000
13 277 5000000
13 277 1100880000
13 277 5000000
13 277 5000000
13 277 5000000
13 277 62979840000
13 277 5000000
13 277 17820000000
13 277 5000000
13 277 920700000
13 277 5000000
13 277 1100880000
13 277 5000000
13 277 9901980000
13 277 5000000
13 277 5000000
13 277 5000000
13 277 1136520000
13 277 5000000
13 277 944460000
13 277 5000000
13 277 944460000
13 277 417780000
13 277 5000000
13 277 1007820000
13 277 5000000
13 277 1166220000
13 277 5000000
13 277 5000000
13 277 5000000
13 277 9900000000
13 277 920700000
13 277 5000000
13 277 920700000
13 277 920700000
13 277 1534500000
13 277 1510740000
13 277 1382040000
13 277 9901980000
13 277 9900000000
13 277 5000000
13 277 5000000
13 277 712800000
13 277 5000000
13 277 5000000
13 277 5000000
13 277 5000000
13 277 5000000
13 277 5000000
13 277 5000000
13 277 1382040000
13 277 1534500000
13 277 5000000
13 277 8314020000
13 277 5000000
13 277 1534500000
13 277 1534500000
13 277 920700000
13 277 5000000
13 277 5000000
13 277 1259280000
13 277 5000000
13 277 5000000
13 277 1136520000
13 277 1136520000
13 277 5000000
13 277 920700000
13 277 5000000
13 277 5000000
13 277 5000000
13 277 5000000
13 277 5000000
13 277 5000000
13 277 5000000
13 277 1534500000
13 277 5000000
13 277 5000000
13 277 5000000
13 277 5000000
13 277 5000000
13 277 5000000
13 277 5000000
13 277 920700000
13 277 11666160000
13 277 920700000
13 277 5000000
13 277 1534500000
13 277 9900000000
13 277 5000000
13 277 5000000
13 277 5000000
13 277 46531980000
13 277 5000000
13 277 5000000
13 277 5000000
13 277 5000000
13 277 5000000
13 277 5000000
13 277 9901980000
13 277 1354320000
13 277 5000000
13 277 5000000
13 277 1136520000
13 277 5000000
13 277 1510740000
13 277 5000000
13 277 5000000
13 277 5000000
13 277 5000000
13 277 23132340000
13 277 5000000
13 277 5000000
13 277 5000000
13 277 1055340000
13 277 1534500000
13 277 5000000
13 277 944460000
13 277 1073160000
13 277 1382040000
13 277 5000000
13 277 5000000
13 277 5000000
13 277 1534500000
13 277 5000000
13 277 5000000
13 277 5000000
13 277 5000000
13 277 1354320000
13 277 1382040000
13 277 1534500000
13 277 1259280000
13 277 1259280000
13 277 5000000
13 277 1100880000
13 277 5000000
13 277 5000000
13 277 5000000
13 277 5000000
13 277 5000000
13 277 5000000
13 277 1354320000
13 277 1259280000
13 277 259380000
13 277 920700000
13 277 1354320000
13 277 5000000
13 277 5000000
13 277 5000000
13 277 5000000
13 277 5000000
13 277 944460000
13 277 5000000
13 277 1136520000
13 277 5000000
13 277 5000000
13 277 5000000
13 277 5000000
13 277 1136520000
13 277 1354320000
13 277 1259280000
13 277 5000000
13 277 5000000
13 277 9900000000
13 277 5000000
13 277 5000000
13 277 5000000
13 277 1136520000
13 277 1534500000
13 277 5000000
13 277 5000000
13 277 43957980000
13 277 5000000
13 277 5000000
13 277 1534500000
13 277 5000000
13 277 1073160000
13 277 1534500000
13 277 1534500000
13 277 1534500000
13 277 5000000
13 277 1534500000
13 277 5000000
13 277 8911980000
13 277 920700000
13 277 5000000
13 277 1259280000
13 277 1259280000
13 277 5000000
13 277 5000000
13 277 1227600000
13 277 920700000
13 277 1354320000
13 277 5000000
13 277 5000000
13 277 1136520000
13 277 1073160000
13 277 5000000
13 277 5000000
13 277 1136520000
13 277 5000000
13 277 1100880000
13 277 5000000
13 277 5000000
13 277 5000000
13 277 53461980000
13 277 5000000
13 277 1534500000
13 277 1100880000
13 277 5000000
13 277 1534500000
13 277 1136520000
13 277 790020000
13 277 5941980000
13 277 1510740000
13 277 944460000
13 277 1534500000
13 277 5000000
13 277 62385840000
13 277 1534500000
13 277 1534500000
13 277 5000000
13 277 1259280000
13 277 5000000
13 277 5000000
13 277 920700000
13 277 5000000
13 277 1136520000
13 277 5000000
13 277 5000000
13 277 9901980000
13 277 1100880000
13 277 1534500000
13 277 5000000
13 277 5000000
13 277 5000000
13 277 518760000
13 277 1073160000
13 277 330660000
13 277 1100880000
13 277 46531980000
13 277 5000000
13 277 1227600000
13 277 1259280000
13 277 1136520000
13 277 5000000
13 277 5000000
13 277 1136520000
13 277 5000000
13 277 920700000
13 277 5000000
13 277 920700000
13 277 944460000
13 277 5000000
13 277 9901980000
13 277 5000000
13 277 5000000
13 277 5000000
13 277 5000000
13 277 5000000
13 277 1166220000
13 277 920700000
13 277 20485080000
13 277 5000000
13 277 5000000
13 277 5000000
13 277 1136520000
13 277 5000000
13 277 5000000
13 277 920700000
13 277 5000000
13 277 944460000
13 277 5000000
13 277 920700000
13 277 1534500000
13 277 920700000
13 277 1534500000
13 277 5000000
13 277 5000000
13 277 5000000
13 277 5000000
13 277 1243440000
13 277 1136520000
13 277 920700000
13 277 62385840000
13 277 1136520000
13 277 1136520000
13 277 5000000
13 277 1136520000
13 277 5000000
13 277 261360000
13 277 5000000
13 277 1534500000
13 277 5000000
13 277 5000000
13 277 2120580000
13 277 1136520000
13 277 1100880000
13 277 5941980000
13 277 920700000
13 277 5000000
13 277 5000000
13 277 5000000
13 277 5000000
13 277 5000000
13 277 59401980000
13 277 5000000
13 277 5000000
13 277 5000000
13 277 944460000
13 277 5000000
13 277 5000000
13 277 5000000
13 277 5000000
13 277 2051280000
13 277 5000000
13 277 5000000
13 277 920700000
13 277 5000000
13 277 5000000
13 277 944460000
13 277 9900000000
13 277 1136520000
13 277 1259280000
13 277 5000000
13 277 5000000
13 277 1136520000
13 277 5000000
13 277 10891980000
13 277 5000000
13 277 1100880000
13 277 5000000
13 277 1259280000
13 277 1407780000
13 277 5000000
13 277 5000000
13 277 944460000
13 277 920700000
13 277 1510740000
13 277 920700000
13 277 5000000
13 277 5000000
13 277 700920000
13 277 1510740000
13 277 5000000
13 277 1259280000
13 277 1136520000
13 277 5000000
13 277 5000000
13 277 944460000
13 277 5000000
13 277 5000000
13 277 5000000
13 277 5000000
13 277 5000000
13 277 1259280000
13 277 5000000
13 277 5000000
13 277 1136520000
13 277 1227600000
13 277 1227600000
13 277 19800000000
13 277 5000000
13 277 5000000
13 277 5000000
13 277 1100880000
13 277 5000000
13 277 5000000
13 277 5000000
13 277 5000000
13 277 5000000
13 277 5000000
13 277 944460000
13 277 5000000
13 277 5000000
13 277 5000000
13 277 5000000
13 277 5000000
13 277 5000000
13 277 5000000
13 277 920700000
13 277 261360000
13 277 1534500000
13 277 920700000
13 277 5000000
13 277 5000000
13 277 5000000
13 277 920700000
13 277 5000000
13 277 8910000000
13 277 5000000
13 277 5000000
13 277 5000000
13 277 1136520000
13 277 5000000
13 277 5000000
13 277 21932460000
13 277 5000000
13 277 5000000
13 277 5000000
13 277 5000000
13 277 5000000
13 277 1007820000
13 277 5000000
13 277 1259280000
13 277 5000000
13 277 5000000
13 277 5000000
13 277 5000000
13 277 41580000000
13 277 811800000
13 277 5000000
13 277 5000000
13 277 5000000
13 277 5000000
13 277 5000000
13 277 5000000
13 277 5000000
13 277 5000000
13 277 920700000
13 277 5000000
13 277 5000000
13 277 1166220000
13 277 5000000
13 277 5000000
13 277 1354320000
13 277 5000000
13 277 1534500000
13 277 5000000
13 277 1136520000
13 277 5000000
13 277 5000000
13 277 5000000
13 277 5000000
13 277 5000000
13 277 5000000
13 277 5000000
13 277 1534500000
13 277 5000000
13 277 5000000
13 277 5000000
13 277 1136520000
13 277 944460000
13 277 1007820000
13 277 5000000
13 277 1259280000
13 277 5000000
13 277 1259280000
13 277 5000000
13 277 5000000
13 277 1259280000
13 277 1166220000
13 277 5000000
13 277 5000000
13 277 5000000
13 277 1510740000
13 277 5000000
13 277 5000000
13 277 5000000
13 277 5000000
13 277 1227600000
13 277 5000000
13 277 5000000
13 277 1534500000
13 277 42769980000
13 277 1259280000
13 277 5000000
13 277 55441980000
13 277 5000000
13 277 1227600000
13 277 1136520000
13 277 1259280000
13 277 5000000
13 277 5000000
13 277 5000000
13 277 5000000
13 277 72271980000
13 277 5000000
13 277 1259280000
13 277 5000000
13 277 1136520000
13 277 1534500000
13 277 5000000
13 277 1354320000
13 277 5000000
13 277 1136520000
13 277 5000000
13 277 5000000
13 277 5000000
13 277 5000000
13 277 5000000
13 277 5000000
13 277 5000000
13 277 84150000000
13 277 45540000000
13 277 1510740000
13 277 5000000
13 277 5000000
13 277 1259280000
13 277 5000000
13 277 5000000
13 277 1100880000
13 277 5429160000
13 277 39225780000
13 277 5000000
13 277 1534500000
13 277 5000000
13 277 920700000
13 277 5000000
13 277 5000000
13 277 5000000
13 277 5000000
13 277 920700000
13 277 18811980000
13 277 5000000
13 277 5000000
13 277 5000000
13 277 5000000
13 277 5000000
13 277 457380000
13 277 920700000
13 277 1382040000
13 277 5000000
13 277 5000000
13 277 5941980000
13 277 5000000
13 277 5000000
13 277 5000000
13 277 5000000
13 277 5000000
13 277 920700000
13 277 944460000
13 277 1382040000
13 277 5000000
13 277 5000000
13 277 5000000
13 277 5000000
13 277 920700000
13 277 5000000
13 277 582120000
13 277 1354320000
13 277 5000000
13 277 5000000
13 277 944460000
13 277 5000000
13 277 5000000
13 277 5000000
13 277 1136520000
13 277 944460000
13 277 5000000
13 277 5000000
13 277 5000000
13 277 920700000
13 277 1382040000
13 277 920700000
13 277 5000000
13 277 5000000
13 277 5000000
13 277 5000000
13 277 5000000
13 277 5000000
13 277 1100880000
13 277 5000000
13 277 5000000
13 277 5000000
13 277 1136520000
13 277 9900000000
13 277 5000000
13 277 1382040000
13 277 5000000
13 277 5000000
13 277 5000000
13 277 1136520000
13 277 1534500000
13 277 5000000
13 277 2607660000
13 277 1136520000
13 277 1510740000
13 277 43957980000
13 277 920700000
13 277 5000000
13 277 5000000
13 277 5000000
13 277 5000000
13 277 526680000
13 277 1534500000
13 277 1227600000
13 277 5000000
13 277 1136520000
13 277 920700000
13 277 5000000
13 277 1534500000
13 277 920700000
13 277 5000000
13 277 5000000
13 277 920700000
13 277 5000000
13 277 1510740000
13 277 5000000
13 277 5000000
13 277 5000000
13 277 5000000
13 277 1534500000
13 277 5000000
13 277 5000000
13 277 5000000
13 277 5000000
13 277 5000000
13 277 5000000
13 277 5000000
13 277 1534500000
13 277 1259280000
13 277 5000000
13 277 5000000
13 277 5000000
13 277 5000000
13 277 5000000
13 277 5000000
13 277 1510740000
13 277 5000000
13 277 627660000
13 277 1136520000
13 277 1534500000
13 277 5000000
13 277 5000000
13 277 5000000
13 277 5000000
13 277 920700000
13 277 5000000
13 277 5000000
13 277 1100880000
13 277 1259280000
13 277 5000000
13 277 5000000
13 277 1534500000
13 277 5000000
13 277 1007820000
13 277 5000000
13 277 1259280000
13 277 5000000
13 277 1100880000
13 277 5000000
13 277 1227600000
13 277 5000000
13 277 5000000
13 277 5000000
13 277 1382040000
13 277 1136520000
13 277 5000000
13 277 5000000
13 277 1007820000
13 277 5000000
13 277 5000000
13 277 920700000
13 277 5000000
13 277 5000000
13 277 50490000000
13 277 5000000
13 277 5000000
13 277 5000000
13 277 5000000
13 277 5000000
13 277 5000000
13 277 1136520000
13 277 5000000
13 277 1534500000
13 277 1534500000
13 277 1136520000
13 277 1382040000
13 277 920700000
13 277 5000000
13 277 5000000
13 277 1354320000
13 277 944460000
13 277 1354320000
13 277 1166220000
13 277 5000000
13 277 1354320000
13 277 1510740000
13 277 1007820000
13 277 1100880000
13 277 5000000
13 277 52867980000
13 277 5000000
13 277 1259280000
13 277 5000000
13 277 1136520000
13 277 1534500000
13 277 1259280000
13 277 5000000
13 277 60603840000
13 277 5000000
13 277 1100880000
13 277 5000000
13 277 5000000
13 277 5000000
13 277 5000000
13 277 5000000
13 277 5000000
13 277 5000000
13 277 5000000
13 277 1510740000
13 277 5000000
13 277 1534500000
13 277 5000000
13 277 1136520000
13 277 3478860000
13 277 1354320000
13 277 920700000
13 277 5000000
13 277 920700000
13 277 1896840000
13 277 5000000
13 277 45541980000
13 277 5000000
13 277 5000000
13 277 920700000
13 277 5000000
13 277 5000000
13 277 5000000
13 277 5000000
13 277 5000000
13 277 5000000
13 277 5000000
13 277 1136520000
13 277 5000000
13 277 5000000
13 277 5000000
13 277 5000000
13 277 920700000
13 277 60593940000
13 277 1100880000
13 277 5000000
13 277 1534500000
13 277 5000000
13 277 5000000
13 277 5000000
13 277 5000000
13 277 5000000
13 277 5000000
13 277 1100880000
13 277 5000000
13 277 5000000
13 277 5000000
13 277 944460000
13 277 5000000
13 277 5000000
13 277 5000000
13 277 5000000
13 277 5000000
13 277 5000000
13 277 1510740000
13 277 43308540000
13 277 5000000
13 277 1136520000
13 277 5000000
13 277 5000000
13 277 1136520000
13 277 259380000
13 277 3290760000
13 277 1354320000
13 277 9900000000
13 277 5000000
13 277 920700000
13 277 5000000
13 277 5000000
13 277 5000000
13 277 5000000
13 277 920700000
13 277 1534500000
13 277 5000000
13 277 5000000
13 277 5000000
13 277 5000000
13 277 5000000
13 277 5000000
13 277 920700000
13 277 920700000
13 277 1136520000
13 277 1259280000
13 277 16830000000
13 277 445500000
13 277 1166220000
13 277 5000000
13 277 920700000
13 277 5000000
13 277 9900000000
13 277 1534500000
13 277 920700000
13 277 5000000
13 277 5000000
13 277 1534500000
13 277 5000000
13 277 5000000
13 277 944460000
13 277 5000000
13 277 1007820000
13 277 5000000
13 277 5000000
13 277 1227600000
13 277 5000000
13 277 1136520000
13 277 5000000
13 277 14257980000
13 277 5000000
13 277 5000000
13 277 1259280000
13 277 1534500000
13 277 5000000
13 277 1534500000
13 277 5000000
13 277 5000000
13 277 5000000
13 277 1136520000
13 277 5000000
13 277 19800000000
13 277 43308540000
13 277 5000000
13 277 5000000
13 277 5000000
13 277 5000000
13 277 5000000
13 277 5000000
13 277 9901980000
13 277 1259280000
13 277 944460000
13 277 5000000
13 277 5000000
13 277 1534500000
13 277 1136520000
13 277 5000000
13 277 5000000
13 277 5000000
13 277 601920000
13 277 1534500000
13 277 1007820000
13 277 5000000
13 277 35640000000
13 277 5000000
13 277 5000000
13 277 1227600000
13 277 5000000
13 277 5000000
13 277 5000000
13 277 5000000
13 277 1259280000
13 277 259380000
13 277 5000000
13 277 5000000
13 277 920700000
13 277 5000000
13 277 5000000
13 277 5000000
13 277 1510740000
13 277 5000000
13 277 1136520000
13 277 1100880000
13 277 5000000
13 277 5000000
13 277 5000000
13 277 1382040000
13 277 5000000
13 277 5000000
13 277 1259280000
13 277 5000000
13 277 5000000
13 277 5000000
13 277 5000000
13 277 5000000
13 277 5000000
13 277 920700000
13 277 5000000
13 277 1534500000
13 277 1354320000
13 277 1259280000
13 277 920700000
13 277 5000000
13 277 944460000
13 277 1259280000
13 277 5000000
13 277 496980000
13 277 5000000
13 277 5000000
13 277 5000000
13 277 920700000
13 277 5000000
13 277 685080000
13 277 5000000
13 277 5000000
13 277 1534500000
13 277 5000000
13 277 1534500000
13 277 1534500000
13 277 1136520000
13 277 5000000
13 277 5000000
13 277 5000000
13 277 5000000
13 277 687060000
13 277 5000000
13 277 5000000
13 277 1136520000
13 277 5000000
13 277 32670000000
13 277 9901980000
13 277 5000000
13 277 5000000
13 277 1259280000
13 277 5000000
13 277 5000000
13 277 5000000
13 277 1354320000
13 277 5000000
13 277 5000000
13 277 5000000
13 277 1136520000
13 277 920700000
13 277 920700000
13 277 1382040000
13 277 5000000
13 277 5000000
13 277 1136520000
13 277 5000000
13 277 1136520000
13 277 944460000
13 277 1382040000
13 277 1534500000
13 277 1534500000
13 277 5000000
13 277 5000000
13 277 1354320000
13 277 1510740000
13 277 5000000
13 277 1100880000
13 277 1259280000
13 277 5000000
13 277 1259280000
13 277 5000000
13 277 9900000000
13 277 5000000
13 277 944460000
13 277 920700000
13 277 920700000
13 277 5000000
13 277 5000000
13 277 5000000
13 277 455400000
13 277 5000000
13 277 1100880000
13 277 5000000
13 277 5000000
13 277 5000000
13 277 1136520000
13 277 5000000
13 277 1259280000
13 277 5000000
13 277 9900000000
13 277 5000000
13 277 5000000
13 277 1534500000
13 277 9900000000
13 277 5000000
13 277 5000000
13 277 1259280000
13 277 9900000000
13 277 5000000
13 277 5000000
13 277 920700000
13 277 1136520000
13 277 920700000
13 277 5000000
13 277 1259280000
13 277 5000000
13 277 328680000
13 277 920700000
13 277 5000000
13 277 261360000
13 277 5000000
13 277 5000000
13 277 5000000
13 277 5000000
13 277 1007820000
13 277 920700000
13 277 5000000
13 277 1136520000
13 277 5000000
13 277 944460000
13 277 5000000
13 277 5000000
13 277 5000000
13 277 5000000
13 277 67320000000
13 277 1354320000
13 277 1534500000
13 277 920700000
13 277 9900000000
13 277 1259280000
13 277 1534500000
13 277 1136520000
13 277 920700000
13 277 5000000
13 277 5000000
13 277 1510740000
13 277 1259280000
13 277 1510740000
13 277 5000000
13 277 1166220000
13 277 5000000
13 277 37241820000
13 277 5000000
13 277 1007820000
13 277 1534500000
13 277 1259280000
13 277 1259280000
13 277 326700000
13 277 5000000
13 277 5000000
13 277 5000000
13 277 1136520000
13 277 5000000
13 277 1136520000
13 277 5000000
13 277 21934440000
13 277 9901980000
13 277 10693980000
13 277 5000000
13 277 5000000
13 277 920700000
13 277 5000000
13 277 5000000
13 277 5000000
13 277 1534500000
13 277 5000000
13 277 920700000
13 277 328680000
13 277 5000000
13 277 4397580000
13 277 5000000
13 277 5000000
13 277 5000000
13 277 5000000
13 277 5000000
13 277 1100880000
13 277 5000000
13 277 5000000
13 277 920700000
13 277 1136520000
13 277 1136520000
13 277 1263240000
13 277 5000000
13 277 5000000
13 277 1136520000
13 277 920700000
13 277 5000000
13 277 5000000
13 277 5000000
13 277 5000000
13 277 920700000
13 277 5000000
13 277 5000000
13 277 5000000
13 277 5000000
13 277 1534500000
13 277 3478860000
13 277 1259280000
13 277 5000000
13 277 944460000
13 277 1534500000
13 277 5000000
13 277 5000000
13 277 5000000
13 277 5000000
13 277 1166220000
13 277 5000000
13 277 1259280000
13 277 5000000
13 277 5000000
13 277 5000000
13 277 1382040000
13 277 5000000
13 277 1382040000
13 277 5000000
13 277 5000000
13 277 5000000
13 277 5000000
13 277 5000000
13 277 944460000
13 277 5000000
13 277 1382040000
13 277 5000000
13 277 1136520000
13 277 5000000
13 277 5000000
13 277 5000000
13 277 5000000
13 277 9901980000
13 277 5000000
13 277 5000000
13 277 920700000
13 277 5000000
13 277 5000000
13 277 18811980000
13 277 1259280000
13 277 5000000
13 277 5000000
13 277 5000000
13 277 1100880000
13 277 61381980000
13 277 5000000
13 277 1227600000
13 277 5000000
13 277 514800000
13 277 5000000
13 277 920700000
13 277 1534500000
13 277 29700000000
13 277 5000000
13 277 9900000000
13 277 5000000
13 277 5000000
13 277 1136520000
13 277 1259280000
13 277 1227600000
13 277 5000000
13 277 944460000
13 277 5000000
13 277 5000000
13 277 1100880000
13 277 1136520000
13 277 920700000
13 277 920700000
13 277 445500000
13 277 5000000
13 277 5000000
13 277 5000000
13 277 1534500000
13 277 5000000
13 277 5000000
13 277 5000000
13 277 5000000
13 277 79200000000
13 277 5000000
13 277 11018700000
13 277 5000000
13 277 5000000
13 277 1449360000
13 277 5000000
13 277 5000000
13 277 5000000
13 277 5000000
13 277 920700000
13 277 5000000
13 277 5000000
13 277 5000000
13 277 1136520000
13 277 5000000
13 277 5000000
13 277 920700000
13 277 920700000
13 277 5000000
13 277 5000000
13 277 5000000
13 277 5000000
13 277 5000000
13 277 5000000
13 277 5000000
13 277 1259280000
13 277 1534500000
13 277 920700000
13 277 5000000
13 277 944460000
13 277 5000000
13 277 5000000
13 277 5000000
13 277 5000000
13 277 5000000
13 277 5000000
13 277 5000000
13 277 5000000
13 277 5000000
13 277 47521980000
13 277 5000000
13 277 5000000
13 277 5000000
13 277 1259280000
13 277 5000000
13 277 920700000
13 277 5000000
13 277 5000000
13 277 5000000
13 277 5000000
13 277 5000000
13 277 1073160000
13 277 5000000
13 277 1136520000
13 277 5000000
13 277 1259280000
13 277 45540000000
13 277 417780000
13 277 5000000
13 277 5000000
13 277 5000000
13 277 5000000
13 277 5000000
13 277 5000000
13 277 1100880000
13 277 5000000
13 277 405900000
13 277 5000000
13 277 5000000
13 277 5000000
13 277 27720000000
13 277 920700000
13 277 944460000
13 277 5000000
13 277 1534500000
13 277 5000000
13 277 5000000
13 277 5000000
13 277 1534500000
13 277 5000000
13 277 1259280000
13 277 5000000
13 277 5000000
13 277 1136520000
13 277 5000000
13 277 1534500000
13 277 5000000
13 277 55441980000
13 277 1100880000
13 277 5000000
13 277 5000000
13 277 5000000
13 277 5000000
13 277 5000000
13 277 445500000
13 277 5000000
13 277 5000000
13 277 5000000
13 277 5000000
13 277 5000000
13 277 5000000
13 277 5000000
13 277 5000000
13 277 944460000
13 277 1534500000
13 277 1136520000
13 277 944460000
13 277 5000000
13 277 5000000
13 277 920700000
13 277 920700000
13 277 5000000
13 277 5000000
13 277 5000000
13 277 5000000
13 277 5000000
13 277 5000000
13 277 1259280000
13 277 5000000
13 277 1227600000
13 277 5000000
13 277 920700000
13 277 1382040000
13 277 5000000
13 277 5000000
13 277 1259280000
13 277 1136520000
13 277 1136520000
13 277 45145980000
13 277 944460000
13 277 920700000
13 277 9901980000
13 277 5000000
13 277 920700000
13 277 5000000
13 277 1534500000
13 277 1136520000
13 277 5000000
13 277 1136520000
13 277 13860000000
13 277 803880000
13 277 5000000
13 277 5000000
13 277 36544860000
13 277 5000000
13 277 5000000
13 277 1259280000
13 277 5000000
13 277 944460000
13 277 5000000
13 277 1073160000
13 277 5000000
13 277 5000000
13 277 518760000
13 277 5000000
13 277 5000000
13 277 920700000
13 277 5000000
13 277 1136520000
13 277 920700000
13 277 22573980000
13 277 5000000
13 277 5000000
13 277 1534500000
13 277 1136520000
13 277 5000000
13 277 13861980000
13 277 1510740000
13 277 5000000
13 277 5000000
13 277 5000000
13 277 1136520000
13 277 5000000
13 277 1227600000
13 277 5000000
13 277 1136520000
13 277 5000000
13 277 5000000
13 277 944460000
13 277 5000000
13 277 5000000
13 277 32384880000
13 277 5000000
13 277 5000000
13 277 5000000
13 277 5000000
13 277 1259280000
13 277 5000000
13 277 5000000
13 277 5000000
13 277 5000000
13 277 5000000
13 277 43560000000
13 277 5000000
13 277 5000000
13 277 5000000
13 277 5000000
13 277 5000000
13 277 5000000
13 277 1534500000
13 277 1259280000
13 277 5000000
13 277 5000000
13 277 9900000000
13 277 53461980000
13 277 1136520000
13 277 26173620000
13 277 5000000
13 277 1100880000
13 277 5000000
13 277 5000000
13 277 1259280000
13 277 1510740000
13 277 5000000
13 277 5000000
13 277 5000000
13 277 5000000
13 277 5000000
13 277 5000000
13 277 5000000
13 277 5000000
13 277 5000000
13 277 5000000
13 277 5000000
13 277 5000000
13 277 5000000
13 277 1259280000
13 277 5000000
13 277 61381980000
13 277 5000000
13 277 1136520000
13 277 5000000
13 277 24750000000
13 277 5000000
13 277 5000000
13 277 52471980000
13 277 5000000
13 277 5000000
13 277 5000000
13 277 1534500000
13 277 5000000
13 277 5000000
13 277 5000000
13 277 5000000
13 277 5000000
13 277 1259280000
13 277 1136520000
13 277 920700000
13 277 5000000
13 277 5000000
13 277 1100880000
13 277 5000000
13 277 5429160000
13 277 5000000
13 277 5000000
13 277 1534500000
13 277 5000000
13 277 1510740000
13 277 5000000
13 277 5000000
13 277 5000000
13 277 5000000
13 277 5000000
13 277 16830000000
13 277 1354320000
13 277 1136520000
13 277 5000000
13 277 5000000
13 277 5000000
13 277 1073160000
13 277 5000000
13 277 5000000
13 277 2051280000
13 277 5000000
13 277 5000000
13 277 5427180000
13 277 70361280000
13 277 5000000
13 277 5000000
13 277 5000000
13 277 5000000
13 277 5000000
13 277 1259280000
13 277 1259280000
13 277 5000000
13 277 5000000
13 277 9901980000
13 277 5000000
13 277 1100880000
13 277 1136520000
13 277 5000000
13 277 1259280000
13 277 920700000
13 277 5000000
13 277 5000000
13 277 1259280000
13 277 5000000
13 277 5000000
13 277 5000000
13 277 5000000
13 277 5000000
13 277 5000000
13 277 5000000
13 277 5000000
13 277 5000000
13 277 5000000
13 277 1354320000
13 277 5000000
13 277 687060000
13 277 1534500000
13 277 679140000
13 277 746460000
13 277 5000000
13 277 5000000
13 277 5000000
13 277 5000000
13 277 5000000
13 277 1534500000
13 277 259380000
13 277 5000000
13 277 5000000
13 277 1073160000
13 277 5940000000
13 277 36631980000
13 277 5000000
13 277 920700000
13 277 5000000
13 277 1136520000
13 277 1534500000
13 277 42769980000
13 277 5000000
13 277 1534500000
13 277 5000000
13 277 970200000
13 277 1100880000
13 277 5000000
13 277 5000000
13 277 5000000
13 277 9900000000
13 277 9900000000
13 277 5000000
13 277 1510740000
13 277 1100880000
13 277 1259280000
13 277 1534500000
13 277 5000000
13 277 5000000
13 277 5000000
13 277 5000000
13 277 41581980000
13 277 5000000
13 277 5000000
13 277 43957980000
13 277 5000000
13 277 5000000
13 277 827640000
13 277 1534500000
13 277 1259280000
13 277 1259280000
13 277 60593940000
13 277 5000000
13 277 5000000
13 277 5000000
13 277 5000000
13 277 5000000
13 277 5000000
13 277 5000000
13 277 5000000
13 277 5000000
13 277 5000000
13 277 27157680000
13 277 5000000
13 277 5000000
13 277 5000000
13 277 5000000
13 277 5000000
13 277 1136520000
13 277 5000000
13 277 1534500000
13 277 1136520000
13 277 1534500000
13 277 5000000
13 277 1534500000
13 277 1534500000
13 277 5000000
13 277 5000000
13 277 5000000
13 277 5000000
13 277 5000000
13 277 1510740000
13 277 5000000
13 277 920700000
13 277 1382040000
13 277 5000000
13 277 5000000
13 277 1100880000
13 277 5000000
13 277 5000000
13 277 5000000
13 277 5000000
13 277 920700000
13 277 1259280000
13 277 5000000
13 277 5000000
13 277 944460000
13 277 920700000
13 277 64350000000
13 277 5000000
13 277 5000000
13 277 5000000
13 277 43560000000
13 277 920700000
13 277 5000000
13 277 5000000
13 277 5427180000
13 277 5000000
13 277 1136520000
13 277 5000000
13 277 920700000
13 277 920700000
13 277 5000000
13 277 1534500000
13 277 9900000000
13 277 5000000
13 277 1259280000
13 277 5000000
13 277 1382040000
13 277 5000000
13 277 84150000000
13 277 5000000
13 277 5000000
13 277 35640000000
13 277 30691980000
13 277 5000000
13 277 5000000
13 277 5000000
13 277 1259280000
13 277 944460000
13 277 5000000
13 277 910800000
13 277 1166220000
13 277 5000000
13 277 1007820000
13 277 1118700000
13 277 920700000
13 277 1136520000
13 277 1259280000
13 277 5000000
13 277 5000000
13 277 5000000
13 277 5000000
13 277 5000000
13 277 1073160000
13 277 5000000
13 277 920700000
13 277 5000000
13 277 1136520000
13 277 5000000
13 277 18811980000
13 277 5000000
13 277 1136520000
13 277 944460000
13 277 5000000
13 277 29700000000
13 277 1510740000
13 277 5000000
13 277 5000000
13 277 5000000
13 277 5000000
13 277 1510740000
13 277 944460000
13 277 1534500000
13 277 5000000
13 277 1382040000
13 277 5000000
13 277 5000000
13 277 5000000
13 277 920700000
13 277 1417680000
13 277 5000000
13 277 5000000
13 277 5000000
13 277 1259280000
13 277 5000000
13 277 5000000
13 277 5000000
13 277 5000000
13 277 1100880000
13 277 5000000
13 277 5000000
13 277 5000000
13 277 5000000
13 277 5000000
13 277 5000000
13 277 1259280000
13 277 5000000
13 277 5000000
13 277 5000000
13 277 5000000
13 277 1534500000
13 277 485100000
13 277 1382040000
13 277 5000000
13 277 5000000
13 277 1382040000
13 277 5000000
13 277 5000000
13 277 1227600000
13 277 5000000
13 277 5000000
13 277 5000000
13 277 1136520000
13 277 5000000
13 277 1259280000
13 277 5000000
13 277 920700000
13 277 5000000
13 277 1136520000
13 277 5000000
13 277 5000000
13 277 1259280000
13 277 5000000
13 277 920700000
13 277 5000000
13 277 5000000
13 277 5000000
13 277 5000000
13 277 1259280000
13 277 30690000000
13 277 5000000
13 277 29700000000
13 277 1534500000
13 277 944460000
13 277 5000000
13 277 5000000
13 277 1136520000
13 277 5000000
13 277 5000000
13 277 1136520000
13 277 1534500000
13 277 5000000
13 277 5000000
13 277 455400000
13 277 5000000
13 277 904860000
13 277 5000000
13 277 29700000000
13 277 1534500000
13 277 5000000
13 277 1100880000
13 277 5000000
13 277 1354320000
13 277 5000000
13 277 5000000
13 277 1534500000
13 277 1534500000
13 277 1534500000
13 277 5000000
13 277 5000000
13 277 526680000
13 277 5000000
13 277 1136520000
13 277 5000000
13 277 1354320000
13 277 5000000
13 277 1007820000
13 277 5000000
13 277 5000000
13 277 5000000
13 277 793980000
13 277 5000000
13 277 5000000
13 277 29700000000
13 277 5000000
13 277 1534500000
13 277 5000000
13 277 5000000
13 277 5941980000
13 277 5000000
13 277 5000000
13 277 5000000
13 277 920700000
13 277 5000000
13 277 944460000
13 277 5000000
13 277 5000000
13 277 1354320000
13 277 5000000
13 277 56430000000
13 277 5000000
13 277 5000000
13 277 5000000
13 277 5000000
13 277 5000000
13 277 5000000
13 277 1259280000
13 277 1136520000
13 277 5000000
13 277 5000000
13 277 524700000
13 277 5000000
13 277 1534500000
13 277 5000000
13 277 9900000000
13 277 1227600000
13 277 1100880000
13 277 5000000
13 277 5000000
13 277 5000000
13 277 5000000
13 277 1136520000
13 277 29700000000
13 277 5000000
13 277 1534500000
13 277 50491980000
13 277 94050000000
13 277 5000000
13 277 1136520000
13 277 5000000
13 277 920700000
13 277 29700000000
13 277 11287980000
13 277 5000000
13 277 5000000
13 277 9900000000
13 277 5000000
13 277 5000000
13 277 1421640000
13 277 5000000
13 277 5000000
13 277 5000000
13 277 2176020000
13 277 5000000
13 277 1136520000
13 277 5000000
13 277 70363260000
13 277 5000000
13 277 1136520000
13 277 5000000
13 277 39223800000
13 277 5000000
13 277 29700000000
13 277 5000000
13 277 5000000
13 277 920700000
13 277 944460000
13 277 1007820000
13 277 920700000
13 277 5000000
13 277 5000000
13 277 5000000
13 277 5000000
13 277 1259280000
13 277 5000000
13 277 5000000
13 277 5000000
13 277 1354320000
13 277 5000000
13 277 5000000
13 277 1259280000
13 277 1382040000
13 277 5000000
13 277 1136520000
13 277 1259280000
13 277 5000000
13 277 5000000
13 277 5000000
13 277 5000000
13 277 5000000
13 277 5000000
13 277 5000000
13 277 5000000
13 277 5000000
13 277 5000000
13 277 5000000
13 277 1259280000
13 277 9901980000
13 277 5000000
13 277 1136520000
13 277 5000000
13 277 5000000
13 277 5000000
13 277 920700000
13 277 5000000
13 277 5000000
13 277 5000000
13 277 1007820000
13 277 5000000
13 277 5000000
13 277 5000000
13 277 5000000
13 277 5941980000
13 277 5000000
13 277 1766160000
13 277 1259280000
13 277 5000000
13 277 5000000
13 277 5000000
13 277 5000000
13 277 1259280000
13 277 920700000
13 277 5000000
13 277 1136520000
13 277 1259280000
13 277 1534500000
13 277 5000000
13 277 920700000
13 277 5000000
13 277 5000000
13 277 1534500000
13 277 5000000
13 277 1510740000
13 277 5000000
13 277 5000000
13 277 1354320000
13 277 5000000
13 277 944460000
13 277 5000000
13 277 5000000
13 277 1100880000
13 277 5000000
13 277 1100880000
13 277 27721980000
13 277 1073160000
13 277 1510740000
13 277 5000000
13 277 5000000
13 277 5000000
13 277 5000000
13 277 9900000000
13 277 920700000
13 277 43957980000
13 277 1534500000
13 277 5000000
13 277 5000000
13 277 944460000
13 277 5000000
13 277 5000000
13 277 1136520000
13 277 5000000
13 277 5000000
13 277 1136520000
13 277 5000000
13 277 1136520000
13 277 5000000
13 277 5000000
13 277 1534500000
13 277 920700000
13 277 5000000
13 277 5000000
13 277 5000000
13 277 920700000
13 277 1007820000
13 277 5000000
13 277 5000000
13 277 5000000
13 277 1259280000
13 277 5000000
13 277 1534500000
13 277 1382040000
13 277 5000000
13 277 1534500000
13 277 5000000
13 277 3051180000
13 277 5000000
13 277 5000000
13 277 1166220000
13 277 1259280000
13 277 1227600000
13 277 1382040000
13 277 5000000
13 277 9900000000
13 277 1136520000
13 277 1136520000
13 277 5000000
13 277 1534500000
13 277 1136520000
13 277 5000000
13 277 5000000
13 277 5000000
13 277 1007820000
13 277 5000000
13 277 5000000
13 277 5000000
13 277 5000000
13 277 5000000
13 277 5000000
13 277 524700000
13 277 5000000
13 277 5000000
13 277 1259280000
13 277 1136520000
13 277 5000000
13 277 1354320000
13 277 1534500000
13 277 5000000
13 277 5000000
13 277 5000000
13 277 5000000
13 277 1136520000
13 277 5000000
13 277 920700000
13 277 5000000
13 277 5000000
13 277 5000000
13 277 5000000
13 277 1259280000
13 277 944460000
13 277 5000000
13 277 1534500000
13 277 1100880000
13 277 5000000
13 277 5000000
13 277 5000000
13 277 5000000
13 277 5000000
13 277 920700000
13 277 5000000
13 277 1136520000
13 277 5000000
13 277 1534500000
13 277 5000000
13 277 5000000
13 277 5000000
13 277 5000000
13 277 5000000
13 277 920700000
13 277 5000000
13 277 5000000
13 277 1534500000
13 277 1136520000
13 277 5000000
13 277 1534500000
13 277 5000000
13 277 5000000
13 277 5000000
13 277 920700000
13 277 5000000
13 277 5000000
13 277 1100880000
13 277 5000000
13 277 5000000
13 277 5000000
13 277 5000000
13 277 1421640000
13 277 5000000
13 277 5941980000
13 277 5000000
13 277 1100880000
13 277 5000000
13 277 1534500000
13 277 5000000
13 277 5000000
13 277 1259280000
13 277 5000000
13 277 9900000000
13 277 5000000
13 277 944460000
13 277 5000000
13 277 5000000
13 277 5000000
13 277 5000000
13 277 5000000
13 277 47480400000
13 277 5000000
13 277 1259280000
13 277 1136520000
13 277 1227600000
13 277 5000000
13 277 5000000
13 277 920700000
13 277 1073160000
13 277 1007820000
13 277 5000000
13 277 5000000
13 277 5000000
13 277 5000000
13 277 5000000
13 277 5000000
13 277 1259280000
13 277 1534500000
13 277 1354320000
13 277 5000000
13 277 5000000
13 277 84150000000
13 277 920700000
13 277 9901980000
13 277 5000000
13 277 5000000
13 277 5000000
13 277 5000000
13 277 5000000
13 277 1166220000
13 277 485100000
13 277 5000000
13 277 5000000
13 277 5000000
13 277 1136520000
13 277 5000000
13 277 5000000
13 277 5000000
13 277 920700000
13 277 5000000
13 277 5000000
13 277 5000000
13 277 5000000
13 277 1166220000
13 277 5000000
13 277 944460000
13 277 5000000
13 277 5000000
13 277 5000000
13 277 5000000
13 277 5000000
13 277 1007820000
13 277 1259280000
13 277 5000000
13 277 1136520000
13 277 3051180000
13 277 5000000
13 277 5000000
13 277 1354320000
13 277 5000000
13 277 657360000
13 277 5000000
13 277 5000000
13 277 326700000
13 277 920700000
13 277 5000000
13 277 1251360000
13 277 1510740000
13 277 5000000
13 277 5000000
13 277 5000000
13 277 1259280000
13 277 1166220000
13 277 5000000
13 277 5000000
13 277 920700000
13 277 5000000
13 277 944460000
13 277 1354320000
13 277 5000000
13 277 1100880000
13 277 5000000
13 277 1259280000
13 277 920700000
13 277 35641980000
13 277 5000000
13 277 5000000
13 277 1136520000
13 277 62825400000
13 277 5000000
13 277 5000000
13 277 5000000
13 277 5000000
13 277 9901980000
13 277 1007820000
13 277 5000000
13 277 94050000000
13 277 5000000
13 277 5000000
13 277 1534500000
13 277 5000000
13 277 1073160000
13 277 98010000000
13 277 1136520000
13 277 5000000
13 277 5000000
13 277 5000000
13 277 5000000
13 277 5000000
13 277 5000000
13 277 5000000
13 277 518760000
13 277 920700000
13 277 1136520000
13 277 1896840000
13 277 920700000
13 277 5000000
13 277 5000000
13 277 1073160000
13 277 1136520000
13 277 5000000
13 277 5000000
13 277 5000000
13 277 5000000
13 277 5000000
13 277 5000000
13 277 920700000
13 277 5000000
13 277 5000000
13 277 1100880000
13 277 5000000
13 277 1431540000
13 277 1382040000
13 277 5000000
13 277 5000000
13 277 5000000
13 277 1007820000
13 277 5000000
13 277 5000000
13 277 5000000
13 277 9900000000
13 277 5000000
13 277 5000000
13 277 920700000
13 277 702900000
13 277 5000000
13 277 617760000
13 277 5000000
13 277 5000000
13 277 5000000
13 277 5000000
13 277 5000000
13 277 5000000
13 277 2494800000
13 277 5000000
13 277 5000000
13 277 1227600000
13 277 5000000
13 277 5000000
13 277 5000000
13 277 5000000
13 277 5000000
13 277 5000000
13 277 5000000
13 277 1100880000
13 277 920700000
13 277 5000000
13 277 5000000
13 277 79200000000
13 277 1100880000
13 277 920700000
13 277 5000000
13 277 5000000
13 277 5000000
13 277 5000000
13 277 5000000
13 277 1136520000
13 277 5000000
13 277 5000000
13 277 5000000
13 277 5000000
13 277 5000000
13 277 5000000
13 277 21839400000
13 277 5000000
13 277 5000000
13 277 5000000
13 277 5000000
13 277 522720000
13 277 1259280000
13 277 5000000
13 277 1073160000
13 277 5000000
13 277 1259280000
13 277 5000000
13 277 1354320000
13 277 1100880000
13 277 1227600000
13 277 5000000
13 277 5000000
13 277 4714380000
13 277 5000000
13 277 5000000
13 277 15840000000
13 277 5000000
13 277 1534500000
13 277 1136520000
13 277 5000000
13 277 5000000
13 277 5000000
13 277 1136520000
13 277 1534500000
13 277 52867980000
13 277 45145980000
13 277 5000000
13 277 5000000
13 277 5000000
13 277 5000000
13 277 920700000
13 277 5000000
13 277 5000000
13 277 5000000
13 277 1382040000
13 277 5000000
13 277 1073160000
13 277 5000000
13 277 1534500000
13 277 5000000
13 277 1136520000
13 277 5000000
13 277 1136520000
13 277 920700000
13 277 5000000
13 277 5000000
13 277 5000000
13 277 1227600000
13 277 1100880000
13 277 5000000
13 277 920700000
13 277 5000000
13 277 1166220000
13 277 1259280000
13 277 1259280000
13 277 29701980000
13 277 5000000
13 277 5000000
13 277 550440000
13 277 5000000
13 277 5000000
13 277 5000000
13 277 5000000
13 277 5000000
13 277 5000000
13 277 5000000
13 277 5000000
13 277 5000000
13 277 5000000
13 277 920700000
13 277 2688840000
13 277 5000000
13 277 5000000
13 277 1259280000
13 277 5000000
13 277 1259280000
13 277 5000000
13 277 5000000
13 277 5000000
13 277 1534500000
13 277 5000000
13 277 1534500000
13 277 5000000
13 277 5000000
13 277 5000000
13 277 5000000
13 277 5000000
13 277 1354320000
13 277 1136520000
13 277 5000000
13 277 5000000
13 277 5000000
13 277 1136520000
13 277 1007820000
13 277 1534500000
13 277 5000000
13 277 5000000
13 277 5000000
13 277 5000000
13 277 21781980000
13 277 1100880000
13 277 12826440000
13 277 5000000
13 277 5000000
13 277 5000000
13 277 1259280000
13 277 5000000
13 277 5000000
13 277 5000000
13 277 5000000
13 277 764280000
13 277 920700000
13 277 53461980000
13 277 5000000
13 277 30691980000
13 277 1354320000
13 277 5000000
13 277 5000000
13 277 5000000
13 277 920700000
13 277 5000000
13 277 5000000
13 277 5000000
13 277 5000000
13 277 5000000
13 277 5000000
13 277 1136520000
13 277 5000000
13 277 5000000
13 277 5000000
13 277 1534500000
13 277 5000000
13 277 920700000
13 277 5000000
13 277 920700000
13 277 5000000
13 277 5000000
13 277 1382040000
13 277 1382040000
13 277 5000000
13 277 30765240000
13 277 5000000
13 277 5000000
13 277 920700000
13 277 5000000
13 277 5000000
13 277 5000000
13 277 1007820000
13 277 11020680000
13 277 5000000
13 277 5000000
13 277 5000000
13 277 5000000
13 277 1510740000
13 277 5000000
13 277 2221560000
13 277 5000000
13 277 920700000
13 277 5000000
13 277 5000000
13 277 16830000000
13 277 5000000
13 277 5000000
13 277 5000000
13 277 18810000000
13 277 5000000
13 277 261360000
13 277 5000000
13 277 1534500000
13 277 5000000
13 277 1259280000
13 277 36631980000
13 277 5000000
13 277 1136520000
13 277 5000000
13 277 9900000000
13 277 920700000
13 277 5000000
13 277 920700000
13 277 5000000
13 277 1227600000
13 277 1259280000
13 277 920700000
13 277 5000000
13 277 5000000
13 277 5000000
13 277 5000000
13 277 1534500000
13 277 1007820000
13 277 5000000
13 277 5000000
13 277 1259280000
13 277 5000000
13 277 5000000
13 277 5000000
13 277 5000000
13 277 1534500000
13 277 5000000
13 277 5000000
13 277 5000000
13 277 5000000
13 277 5000000
13 277 5000000
13 277 5000000
13 277 1007820000
13 277 5000000
13 277 944460000
13 277 441540000
13 277 5000000
13 277 1510740000
13 277 9901980000
13 277 5000000
13 277 5000000
13 277 5000000
13 277 920700000
13 277 5000000
13 277 1259280000
13 277 5000000
13 277 5000000
13 277 1534500000
13 277 5000000
13 277 1635480000
13 277 1136520000
13 277 5000000
13 277 5000000
13 277 5000000
13 277 1007820000
13 277 1100880000
13 277 1354320000
13 277 5000000
13 277 5000000
13 277 5000000
13 277 56431980000
13 277 920700000
13 277 920700000
13 277 5000000
13 277 5000000
13 277 1073160000
13 277 1227600000
13 277 5000000
13 277 5000000
13 277 944460000
13 277 5000000
13 277 1136520000
13 277 5000000
13 277 328680000
13 277 5000000
13 277 5000000
13 277 5000000
13 277 1136520000
13 277 5000000
13 277 5000000
13 277 1259280000
13 277 1259280000
13 277 1259280000
13 277 803880000
13 277 5000000
13 277 5000000
13 277 22771980000
13 277 5000000
13 277 5000000
13 277 5000000
13 277 1354320000
13 277 702900000
13 277 920700000
13 277 5000000
13 277 5000000
13 277 5000000
13 277 1227600000
13 277 1259280000
13 277 1136520000
13 277 5000000
13 277 5000000
13 277 5000000
13 277 5000000
13 277 5000000
13 277 764280000
13 277 5000000
13 277 5000000
13 277 5000000
13 277 30690000000
13 277 5000000
13 277 1136520000
13 277 5000000
13 277 21839400000
13 277 1136520000
13 277 5000000
13 277 5000000
13 277 5000000
13 277 5000000
13 277 5000000
13 277 1259280000
13 277 5000000
13 277 5000000
13 277 1510740000
13 277 5000000
13 277 5000000
13 277 5000000
13 277 1259280000
13 277 5000000
13 277 5000000
13 277 920700000
13 277 1534500000
13 277 1259280000
13 277 5000000
13 277 5000000
13 277 1136520000
13 277 5000000
13 277 1534500000
13 277 5000000
13 277 1534500000
13 277 920700000
13 277 5000000
13 277 1100880000
13 277 1534500000
13 277 5000000
13 277 1100880000
13 277 5000000
13 277 5000000
13 277 1259280000
13 277 1136520000
13 277 5000000
13 277 920700000
13 277 524700000
13 277 5000000
13 277 5000000
13 277 1136520000
13 277 5000000
13 277 1259280000
13 277 5000000
13 277 5000000
13 277 1007820000
13 277 1510740000
13 277 5000000
13 277 5000000
13 277 5000000
13 277 5000000
13 277 5000000
13 277 5000000
13 277 5000000
13 277 5000000
13 277 5000000
13 277 5000000
13 277 5000000
13 277 5000000
13 277 1073160000
13 277 1534500000
13 277 1166220000
13 277 5000000
13 277 1534500000
13 277 1510740000
13 277 5000000
13 277 5000000
13 277 5000000
13 277 1136520000
13 277 5000000
13 277 5000000
13 277 5000000
13 277 5000000
13 277 5000000
13 277 5000000
13 277 920700000
13 277 5000000
13 277 1534500000
13 277 1100880000
13 277 5000000
13 277 1007820000
13 277 1259280000
13 277 5000000
13 277 5000000
13 277 5000000
13 277 5000000
13 277 1510740000
13 277 5000000
13 277 1136520000
13 277 5000000
13 277 35641980000
13 277 5000000
13 277 33661980000
13 277 5000000
13 277 5000000
13 277 5000000
13 277 5000000
13 277 5000000
13 277 5000000
13 277 5000000
13 277 5000000
13 277 5000000
13 277 1100880000
13 277 5000000
13 277 5000000
13 277 5000000
13 277 920700000
13 277 5000000
13 277 5000000
13 277 5000000
13 277 5000000
13 277 1259280000
13 277 5000000
13 277 14850000000
13 277 29700000000
13 277 920700000
13 277 5000000
13 277 5000000
13 277 5000000
13 277 5000000
13 277 5000000
13 277 5000000
13 277 920700000
13 277 5000000
13 277 5000000
13 277 5000000
13 277 5000000
13 277 1136520000
13 277 5000000
13 277 5000000
13 277 920700000
13 277 5000000
13 277 920700000
13 277 1136520000
13 277 5000000
13 277 5000000
13 277 1136520000
13 277 5000000
13 277 1534500000
13 277 1354320000
13 277 1007820000
13 277 944460000
13 277 9900000000
13 277 1534500000
13 277 1534500000
13 277 5000000
13 277 920700000
13 277 944460000
13 277 1100880000
13 277 5000000
13 277 1259280000
13 277 5000000
13 277 5000000
13 277 5000000
13 277 1259280000
13 277 5000000
13 277 5000000
13 277 12858120000
13 277 1007820000
13 277 5000000
13 277 5000000
13 277 43748100000
13 277 26137980000
13 277 1136520000
13 277 5000000
13 277 5000000
13 277 1136520000
13 277 5000000
13 277 1354320000
13 277 5000000
13 277 1136520000
13 277 5000000
13 277 5000000
13 277 1354320000
13 277 5000000
13 277 5000000
13 277 920700000
13 277 5000000
13 277 1136520000
13 277 1534500000
13 277 5000000
13 277 5000000
13 277 1073160000
13 277 1534500000
13 277 5000000
13 277 1510740000
13 277 5000000
13 277 1136520000
13 277 5000000
13 277 5000000
13 277 5000000
13 277 5000000
13 277 1249380000
13 277 3332340000
13 277 5000000
13 277 14851980000
13 277 1534500000
13 277 5000000
13 277 1136520000
13 277 5000000
13 277 5000000
13 277 1007820000
13 277 9901980000
13 277 944460000
13 277 5000000
13 277 5000000
13 277 5000000
13 277 5000000
13 277 5000000
13 277 1136520000
13 277 5000000
13 277 5000000
13 277 5000000
13 277 5000000
13 277 5000000
13 277 1136520000
13 277 5000000
13 277 1100880000
13 277 1534500000
13 277 1007820000
13 277 5000000
13 277 5000000
13 277 920700000
13 277 1534500000
13 277 5000000
13 277 5000000
13 277 1259280000
13 277 1534500000
13 277 944460000
13 277 5000000
13 277 920700000
13 277 5000000
13 277 944460000
13 277 5000000
13 277 5000000
13 277 639540000
13 277 5000000
13 277 5000000
13 277 5000000
13 277 5000000
13 277 5000000
13 277 5000000
13 277 5000000
13 277 920700000
13 277 5000000
13 277 1100880000
13 277 5000000
13 277 1136520000
13 277 5000000
13 277 5000000
13 277 5000000
13 277 1673100000
13 277 9900000000
13 277 5000000
13 277 920700000
13 277 5000000
13 277 5000000
13 277 5000000
13 277 5000000
13 277 920700000
13 277 5000000
13 277 1534500000
13 277 5000000
13 277 5000000
13 277 1534500000
13 277 5000000
13 277 5000000
13 277 5000000
13 277 1166220000
13 277 5000000
13 277 1100880000
13 277 1534500000
13 277 5000000
13 277 5000000
13 277 1259280000
13 277 5000000
13 277 5000000
13 277 1136520000
13 277 920700000
13 277 5000000
13 277 5000000
13 277 920700000
13 277 5000000
13 277 1136520000
13 277 5000000
13 277 5000000
13 277 5000000
13 277 5000000
13 277 920700000
13 277 5000000
13 277 5000000
13 277 5000000
13 277 920700000
13 277 5000000
13 277 5000000
13 277 5000000
13 277 5000000
13 277 1136520000
13 277 5000000
13 277 1136520000
13 277 5000000
13 277 5000000
13 277 920700000
13 277 1382040000
13 277 5000000
13 277 5000000
13 277 5000000
13 277 1136520000
13 277 5000000
13 277 9901980000
13 277 1136520000
13 277 5000000
13 277 9901980000
13 277 5000000
13 277 1259280000
13 277 1136520000
13 277 1259280000
13 277 5000000
13 277 5000000
13 277 5000000
13 277 9900000000
13 277 1534500000
13 277 5000000
13 277 5000000
13 277 944460000
13 277 21780000000
13 277 5000000
13 277 1534500000
13 277 1007820000
13 277 1007820000
13 277 920700000
13 277 5000000
13 277 5000000
13 277 5000000
13 277 1534500000
13 277 5000000
13 277 5000000
13 277 1534500000
13 277 19801980000
13 277 5000000
13 277 5000000
13 277 1259280000
13 277 5000000
13 277 696960000
13 277 5000000
13 277 920700000
13 277 5000000
13 277 5000000
13 277 5000000
13 277 5000000
13 277 5000000
13 277 920700000
13 277 920700000
13 277 5000000
13 277 5000000
13 277 1354320000
13 277 5000000
13 277 5000000
13 277 5000000
13 277 5000000
13 277 5000000
13 277 62827380000
13 277 920700000
13 277 1136520000
13 277 5000000
13 277 5000000
13 277 920700000
13 277 5000000
13 277 1534500000
13 277 5000000
13 277 5000000
13 277 5000000
13 277 5000000
13 277 1136520000
13 277 5000000
13 277 5000000
13 277 1534500000
13 277 5000000
13 277 5000000
13 277 259380000
13 277 1136520000
13 277 1100880000
13 277 5000000
13 277 42570000000
13 277 5000000
13 277 5000000
13 277 5000000
13 277 1100880000
13 277 35641980000
13 277 1534500000
13 277 5000000
13 277 1227600000
13 277 26137980000
13 277 5000000
13 277 5000000
13 277 1259280000
13 277 5000000
13 277 5000000
13 277 5000000
13 277 944460000
13 277 5000000
13 277 5000000
13 277 5000000
13 277 5000000
13 277 5000000
13 277 5000000
13 277 5000000
13 277 790020000
13 277 1354320000
13 277 1073160000
13 277 5000000
13 277 5000000
13 277 5000000
13 277 5000000
13 277 5000000
13 277 1510740000
13 277 5000000
13 277 5000000
13 277 5000000
13 277 1259280000
13 277 5000000
13 277 5000000
13 277 5000000
13 277 5000000
13 277 5000000
13 277 1534500000
13 277 1100880000
13 277 5000000
13 277 1534500000
13 277 5000000
13 277 1166220000
13 277 5000000
13 277 5000000
13 277 5000000
13 277 5000000
13 277 5000000
13 277 1100880000
13 277 5000000
13 277 5000000
13 277 5000000
13 277 821700000
13 277 5000000
13 277 5000000
13 277 5000000
13 277 5000000
13 277 5000000
13 277 5000000
13 277 1534500000
13 277 5000000
13 277 5000000
13 277 5000000
13 277 920700000
13 277 5000000
13 277 5000000
13 277 1227600000
13 277 5000000
13 277 5000000
13 277 5000000
13 277 5000000
13 277 5000000
13 277 5000000
13 277 5000000
13 277 1259280000
13 277 1534500000
13 277 944460000
13 277 5000000
13 277 5000000
13 277 5000000
13 277 5000000
13 277 5000000
13 277 5000000
13 277 1534500000
13 277 1382040000
13 277 1354320000
13 277 5000000
13 277 53461980000
13 277 1354320000
13 277 5000000
13 277 5000000
13 277 5000000
13 277 1382040000
13 277 5000000
13 277 1259280000
13 277 920700000
13 277 1510740000
13 277 5000000
13 277 5000000
13 277 5000000
13 277 1534500000
13 277 5000000
13 277 5000000
13 277 5000000
13 277 1259280000
13 277 5000000
13 277 1259280000
13 277 5000000
13 277 9900000000
13 277 5000000
13 277 1136520000
13 277 5000000
13 277 25740000000
13 277 5000000
13 277 5000000
13 277 5000000
13 277 1100880000
13 277 952380000
13 277 5000000
13 277 5000000
13 277 5000000
13 277 1136520000
13 277 5000000
13 277 1259280000
13 277 5000000
13 277 5000000
13 277 1534500000
13 277 1136520000
13 277 5000000
13 277 5000000
13 277 5000000
13 277 1136520000
13 277 5000000
13 277 1534500000
13 277 5000000
13 277 5000000
13 277 1136520000
13 277 1534500000
13 277 681120000
13 277 1227600000
13 277 920700000
13 277 5000000
13 277 5000000
13 277 5000000
13 277 5000000
13 277 5000000
13 277 524700000
13 277 5000000
13 277 5000000
13 277 16889400000
13 277 920700000
13 277 5000000
13 277 5000000
13 277 81249300000
13 277 710820000
13 277 5000000
13 277 944460000
13 277 1136520000
13 277 5000000
13 277 920700000
13 277 1136520000
13 277 1534500000
13 277 5000000
13 277 5000000
13 277 1259280000
13 277 5000000
13 277 5000000
13 277 5000000
13 277 5000000
13 277 1227600000
13 277 5000000
13 277 5000000
13 277 1534500000
13 277 1136520000
13 277 1100880000
13 277 5000000
13 277 60595920000
13 277 5000000
13 277 1534500000
13 277 5000000
13 277 5000000
13 277 5000000
13 277 5000000
13 277 1510740000
13 277 5000000
13 277 5000000
13 277 1100880000
13 277 516780000
13 277 5000000
13 277 1259280000
13 277 5000000
13 277 944460000
13 277 5000000
13 277 1073160000
13 277 5000000
13 277 2174040000
13 277 5000000
13 277 1752300000
13 277 5000000
13 277 5000000
13 277 9900000000
13 277 5000000
13 277 5000000
13 277 5000000
13 277 1259280000
13 277 5000000
13 277 5000000
13 277 5000000
13 277 5000000
13 277 5000000
13 277 1259280000
13 277 5000000
13 277 5000000
13 277 5000000
13 277 613800000
13 277 21855240000
13 277 5000000
13 277 5000000
13 277 5000000
13 277 1227600000
13 277 5000000
13 277 5000000
13 277 5000000
13 277 1534500000
13 277 5000000
13 277 920700000
13 277 5000000
13 277 64350000000
13 277 5000000
13 277 5000000
13 277 1136520000
13 277 1100880000
13 277 920700000
13 277 5000000
13 277 18518940000
13 277 1166220000
13 277 1259280000
13 277 920700000
13 277 5000000
13 277 1534500000
13 277 1354320000
13 277 5000000
13 277 9900000000
13 277 5000000
13 277 5000000
13 277 1073160000
13 277 5000000
13 277 5000000
13 277 5000000
13 277 1259280000
13 277 5000000
13 277 5000000
13 277 5000000
13 277 5000000
13 277 5000000
13 277 1534500000
13 277 5000000
13 277 5000000
13 277 5000000
13 277 5000000
13 277 5000000
13 277 5000000
13 277 5000000
13 277 415800000
13 277 920700000
13 277 5000000
13 277 5000000
13 277 2496780000
13 277 5000000
13 277 5000000
13 277 1259280000
13 277 1100880000
13 277 5000000
13 277 5000000
13 277 5000000
13 277 5000000
13 277 5000000
13 277 1425600000
13 277 920700000
13 277 5000000
13 277 5000000
13 277 1259280000
13 277 5000000
13 277 5000000
13 277 5000000
13 277 1534500000
13 277 5000000
13 277 1259280000
13 277 5000000
13 277 1166220000
13 277 5000000
13 277 5000000
13 277 5000000
13 277 5000000
13 277 5000000
13 277 1534500000
13 277 1007820000
13 277 5000000
13 277 5000000
13 277 5000000
13 277 5000000
13 277 920700000
13 277 5000000
13 277 5000000
13 277 1259280000
13 277 1136520000
13 277 5000000
13 277 5000000
13 277 944460000
13 277 1007820000
13 277 5000000
13 277 1534500000
13 277 1534500000
13 277 5000000
13 277 5000000
13 277 1100880000
13 277 1382040000
13 277 5000000
13 277 5000000
13 277 1534500000
13 277 5000000
13 277 5000000
13 277 1354320000
13 277 5000000
13 277 1259280000
13 277 34097580000
13 277 5000000
13 277 5000000
13 277 7219080000
13 277 1100880000
13 277 920700000
13 277 1354320000
13 277 53460000000
13 277 5000000
13 277 5000000
13 277 5000000
13 277 68310000000
13 277 920700000
13 277 1073160000
13 277 5000000
13 277 5000000
13 277 5000000
13 277 5000000
13 277 5000000
13 277 32060160000
13 277 1534500000
13 277 1259280000
13 277 944460000
13 277 1136520000
13 277 5000000
13 277 41581980000
13 277 920700000
13 277 1534500000
13 277 5000000
13 277 5000000
13 277 5000000
13 277 920700000
13 277 5000000
13 277 5000000
13 277 5000000
13 277 5000000
13 277 47521980000
13 277 5000000
13 277 5000000
13 277 944460000
13 277 5000000
13 277 5000000
13 277 5000000
13 277 5000000
13 277 5000000
13 277 5000000
13 277 5000000
13 277 5000000
13 277 5000000
13 277 5000000
13 277 5000000
13 277 5000000
13 277 5000000
13 277 33660000000
13 277 5000000
13 277 920700000
13 277 1354320000
13 277 1100880000
13 277 1073160000
13 277 920700000
13 277 5000000
13 277 5000000
13 277 1259280000
13 277 5000000
13 277 1100880000
13 277 5000000
13 277 5000000
13 277 5000000
13 277 1259280000
13 277 5000000
13 277 5000000
13 277 5000000
13 277 5000000
13 277 5000000
13 277 5000000
13 277 5000000
13 277 1534500000
13 277 5000000
13 277 5000000
13 277 5000000
13 277 5000000
13 277 5000000
13 277 5000000
13 277 259380000
13 277 5000000
13 277 944460000
13 277 1007820000
13 277 5000000
13 277 5000000
13 277 5000000
13 277 1510740000
13 277 35047980000
13 277 5000000
13 277 920700000
13 277 655380000
13 277 944460000
13 277 5000000
13 277 944460000
13 277 5000000
13 277 1136520000
13 277 5000000
13 277 5000000
13 277 1136520000
13 277 5000000
13 277 5000000
13 277 5000000
13 277 1534500000
13 277 5000000
13 277 1534500000
13 277 5000000
13 277 5000000
13 277 5000000
13 277 1534500000
13 277 5000000
13 277 5000000
13 277 5000000
13 277 5000000
13 277 5000000
13 277 5000000
13 277 5000000
13 277 5000000
13 277 5000000
13 277 5000000
13 277 920700000
13 277 5000000
13 277 5000000
13 277 5000000
13 277 5000000
13 277 5000000
13 277 5000000
13 277 5000000
13 277 1534500000
13 277 5000000
13 277 5000000
13 277 1259280000
13 277 920700000
13 277 5000000
13 277 1100880000
13 277 35640000000
13 277 920700000
13 277 5000000
13 277 5000000
13 277 40590000000
13 277 5000000
13 277 1136520000
13 277 5000000
13 277 5000000
13 277 5000000
13 277 5000000
13 277 1136520000
13 277 5000000
13 277 5000000
13 277 5000000
13 277 5000000
13 277 5000000
13 277 9900000000
13 277 1354320000
13 277 5000000
13 277 5000000
13 277 1136520000
13 277 5000000
13 277 5000000
13 277 61381980000
13 277 920700000
13 277 5000000
13 277 920700000
13 277 5000000
13 277 2049300000
13 277 5000000
13 277 5000000
13 277 5000000
13 277 1136520000
13 277 944460000
13 277 5000000
13 277 5000000
13 277 1007820000
13 277 1007820000
13 277 5000000
13 277 1136520000
13 277 5000000
13 277 5000000
13 277 5000000
13 277 5000000
13 277 5000000
13 277 13315500000
13 277 5000000
13 277 5000000
13 277 1259280000
13 277 5000000
13 277 1534500000
13 277 5000000
13 277 5000000
13 277 5000000
13 277 5000000
13 277 1534500000
13 277 5000000
13 277 920700000
13 277 1227600000
13 277 5000000
13 277 5000000
13 277 5000000
13 277 5000000
13 277 5000000
13 277 920700000
13 277 5000000
13 277 5000000
13 277 34651980000
13 277 5000000
13 277 564300000
13 277 59407920000
13 277 1136520000
13 277 5000000
13 277 5000000
13 277 1259280000
13 277 5000000
13 277 5000000
13 277 483120000
13 277 920700000
13 277 5000000
13 277 5000000
13 277 5000000
13 277 5000000
13 277 5000000
13 277 5000000
13 277 944460000
13 277 1100880000
13 277 5000000
13 277 5000000
13 277 1534500000
13 277 5000000
13 277 5000000
13 277 5000000
13 277 5000000
13 277 5000000
13 277 1259280000
13 277 1007820000
13 277 5000000
13 277 1534500000
13 277 5000000
13 277 5971680000
13 277 5000000
13 277 1227600000
13 277 5000000
13 277 5000000
13 277 920700000
13 277 5000000
13 277 5000000
13 277 5000000
13 277 5000000
13 277 5000000
13 277 5000000
13 277 1100880000
13 277 5000000
13 277 5000000
13 277 920700000
13 277 5000000
13 277 5000000
13 277 1166220000
13 277 920700000
13 277 5000000
13 277 1259280000
13 277 1534500000
13 277 1534500000
13 277 5000000
13 277 5000000
13 277 5000000
13 277 1534500000
13 277 1136520000
13 277 5000000
13 277 5000000
13 277 2865060000
13 277 5000000
13 277 1259280000
13 277 5000000
13 277 5000000
13 277 5000000
13 277 9900000000
13 277 5000000
13 277 1259280000
13 277 5000000
13 277 920700000
13 277 5000000
13 277 5000000
13 277 5000000
13 277 1417680000
13 277 35640000000
13 277 1136520000
13 277 5000000
13 277 5000000
13 277 10658340000
13 277 1259280000
13 277 1259280000
13 277 9900000000
13 277 5000000
13 277 5000000
13 277 5000000
13 277 5000000
13 277 694980000
13 277 5000000
13 277 261360000
13 277 5000000
13 277 5000000
13 277 5000000
13 277 1227600000
13 277 1259280000
13 277 23126400000
13 277 1100880000
13 277 1510740000
13 277 1259280000
13 277 5000000
13 277 5000000
13 277 1534500000
13 277 5000000
13 277 5000000
13 277 920700000
13 277 1100880000
13 277 5000000
13 277 50491980000
13 277 5000000
13 277 920700000
13 277 1100880000
13 277 5000000
13 277 5000000
13 277 5000000
13 277 5000000
13 277 1100880000
13 277 5000000
13 277 5000000
13 277 5000000
13 277 5000000
13 277 944460000
13 277 5000000
13 277 1259280000
13 277 5000000
13 277 1534500000
13 277 5000000
13 277 9900000000
13 277 5000000
13 277 5000000
13 277 5000000
13 277 4714380000
13 277 68310000000
13 277 1136520000
13 277 821700000
13 277 447480000
13 277 55186560000
13 277 5000000
13 277 5000000
13 277 5000000
13 277 9900000000
13 277 5000000
13 277 5000000
13 277 5000000
13 277 1259280000
13 277 1354320000
13 277 5000000
13 277 920700000
13 277 5000000
13 277 1534500000
13 277 5000000
13 277 1382040000
13 277 1259280000
13 277 1510740000
13 277 5000000
13 277 15562800000
13 277 1136520000
13 277 1136520000
13 277 1136520000
13 277 1510740000
13 277 5000000
13 277 8228880000
13 277 5000000
13 277 5000000
13 277 5000000
13 277 1073160000
13 277 5000000
13 277 5000000
13 277 5000000
13 277 1100880000
13 277 5000000
13 277 5000000
13 277 920700000
13 277 5000000
13 277 5000000
13 277 5000000
13 277 5000000
13 277 5000000
13 277 5000000
13 277 603900000
13 277 1259280000
13 277 5000000
13 277 5000000
13 277 1534500000
13 277 5000000
13 277 5000000
13 277 5000000
13 277 5000000
13 277 920700000
13 277 944460000
13 277 5000000
13 277 1510740000
13 277 5000000
13 277 1259280000
13 277 5000000
13 277 62979840000
13 277 9900000000
13 277 5000000
13 277 5000000
13 277 5000000
13 277 920700000
13 277 1259280000
13 277 1136520000
13 277 1382040000
13 277 1130580000
13 277 5000000
13 277 417780000
13 277 5000000
13 277 5000000
13 277 5000000
13 277 1073160000
13 277 5000000
13 277 5000000
13 277 5000000
13 277 1100880000
13 277 5000000
13 277 5000000
13 277 5000000
13 277 257400000
13 277 26171640000
13 277 5000000
13 277 5000000
13 277 920700000
13 277 1007820000
13 277 5000000
13 277 5000000
13 277 5000000
13 277 5000000
13 277 1136520000
13 277 1534500000
13 277 5000000
13 277 5000000
13 277 5000000
13 277 5000000
13 277 5000000
13 277 5000000
13 277 1534500000
13 277 5000000
13 277 5000000
13 277 5000000
13 277 1534500000
13 277 920700000
13 277 5000000
13 277 5000000
13 277 5000000
13 277 5000000
13 277 5000000
13 277 1534500000
13 277 5000000
13 277 5000000
13 277 1007820000
13 277 5000000
13 277 5000000
13 277 5000000
13 277 9900000000
13 277 9901980000
13 277 5000000
13 277 5940000000
13 277 1007820000
13 277 5000000
13 277 1382040000
13 277 1510740000
13 277 5000000
13 277 5000000
13 277 944460000
13 277 1007820000
13 277 5000000
13 277 5000000
13 277 1259280000
13 277 5000000
13 277 5000000
13 277 5000000
13 277 5000000
13 277 5000000
13 277 920700000
13 277 1136520000
13 277 5000000
13 277 5000000
13 277 5000000
13 277 5000000
13 277 5000000
13 277 5000000
13 277 1259280000
13 277 5000000
13 277 29700000000
13 277 5000000
13 277 5000000
13 277 5000000
13 277 5000000
13 277 1100880000
13 277 5000000
13 277 920700000
13 277 1259280000
13 277 5000000
13 277 5000000
13 277 5000000
13 277 5000000
13 277 5000000
13 277 5000000
13 277 5000000
13 277 1100880000
13 277 522720000
13 277 5000000
13 277 5000000
13 277 5000000
13 277 5000000
13 277 5000000
13 277 1259280000
13 277 1259280000
13 277 9900000000
13 277 1534500000
13 277 1259280000
13 277 5000000
13 277 5000000
13 277 5000000
13 277 5000000
13 277 5000000
13 277 944460000
13 277 5000000
13 277 944460000
13 277 1354320000
13 277 5000000
13 277 5000000
13 277 5000000
13 277 5000000
13 277 5000000
13 277 5000000
13 277 5000000
13 277 5000000
13 277 5000000
13 277 920700000
13 277 5000000
13 277 5000000
13 277 5000000
13 277 5000000
13 277 5000000
13 277 1259280000
13 277 1534500000
13 277 1382040000
13 277 5000000
13 277 5000000
13 277 5000000
13 277 5000000
13 277 5000000
13 277 5000000
13 277 1136520000
13 277 5000000
13 277 5000000
13 277 279180000
13 277 5000000
13 277 41581980000
13 277 1354320000
13 277 1259280000
13 277 5000000
13 277 5000000
13 277 5000000
13 277 5000000
13 277 1259280000
13 277 1259280000
13 277 5000000
13 277 5000000
13 277 5000000
13 277 1259280000
13 277 12826440000
13 277 5000000
13 277 22770000000
13 277 5000000
13 277 1534500000
13 277 5000000
13 277 5000000
13 277 5000000
13 277 1382040000
13 277 1166220000
13 277 5000000
13 277 60009840000
13 277 5000000
13 277 5000000
13 277 1136520000
13 277 920700000
13 277 5000000
13 277 1382040000
13 277 1510740000
13 277 38610000000
13 277 944460000
13 277 5000000
13 277 920700000
13 277 5000000
13 277 44551980000
13 277 1382040000
13 277 5000000
13 277 5000000
13 277 5000000
13 277 5000000
13 277 5000000
13 277 944460000
13 277 5000000
13 277 5000000
13 277 5000000
13 277 5000000
13 277 5000000
13 277 5000000
13 277 5000000
13 277 1259280000
13 277 5000000
13 277 5000000
13 277 1227600000
13 277 5000000
13 277 1136520000
13 277 5000000
13 277 1259280000
13 277 5000000
13 277 5000000
13 277 5000000
13 277 5000000
13 277 5000000
13 277 5000000
13 277 1100880000
13 277 5000000
13 277 5000000
13 277 623700000
13 277 5000000
13 277 5000000
13 277 5000000
13 277 5000000
13 277 5000000
13 277 5000000
13 277 19800000000
13 277 5000000
13 277 1382040000
13 277 5000000
13 277 1259280000
13 277 5000000
13 277 5000000
13 277 5000000
13 277 5000000
13 277 5000000
13 277 944460000
13 277 1259280000
13 277 5000000
13 277 1136520000
13 277 1382040000
13 277 5000000
13 277 5000000
13 277 5000000
13 277 5000000
13 277 5000000
13 277 5000000
13 277 5000000
13 277 5000000
13 277 1896840000
13 277 5000000
13 277 5000000
13 277 1259280000
13 277 5000000
13 277 5000000
13 277 5000000
13 277 1136520000
13 277 5000000
13 277 1100880000
13 277 5000000
13 277 5000000
13 277 5000000
13 277 5000000
13 277 5000000
13 277 1534500000
13 277 1136520000
13 277 5000000
13 277 5000000
13 277 920700000
13 277 5000000
13 277 5000000
13 277 944460000
13 277 5000000
13 277 5000000
13 277 1100880000
13 277 5000000
13 277 5000000
13 277 5000000
13 277 1007820000
13 277 5000000
13 277 41581980000
13 277 5000000
13 277 5000000
13 277 5000000
13 277 5000000
13 277 5000000
13 277 5000000
13 277 5000000
13 277 562320000
13 277 1136520000
13 277 5000000
13 277 5000000
13 277 1136520000
13 277 5000000
13 277 5000000
13 277 5000000
13 277 5000000
13 277 1227600000
13 277 1534500000
13 277 920700000
13 277 1534500000
13 277 5000000
13 277 1580040000
13 277 944460000
13 277 5000000
13 277 5000000
13 277 5000000
13 277 1382040000
13 277 1534500000
13 277 920700000
13 277 1259280000
13 277 1534500000
13 277 1259280000
13 277 1534500000
13 277 1136520000
13 277 5000000
13 277 1259280000
13 277 5000000
13 277 5000000
13 277 5000000
13 277 5000000
13 277 7947720000
13 277 7549740000
13 277 1136520000
13 277 5000000
13 277 5000000
13 277 9900000000
13 277 1136520000
13 277 491040000
13 277 29700000000
13 277 5000000
13 277 5000000
13 277 5000000
13 277 1534500000
13 277 1057320000
13 277 5000000
13 277 5000000
13 277 944460000
13 277 1227600000
13 277 5000000
13 277 5000000
13 277 5000000
13 277 1259280000
13 277 29700000000
13 277 5000000
13 277 5000000
13 277 5000000
13 277 5000000
13 277 1534500000
13 277 5000000
13 277 5000000
13 277 1534500000
13 277 5000000
13 277 5000000
13 277 944460000
13 277 5000000
13 277 5000000
13 277 5000000
13 277 5000000
13 277 5000000
13 277 5000000
13 277 1382040000
13 277 5000000
13 277 5000000
13 277 9900000000
13 277 5000000
13 277 5000000
13 277 1259280000
13 277 5000000
13 277 5000000
13 277 1534500000
13 277 920700000
13 277 5000000
13 277 5000000
13 277 5000000
13 277 1136520000
13 277 1534500000
13 277 5000000
13 277 5000000
13 277 5000000
13 277 5000000
13 277 5000000
13 277 920700000
13 277 5000000
13 277 5000000
13 277 5000000
13 277 5000000
13 277 5000000
13 277 944460000
13 277 5000000
13 277 1259280000
13 277 5000000
13 277 5000000
13 277 5000000
13 277 5000000
13 277 1100880000
13 277 5000000
13 277 944460000
13 277 5000000
13 277 1136520000
13 277 944460000
13 277 920700000
13 277 5000000
13 277 5000000
13 277 944460000
13 277 5000000
13 277 1166220000
13 277 18811980000
13 277 1259280000
13 277 5000000
13 277 1534500000
13 277 5000000
13 277 5000000
13 277 546480000
13 277 5000000
13 277 5000000
13 277 5000000
13 277 5000000
13 277 5000000
13 277 5000000
13 277 5000000
13 277 5000000
13 277 1382040000
13 277 5000000
13 277 1007820000
13 277 5000000
13 277 5000000
13 277 5000000
13 277 5000000
13 277 5000000
13 277 5000000
13 277 944460000
13 277 1534500000
13 277 41580000000
13 277 1227600000
13 277 5000000
13 277 1136520000
13 277 5000000
13 277 5000000
13 277 5000000
13 277 5000000
13 277 944460000
13 277 17227980000
13 277 5000000
13 277 5000000
13 277 5000000
13 277 5000000
13 277 54055980000
13 277 1534500000
13 277 619740000
13 277 920700000
13 277 5000000
13 277 5000000
13 277 5000000
13 277 5000000
13 277 5000000
13 277 5000000
13 277 5000000
13 277 5000000
13 277 1136520000
13 277 5000000
13 277 5000000
13 277 5000000
13 277 9900000000
13 277 944460000
13 277 5000000
13 277 5000000
13 277 5000000
13 277 5000000
13 277 5000000
13 277 556380000
13 277 5000000
13 277 5000000
13 277 5000000
13 277 944460000
13 277 5000000
13 277 1166220000
13 277 5000000
13 277 5000000
13 277 1534500000
13 277 5000000
13 277 483120000
13 277 5000000
13 277 5000000
13 277 5000000
13 277 5000000
13 277 5000000
13 277 5000000
13 277 5000000
13 277 5000000
13 277 5000000
13 277 5000000
13 277 1100880000
13 277 5000000
13 277 22770000000
13 277 5000000
13 277 5000000
13 277 1100880000
13 273 1015740000
13 273 5000000
13 273 1142460000
13 273 1269180000
13 273 5000000
13 273 5000000
13 273 952380000
13 273 1015740000
13 273 5000000
13 273 5000000
13 273 5000000
13 273 1269180000
13 273 5000000
13 273 1269180000
13 273 1049400000
13 273 1049400000
13 273 5000000
13 273 5000000
13 273 5000000
13 273 5000000
13 273 1015740000
13 273 5000000
13 273 5000000
13 273 5000000
13 273 5000000
13 273 5000000
13 273 5000000
13 273 5000000
13 273 5000000
13 273 5000000
13 273 5000000
13 273 5000000
13 273 5000000
13 273 5000000
13 273 1142460000
13 273 5000000
13 273 1049400000
13 273 1142460000
13 273 5000000
13 273 1049400000
13 273 5000000
13 273 5000000
13 273 5000000
13 273 5000000
13 273 1269180000
13 273 5000000
13 273 1015740000
13 273 1142460000
13 273 5000000
13 273 1049400000
13 273 5000000
13 273 5000000
13 273 1142460000
13 273 1269180000
13 273 1015740000
13 273 1015740000
13 273 5000000
13 273 5000000
13 273 5000000
13 273 5000000
13 273 952380000
13 273 5000000
13 273 5000000
13 273 1142460000
13 273 952380000
13 273 952380000
13 273 5000000
13 273 1142460000
13 273 5000000
13 273 5000000
13 273 1142460000
13 273 1049400000
13 273 5000000
13 273 952380000
13 273 5000000
13 273 5000000
13 273 5000000
13 273 5000000
13 273 5000000
13 273 1142460000
13 273 5000000
13 273 5000000
13 273 5000000
13 273 1049400000
13 273 5000000
13 273 5000000
13 273 1269180000
13 273 5000000
13 273 5000000
13 273 1142460000
13 273 1015740000
13 273 952380000
13 273 5000000
13 273 5000000
13 273 5000000
13 273 5000000
13 273 952380000
13 273 5000000
13 273 5000000
13 273 5000000
13 273 952380000
13 273 5000000
13 273 5000000
13 273 5000000
13 273 1269180000
13 273 1049400000
13 273 5000000
13 273 952380000
13 273 5000000
13 273 1269180000
13 273 1269180000
13 273 5000000
13 273 5000000
13 273 5000000
13 273 5000000
13 273 1269180000
13 273 1142460000
13 273 1142460000
13 273 5000000
13 273 5000000
13 273 5000000
13 273 1015740000
13 273 5000000
13 273 1269180000
13 273 1015740000
13 273 5000000
13 273 5000000
13 273 5000000
13 273 5000000
13 273 1015740000
13 273 5000000
13 273 5000000
13 273 5000000
13 273 1269180000
13 273 5000000
13 273 5000000
13 273 1142460000
13 273 5000000
13 273 5000000
13 273 1015740000
13 273 5000000
13 273 5000000
13 273 1049400000
13 273 5000000
13 273 1049400000
13 273 5000000
13 273 5000000
13 273 5000000
13 273 5000000
13 273 1049400000
13 273 1015740000
13 273 5000000
13 273 1269180000
13 273 1142460000
13 273 1142460000
13 273 5000000
13 273 5000000
13 273 5000000
13 273 5000000
13 273 1269180000
13 273 1142460000
13 273 5000000
13 273 1015740000
13 273 5000000
13 273 5000000
13 273 5000000
13 273 5000000
13 273 952380000
13 273 5000000
13 273 5000000
13 273 5000000
13 273 5000000
13 273 952380000
13 273 1269180000
13 273 952380000
13 273 1142460000
13 273 5000000
13 273 1142460000
13 273 1142460000
13 273 1015740000
13 273 1049400000
13 273 5000000
13 273 1269180000
13 273 5000000
13 273 5000000
13 273 5000000
13 273 5000000
13 273 1015740000
13 273 5000000
13 273 952380000
13 273 952380000
13 273 952380000
13 273 5000000
13 273 1049400000
13 273 5000000
13 273 5000000
13 273 1269180000
13 273 5000000
13 273 5000000
13 273 5000000
13 273 5000000
13 273 5000000
13 273 5000000
13 273 5000000
13 273 5000000
13 273 1015740000
13 273 5000000
13 273 5000000
13 273 1269180000
13 273 1269180000
13 273 1015740000
13 273 1015740000
13 273 952380000
13 273 5000000
13 273 5000000
13 273 1049400000
13 273 952380000
13 273 5000000
13 273 1015740000
13 273 1142460000
13 273 5000000
13 273 5000000
13 273 5000000
13 273 5000000
13 273 5000000
13 273 1142460000
13 273 1269180000
13 273 5000000
13 273 5000000
13 273 952380000
13 273 5000000
13 273 1142460000
13 273 5000000
13 273 5000000
13 273 5000000
13 273 5000000
13 273 5000000
13 273 5000000
13 273 5000000
13 273 952380000
13 273 5000000
13 273 5000000
13 273 1015740000
13 273 5000000
13 273 5000000
13 273 5000000
13 273 1269180000
13 273 5000000
13 273 5000000
13 273 1142460000
13 273 5000000
13 273 952380000
13 273 1142460000
13 273 5000000
13 273 5000000
13 273 5000000
13 273 5000000
13 273 5000000
13 273 1142460000
13 273 5000000
13 273 5000000
13 273 5000000
13 273 1049400000
13 273 1142460000
13 273 5000000
13 273 5000000
13 273 5000000
13 273 5000000
13 273 5000000
13 273 1269180000
13 273 5000000
13 273 5000000
13 273 5000000
13 273 1142460000
13 273 5000000
13 273 952380000
13 273 5000000
13 273 1015740000
13 273 5000000
13 273 1142460000
13 273 952380000
13 273 1142460000
13 273 1142460000
13 273 5000000
13 273 5000000
13 273 5000000
13 273 5000000
13 273 1142460000
13 273 5000000
13 273 5000000
13 273 1049400000
13 273 5000000
13 273 5000000
13 273 5000000
13 273 1142460000
13 273 5000000
13 273 5000000
13 273 5000000
13 273 1142460000
13 273 5000000
13 273 5000000
13 273 5000000
13 273 5000000
13 273 5000000
13 273 5000000
13 273 952380000
13 273 5000000
13 273 5000000
13 273 1142460000
13 273 1015740000
13 273 5000000
13 273 5000000
13 273 1049400000
13 273 5000000
13 273 1269180000
13 273 5000000
13 273 5000000
13 273 5000000
13 273 5000000
13 273 5000000
13 273 5000000
13 273 5000000
13 273 5000000
13 273 5000000
13 273 5000000
13 273 5000000
13 273 1142460000
13 273 1142460000
13 273 952380000
13 273 5000000
13 273 5000000
13 273 1269180000
13 273 5000000
13 273 5000000
13 273 1049400000
13 273 1269180000
13 273 1142460000
13 273 1049400000
13 273 1269180000
13 273 5000000
13 273 1269180000
13 273 5000000
13 273 5000000
13 273 5000000
13 273 1015740000
13 273 1015740000
13 273 5000000
13 273 5000000
13 273 1015740000
13 273 5000000
13 273 5000000
13 273 952380000
13 273 5000000
13 273 1049400000
13 273 952380000
13 273 5000000
13 273 5000000
13 273 5000000
13 273 5000000
13 273 5000000
13 273 5000000
13 273 5000000
13 273 5000000
13 273 5000000
13 273 1015740000
13 273 952380000
13 273 1269180000
13 273 5000000
13 273 5000000
13 273 5000000
13 273 5000000
13 273 5000000
13 273 5000000
13 273 1049400000
13 273 5000000
13 273 5000000
13 273 5000000
13 273 5000000
13 273 952380000
13 273 5000000
13 273 5000000
13 273 1269180000
13 273 5000000
13 273 5000000
13 273 1049400000
13 273 5000000
13 273 1269180000
13 273 5000000
13 273 1049400000
13 273 1049400000
13 273 1269180000
13 273 1142460000
13 273 1142460000
13 273 1015740000
13 273 5000000
13 273 5000000
13 273 5000000
13 273 5000000
13 273 1015740000
13 273 5000000
13 273 5000000
13 273 1015740000
13 273 5000000
13 273 5000000
13 273 5000000
13 273 5000000
13 273 5000000
13 273 5000000
13 273 1049400000
13 273 1269180000
13 273 5000000
13 273 5000000
13 273 1142460000
13 273 1015740000
13 273 1142460000
13 273 5000000
13 273 1015740000
13 273 5000000
13 273 5000000
13 273 5000000
13 273 5000000
13 273 5000000
13 273 1142460000
13 273 1269180000
13 273 952380000
13 273 5000000
13 273 1015740000
13 273 5000000
13 273 5000000
13 273 5000000
13 273 952380000
13 273 5000000
13 273 1269180000
13 273 1015740000
13 273 1269180000
13 273 952380000
13 273 952380000
13 273 1049400000
13 273 1015740000
13 273 952380000
13 273 1015740000
13 273 1269180000
13 273 952380000
13 273 5000000
13 273 5000000
13 273 5000000
13 273 5000000
13 273 5000000
13 273 5000000
13 273 1269180000
13 273 1015740000
13 273 952380000
13 273 1269180000
13 273 5000000
13 273 1142460000
13 273 1015740000
13 273 5000000
13 273 5000000
13 273 1049400000
13 273 5000000
13 273 1269180000
13 273 5000000
13 273 952380000
13 273 5000000
13 273 5000000
13 273 1269180000
13 273 952380000
13 273 1015740000
13 273 1049400000
13 273 5000000
13 273 1142460000
13 273 5000000
13 273 952380000
13 273 5000000
13 273 1015740000
13 273 1142460000
13 273 5000000
13 273 5000000
13 273 5000000
13 273 952380000
13 273 1269180000
13 273 5000000
13 273 5000000
13 273 1015740000
13 273 5000000
13 273 1269180000
13 273 5000000
13 273 1049400000
13 273 5000000
13 273 952380000
13 273 952380000
13 273 952380000
13 273 1142460000
13 273 1049400000
13 273 1049400000
13 273 5000000
13 273 5000000
13 273 1269180000
13 273 1142460000
13 273 5000000
13 273 1269180000
13 273 1015740000
13 273 5000000
13 273 5000000
13 273 5000000
13 273 5000000
13 273 5000000
13 273 5000000
13 273 1049400000
13 273 5000000
13 273 5000000
13 273 1049400000
13 273 5000000
13 273 1142460000
13 273 5000000
13 273 5000000
13 273 1015740000
13 273 1142460000
13 273 5000000
13 273 1049400000
13 273 5000000
13 273 1269180000
13 273 1269180000
13 273 5000000
13 273 1142460000
13 273 1142460000
13 273 5000000
13 273 5000000
13 273 5000000
13 273 1015740000
13 273 1142460000
13 273 952380000
13 273 1015740000
13 273 5000000
13 273 952380000
13 273 1049400000
13 273 5000000
13 273 1015740000
13 273 5000000
13 273 5000000
13 273 1049400000
13 273 5000000
13 273 5000000
13 273 5000000
13 273 1015740000
13 273 5000000
13 273 5000000
13 273 5000000
13 273 5000000
13 273 5000000
13 273 5000000
13 273 1015740000
13 273 1269180000
13 273 952380000
13 273 5000000
13 273 1142460000
13 273 5000000
13 273 1269180000
13 273 1269180000
13 273 952380000
13 273 952380000
13 273 1142460000
13 273 5000000
13 273 1142460000
13 273 1049400000
13 273 1015740000
13 273 5000000
13 273 952380000
13 273 5000000
13 273 5000000
13 273 1269180000
13 273 5000000
13 273 1269180000
13 273 5000000
13 273 5000000
13 273 952380000
13 273 1049400000
13 273 5000000
13 273 5000000
13 273 1269180000
13 273 5000000
13 273 1049400000
13 273 1142460000
13 273 5000000
13 273 5000000
13 273 5000000
13 273 5000000
13 273 5000000
13 273 952380000
13 273 1142460000
13 273 5000000
13 273 5000000
13 273 5000000
13 273 5000000
13 273 5000000
13 273 5000000
13 273 5000000
13 273 1142460000
13 273 5000000
13 273 5000000
13 273 1015740000
13 273 5000000
13 273 5000000
13 273 1269180000
13 273 5000000
13 273 5000000
13 273 5000000
13 273 5000000
13 273 1142460000
13 273 952380000
13 273 5000000
13 273 1269180000
13 273 5000000
13 273 5000000
13 273 5000000
13 273 5000000
13 273 1049400000
13 273 1269180000
13 273 5000000
13 273 5000000
13 273 952380000
13 273 1015740000
13 273 5000000
13 273 1142460000
13 273 1049400000
13 273 1142460000
13 273 5000000
13 273 1142460000
13 273 5000000
13 273 1142460000
13 273 5000000
13 273 5000000
13 273 5000000
13 273 5000000
13 273 5000000
13 273 1269180000
13 273 1049400000
13 273 5000000
13 273 5000000
13 273 1049400000
13 273 5000000
13 273 1049400000
13 273 5000000
13 273 5000000
13 273 1269180000
13 273 952380000
13 273 952380000
13 273 5000000
13 273 5000000
13 273 5000000
13 273 5000000
13 273 952380000
13 273 5000000
13 273 1049400000
13 273 1015740000
13 273 5000000
13 273 1269180000
13 273 1015740000
13 273 1049400000
13 273 5000000
13 273 5000000
13 273 952380000
13 273 1015740000
13 273 5000000
13 273 5000000
13 273 5000000
13 273 952380000
13 273 5000000
13 273 5000000
13 273 1049400000
13 273 5000000
13 273 5000000
13 273 5000000
13 273 5000000
13 273 5000000
13 273 952380000
13 273 5000000
13 273 952380000
13 273 5000000
13 273 952380000
13 273 5000000
13 273 5000000
13 273 5000000
13 273 1269180000
13 273 5000000
13 273 5000000
13 273 1269180000
13 273 1049400000
13 273 1142460000
13 273 5000000
13 273 5000000
13 273 5000000
13 273 1269180000
13 273 1269180000
13 273 1269180000
13 273 5000000
13 273 5000000
13 273 5000000
13 273 1015740000
13 273 952380000
13 273 952380000
13 273 952380000
13 273 1269180000
13 273 1049400000
13 273 5000000
13 273 5000000
13 273 5000000
13 273 1015740000
13 273 1049400000
13 273 1015740000
13 273 5000000
13 273 5000000
13 273 952380000
13 273 5000000
13 273 5000000
13 273 5000000
13 273 1015740000
13 273 1142460000
13 273 5000000
13 273 5000000
13 273 1269180000
13 273 5000000
13 273 5000000
13 273 5000000
13 273 1049400000
13 273 5000000
13 273 5000000
13 273 5000000
13 273 5000000
13 273 5000000
13 273 5000000
13 273 5000000
13 273 5000000
13 273 1142460000
13 273 1049400000
13 273 5000000
13 273 5000000
13 273 1049400000
13 273 5000000
13 273 1015740000
13 273 5000000
13 273 5000000
13 273 1015740000
13 273 5000000
13 273 1269180000
13 273 5000000
13 273 5000000
13 273 5000000
13 273 5000000
13 273 5000000
13 273 5000000
13 273 5000000
13 273 5000000
13 273 5000000
13 273 5000000
13 273 5000000
13 273 1015740000
13 273 5000000
13 273 5000000
13 273 5000000
13 273 1049400000
13 273 5000000
13 273 5000000
13 273 5000000
13 273 5000000
13 273 1269180000
13 273 1015740000
13 273 1269180000
13 273 5000000
13 273 5000000
13 273 5000000
13 273 5000000
13 273 5000000
13 273 5000000
13 273 5000000
13 273 1015740000
13 273 5000000
13 273 952380000
13 273 1269180000
13 273 1142460000
13 273 5000000
13 273 5000000
13 273 1142460000
13 273 5000000
13 273 952380000
13 273 1142460000
13 273 5000000
13 273 5000000
13 273 5000000
13 273 5000000
13 273 5000000
13 273 1142460000
13 273 5000000
13 273 5000000
13 273 5000000
13 273 5000000
13 273 1015740000
13 273 5000000
13 273 5000000
13 273 1269180000
13 273 1269180000
13 273 1269180000
13 273 1269180000
13 273 5000000
13 273 1015740000
13 273 5000000
13 273 5000000
13 273 5000000
13 273 5000000
13 273 1269180000
13 273 1269180000
13 273 5000000
13 273 5000000
13 273 5000000
13 273 952380000
13 273 1015740000
13 273 5000000
13 273 1142460000
13 273 1049400000
13 273 1142460000
13 273 1269180000
13 273 5000000
13 273 5000000
13 273 1142460000
13 273 5000000
13 273 952380000
13 273 1269180000
13 273 5000000
13 273 952380000
13 273 5000000
13 273 5000000
13 273 5000000
13 273 1049400000
13 273 1049400000
13 273 5000000
13 273 5000000
13 273 5000000
13 273 5000000
13 273 5000000
13 273 5000000
13 273 5000000
13 273 5000000
13 273 5000000
13 273 1015740000
13 273 5000000
13 273 1049400000
13 273 1049400000
13 273 1015740000
13 273 5000000
13 273 1269180000
13 273 5000000
13 273 5000000
13 273 5000000
13 273 1015740000
13 273 5000000
13 273 5000000
13 273 1049400000
13 273 1049400000
13 273 1269180000
13 273 5000000
13 273 5000000
13 273 5000000
13 273 5000000
13 273 1015740000
13 273 5000000
13 273 1142460000
13 273 5000000
13 273 5000000
13 273 5000000
13 273 1049400000
13 273 1269180000
13 273 5000000
13 273 1049400000
13 273 1142460000
13 273 5000000
13 273 1015740000
13 273 1049400000
13 273 5000000
13 273 5000000
13 273 5000000
13 273 1015740000
13 273 1142460000
13 273 1269180000
13 273 5000000
13 273 5000000
13 273 952380000
13 273 5000000
13 273 1269180000
13 273 952380000
13 273 5000000
13 273 5000000
13 273 5000000
13 273 5000000
13 273 1049400000
13 273 1049400000
13 273 1269180000
13 273 5000000
13 273 5000000
13 273 5000000
13 273 1015740000
13 273 5000000
13 273 5000000
13 273 5000000
13 273 1269180000
13 273 5000000
13 273 5000000
13 273 5000000
13 273 1269180000
13 273 5000000
13 273 1049400000
13 273 1269180000
13 273 5000000
13 273 1049400000
13 273 5000000
13 273 1269180000
13 273 1142460000
13 273 5000000
13 273 1142460000
13 273 5000000
13 273 5000000
13 273 5000000
13 273 5000000
13 273 1269180000
13 273 5000000
13 273 5000000
13 273 1142460000
13 273 1015740000
13 273 1142460000
13 273 1142460000
13 273 1015740000
13 273 5000000
13 273 952380000
13 273 1269180000
13 273 5000000
13 273 5000000
13 273 5000000
13 273 1015740000
13 273 1269180000
13 273 5000000
13 273 5000000
13 273 5000000
13 273 5000000
13 273 1142460000
13 273 5000000
13 273 5000000
13 273 5000000
13 273 5000000
13 273 5000000
13 273 5000000
13 273 5000000
13 273 5000000
13 273 5000000
13 273 5000000
13 273 1142460000
13 273 1269180000
13 273 5000000
13 273 1049400000
13 273 5000000
13 273 5000000
13 273 1142460000
13 273 5000000
13 273 5000000
13 273 1015740000
13 273 1049400000
13 273 5000000
13 273 1142460000
13 273 5000000
13 273 5000000
13 273 5000000
13 273 952380000
13 273 5000000
13 273 1049400000
13 273 5000000
13 273 952380000
13 273 5000000
13 273 5000000
13 273 5000000
13 273 5000000
13 273 952380000
13 273 5000000
13 273 1015740000
13 273 5000000
13 273 1269180000
13 273 5000000
13 273 5000000
13 273 5000000
13 273 5000000
13 273 5000000
13 273 5000000
13 273 5000000
13 273 5000000
13 273 1049400000
13 273 1269180000
13 273 5000000
13 273 5000000
13 273 1015740000
13 273 5000000
13 273 1049400000
13 273 5000000
13 273 952380000
13 273 1142460000
13 273 952380000
13 273 5000000
13 273 5000000
13 273 5000000
13 273 5000000
13 273 952380000
13 273 5000000
13 273 5000000
13 273 5000000
13 273 1269180000
13 273 1015740000
13 273 1269180000
13 273 5000000
13 273 5000000
13 273 5000000
13 273 1269180000
13 273 5000000
13 273 1269180000
13 273 952380000
13 273 5000000
13 273 5000000
13 273 5000000
13 273 5000000
13 273 5000000
13 273 5000000
13 273 1015740000
13 273 5000000
13 273 952380000
13 273 1142460000
13 273 5000000
13 273 1142460000
13 273 1269180000
13 273 5000000
13 273 5000000
13 273 5000000
13 273 5000000
13 273 1049400000
13 273 1015740000
13 273 5000000
13 273 1015740000
13 273 5000000
13 273 1049400000
13 273 1142460000
13 273 5000000
13 273 5000000
13 273 1269180000
13 273 1269180000
13 273 5000000
13 273 5000000
13 273 1049400000
13 273 1015740000
13 273 5000000
13 273 1015740000
13 273 5000000
13 273 5000000
13 273 1142460000
13 273 1142460000
13 273 5000000
13 273 5000000
13 273 5000000
13 273 5000000
13 273 5000000
13 273 1142460000
13 273 1269180000
13 273 1142460000
13 273 5000000
13 273 5000000
13 273 5000000
13 273 5000000
13 273 1269180000
13 273 1049400000
13 273 5000000
13 273 5000000
13 273 5000000
13 273 1015740000
13 273 5000000
13 273 952380000
13 273 5000000
13 273 5000000
13 273 952380000
13 273 1049400000
13 273 952380000
13 273 5000000
13 273 5000000
13 273 5000000
13 273 1142460000
13 273 5000000
13 273 5000000
13 273 5000000
13 273 5000000
13 273 1049400000
13 273 5000000
13 273 5000000
13 273 5000000
13 273 5000000
13 273 5000000
13 273 1015740000
13 273 1049400000
13 273 952380000
13 273 1269180000
13 273 5000000
13 273 5000000
13 273 1015740000
13 273 5000000
13 273 5000000
13 273 5000000
13 273 5000000
13 273 5000000
13 273 5000000
13 273 5000000
13 273 1269180000
13 273 952380000
13 273 1049400000
13 273 1015740000
13 273 1015740000
13 273 5000000
13 273 1269180000
13 273 5000000
13 273 1049400000
13 273 5000000
13 273 5000000
13 273 1049400000
13 273 5000000
13 273 1015740000
13 273 1015740000
13 273 1049400000
13 273 1269180000
13 273 5000000
13 273 5000000
13 273 1142460000
13 273 5000000
13 273 5000000
13 273 1015740000
13 273 5000000
13 273 5000000
13 273 5000000
13 273 1015740000
13 273 952380000
13 273 5000000
13 273 5000000
13 273 5000000
13 273 5000000
13 273 5000000
13 273 5000000
13 273 1015740000
13 273 1269180000
13 273 5000000
13 273 5000000
13 273 5000000
13 273 5000000
13 273 5000000
13 273 952380000
13 273 1015740000
13 273 5000000
13 273 5000000
13 273 5000000
13 273 5000000
13 273 5000000
13 273 1142460000
13 273 5000000
13 273 5000000
13 273 5000000
13 273 1142460000
13 273 5000000
13 273 1049400000
13 273 5000000
13 273 5000000
13 273 5000000
13 273 952380000
13 273 5000000
13 273 952380000
13 273 952380000
13 273 5000000
13 273 952380000
13 273 1142460000
13 273 5000000
13 273 5000000
13 273 5000000
13 273 5000000
13 273 5000000
13 273 1142460000
13 273 5000000
13 273 952380000
13 273 5000000
13 273 1269180000
13 273 1015740000
13 273 5000000
13 273 5000000
13 273 5000000
13 273 5000000
13 273 5000000
13 273 5000000
13 273 5000000
13 273 1049400000
13 273 5000000
13 273 5000000
13 273 1142460000
13 273 1142460000
13 273 5000000
13 273 5000000
13 273 1269180000
13 273 5000000
13 273 5000000
13 273 952380000
13 273 5000000
13 273 5000000
13 273 5000000
13 273 1269180000
13 273 5000000
13 273 5000000
13 273 5000000
13 273 5000000
13 273 5000000
13 273 1142460000
13 273 5000000
13 273 5000000
13 273 952380000
13 273 1015740000
13 273 1269180000
13 273 5000000
13 273 5000000
13 273 952380000
13 273 952380000
13 273 5000000
13 273 1269180000
13 273 5000000
13 273 952380000
13 273 1142460000
13 273 1049400000
13 273 5000000
13 273 5000000
13 273 5000000
13 273 5000000
13 273 5000000
13 273 1142460000
13 273 5000000
13 273 5000000
13 273 1015740000
13 273 5000000
13 273 5000000
13 273 5000000
13 273 5000000
13 273 5000000
13 273 5000000
13 273 1142460000
13 273 1269180000
13 273 5000000
13 273 1269180000
13 273 1269180000
13 273 1142460000
13 273 5000000
13 273 1269180000
13 273 5000000
13 273 1269180000
13 273 5000000
13 273 1269180000
13 273 5000000
13 273 5000000
13 273 5000000
13 273 5000000
13 273 5000000
13 273 5000000
13 273 5000000
13 273 952380000
13 273 5000000
13 273 5000000
13 273 5000000
13 273 1015740000
13 273 5000000
13 273 5000000
13 273 1015740000
13 273 1142460000
13 273 5000000
13 273 1015740000
13 273 5000000
13 273 5000000
13 273 5000000
13 273 1015740000
13 273 5000000
13 273 5000000
13 273 1049400000
13 273 1142460000
13 273 1269180000
13 273 1142460000
13 273 5000000
13 273 5000000
13 273 5000000
13 273 952380000
13 273 952380000
13 273 952380000
13 273 952380000
13 273 5000000
13 273 1015740000
13 273 5000000
13 273 1269180000
13 273 5000000
13 273 1015740000
13 273 5000000
13 273 5000000
13 273 5000000
13 273 5000000
13 273 5000000
13 273 5000000
13 273 5000000
13 273 5000000
13 273 1142460000
13 273 5000000
13 273 5000000
13 273 5000000
13 273 1269180000
13 273 5000000
13 273 5000000
13 273 5000000
13 273 952380000
13 273 5000000
13 273 1142460000
13 273 952380000
13 273 5000000
13 273 952380000
13 273 5000000
13 273 1015740000
13 273 5000000
13 273 5000000
13 273 5000000
13 273 5000000
13 273 5000000
13 273 1015740000
13 273 5000000
13 273 5000000
13 273 5000000
13 273 5000000
13 273 1269180000
13 273 5000000
13 273 1015740000
13 273 5000000
13 273 5000000
13 273 1049400000
13 273 5000000
13 273 1015740000
13 273 5000000
13 273 5000000
13 273 1049400000
13 273 5000000
13 273 5000000
13 273 5000000
13 273 5000000
13 273 1049400000
13 273 1015740000
13 273 5000000
13 273 5000000
13 273 1142460000
13 273 1049400000
13 273 5000000
13 273 5000000
13 273 5000000
13 273 5000000
13 273 5000000
13 273 5000000
13 273 5000000
13 273 1049400000
13 273 1049400000
13 273 1142460000
13 273 5000000
13 273 1015740000
13 273 5000000
13 273 5000000
13 273 952380000
13 273 5000000
13 273 5000000
13 273 1049400000
13 273 1049400000
13 273 1015740000
13 273 1049400000
13 273 952380000
13 273 952380000
13 273 1049400000
13 273 1269180000
13 273 1269180000
13 273 5000000
13 273 5000000
13 273 1049400000
13 273 5000000
13 273 5000000
13 273 5000000
13 273 5000000
13 273 1142460000
13 273 5000000
13 273 5000000
13 273 5000000
13 273 1269180000
13 273 5000000
13 273 5000000
13 273 5000000
13 273 1049400000
13 273 5000000
13 273 1142460000
13 273 1142460000
13 273 5000000
13 273 5000000
13 273 5000000
13 273 5000000
13 273 1049400000
13 273 5000000
13 273 1015740000
13 273 5000000
13 273 5000000
13 273 5000000
13 273 5000000
13 273 1015740000
13 273 1142460000
13 273 5000000
13 273 5000000
13 273 5000000
13 273 1015740000
13 273 5000000
13 273 1015740000
13 273 5000000
13 273 5000000
13 273 5000000
13 273 1142460000
13 273 5000000
13 273 5000000
13 273 1049400000
13 273 1142460000
13 273 5000000
13 273 5000000
13 273 1015740000
13 273 5000000
13 273 5000000
13 273 5000000
13 273 5000000
13 273 5000000
13 273 5000000
13 273 5000000
13 273 5000000
13 273 5000000
13 273 5000000
13 273 5000000
13 273 5000000
13 273 5000000
13 273 5000000
13 273 5000000
13 273 5000000
13 273 5000000
13 273 5000000
13 273 5000000
13 273 5000000
13 273 5000000
13 273 1015740000
13 273 952380000
13 273 5000000
13 273 5000000
13 273 1049400000
13 273 5000000
13 273 1049400000
13 273 5000000
13 273 1015740000
13 273 5000000
13 273 5000000
13 273 1049400000
13 273 5000000
13 273 5000000
13 273 5000000
13 273 5000000
13 273 1269180000
13 273 5000000
13 273 5000000
13 273 1269180000
13 273 1015740000
13 273 1049400000
13 273 5000000
13 273 1049400000
13 273 1142460000
13 273 1049400000
13 273 5000000
13 273 1269180000
13 273 5000000
13 273 5000000
13 273 1269180000
13 273 5000000
13 273 5000000
13 273 5000000
13 273 1269180000
13 273 1015740000
13 273 5000000
13 273 5000000
13 273 5000000
13 273 5000000
13 273 5000000
13 273 5000000
13 273 5000000
13 273 1142460000
13 273 5000000
13 273 5000000
13 273 1015740000
13 273 1015740000
13 273 1269180000
13 273 5000000
13 273 5000000
13 273 5000000
13 273 5000000
13 273 5000000
13 273 5000000
13 273 5000000
13 273 5000000
13 273 5000000
13 273 5000000
13 273 1015740000
13 273 5000000
13 273 1015740000
13 273 1142460000
13 273 1269180000
13 273 1269180000
13 273 5000000
13 273 1015740000
13 273 1049400000
13 273 5000000
13 273 952380000
13 273 5000000
13 273 1142460000
13 273 5000000
13 273 5000000
13 273 1142460000
13 273 5000000
13 273 1015740000
13 273 5000000
13 273 5000000
13 273 1269180000
13 273 1269180000
13 273 5000000
13 273 5000000
13 273 952380000
13 273 5000000
13 273 5000000
13 273 5000000
13 273 952380000
13 273 952380000
13 273 5000000
13 273 5000000
13 273 1015740000
13 273 1142460000
13 273 952380000
13 273 5000000
13 273 5000000
13 273 5000000
13 273 5000000
13 273 5000000
13 273 5000000
13 273 5000000
13 273 1269180000
13 273 1015740000
13 273 5000000
13 273 1269180000
13 273 1049400000
13 273 5000000
13 273 5000000
13 273 5000000
13 273 5000000
13 273 5000000
13 273 1015740000
13 273 5000000
13 273 5000000
13 273 5000000
13 273 5000000
13 273 5000000
13 273 5000000
13 273 5000000
13 273 5000000
13 273 952380000
13 273 1049400000
13 273 5000000
13 273 5000000
13 273 1142460000
13 273 5000000
13 273 5000000
13 273 5000000
13 273 1142460000
13 273 5000000
13 273 5000000
13 273 1015740000
13 273 5000000
13 273 1049400000
13 273 5000000
13 273 5000000
13 273 5000000
13 273 1269180000
13 273 1015740000
13 273 5000000
13 273 5000000
13 273 1269180000
13 273 1142460000
13 273 952380000
13 273 1142460000
13 273 5000000
13 273 1049400000
13 273 1142460000
13 273 5000000
13 273 5000000
13 273 5000000
13 273 1269180000
13 273 5000000
13 273 1269180000
13 273 1142460000
13 273 1142460000
13 273 5000000
13 273 5000000
13 273 5000000
13 273 1142460000
13 273 5000000
13 273 1269180000
13 273 5000000
13 273 1015740000
13 273 5000000
13 273 5000000
13 273 5000000
13 273 5000000
13 273 1269180000
13 273 5000000
13 273 5000000
13 273 5000000
13 273 1049400000
13 273 5000000
13 273 5000000
13 273 1269180000
13 273 1142460000
13 273 5000000
13 273 1015740000
13 273 5000000
13 273 1015740000
13 273 1269180000
13 273 5000000
13 273 5000000
13 273 1269180000
13 273 1049400000
13 273 952380000
13 273 5000000
13 273 5000000
13 273 1049400000
13 273 1015740000
13 273 5000000
13 273 1049400000
13 273 5000000
13 273 5000000
13 273 5000000
13 273 5000000
13 273 5000000
13 273 1015740000
13 273 5000000
13 273 1142460000
13 273 5000000
13 273 5000000
13 273 5000000
13 273 5000000
13 273 1049400000
13 273 1142460000
13 273 5000000
13 273 5000000
13 273 5000000
13 273 1015740000
13 273 5000000
13 273 5000000
13 273 1049400000
13 273 5000000
13 273 5000000
13 273 5000000
13 273 5000000
13 273 5000000
13 273 1142460000
13 273 5000000
13 273 5000000
13 273 5000000
13 273 5000000
13 273 5000000
13 273 5000000
13 273 1269180000
13 273 5000000
13 273 1142460000
13 273 5000000
13 273 1269180000
13 273 5000000
13 273 5000000
13 273 5000000
13 273 5000000
13 273 1015740000
13 273 5000000
13 273 1269180000
13 273 5000000
13 273 5000000
13 273 5000000
13 273 5000000
13 273 1142460000
13 273 5000000
13 273 5000000
13 273 952380000
13 273 1142460000
13 273 5000000
13 273 5000000
13 273 5000000
13 273 5000000
13 273 5000000
13 273 1142460000
13 273 952380000
13 273 1142460000
13 273 1049400000
13 273 5000000
13 273 1269180000
13 273 5000000
13 273 1269180000
13 273 952380000
13 273 5000000
13 273 5000000
13 273 5000000
13 273 1142460000
13 273 5000000
13 273 952380000
13 273 1049400000
13 273 5000000
13 273 5000000
13 273 5000000
13 273 5000000
13 273 5000000
13 273 5000000
13 273 952380000
13 273 5000000
13 273 5000000
13 273 1049400000
13 273 1015740000
13 273 5000000
13 273 5000000
13 273 5000000
13 273 952380000
13 273 5000000
13 273 5000000
13 273 1015740000
13 273 1269180000
13 273 952380000
13 273 5000000
13 273 5000000
13 273 5000000
13 273 1269180000
13 273 5000000
13 273 1049400000
13 273 5000000
13 273 5000000
13 273 5000000
13 273 5000000
13 273 1269180000
13 273 5000000
13 273 5000000
13 273 1142460000
13 273 952380000
13 273 1049400000
13 273 5000000
13 273 1269180000
13 273 5000000
13 273 1015740000
13 273 1269180000
13 273 5000000
13 273 5000000
13 273 5000000
13 273 5000000
13 273 5000000
13 273 5000000
13 273 5000000
13 273 5000000
13 273 5000000
13 273 1269180000
13 273 5000000
13 273 1142460000
13 273 1015740000
13 273 1142460000
13 273 5000000
13 273 952380000
13 273 1049400000
13 273 1142460000
13 273 1142460000
13 273 5000000
13 273 5000000
13 273 5000000
13 273 1142460000
13 273 5000000
13 273 1015740000
13 273 5000000
13 273 5000000
13 273 952380000
13 273 1142460000
13 273 5000000
13 273 5000000
13 273 1142460000
13 273 952380000
13 273 1015740000
13 273 5000000
13 273 1049400000
13 273 952380000
13 273 952380000
13 273 5000000
13 273 5000000
13 273 952380000
13 273 5000000
13 273 1142460000
13 273 1269180000
13 273 5000000
13 273 5000000
13 273 5000000
13 273 5000000
13 273 1269180000
13 273 5000000
13 273 1015740000
13 273 5000000
13 273 5000000
13 273 5000000
13 273 1015740000
13 273 5000000
13 273 1269180000
13 273 5000000
13 273 5000000
13 273 5000000
13 273 5000000
13 273 952380000
13 273 5000000
13 273 5000000
13 273 5000000
13 273 1142460000
13 273 5000000
13 273 5000000
13 273 1015740000
13 273 5000000
13 273 5000000
13 273 1015740000
13 273 5000000
13 273 5000000
13 273 5000000
13 273 5000000
13 273 5000000
13 273 5000000
13 273 1269180000
13 273 1015740000
13 273 952380000
13 273 1049400000
13 273 5000000
13 273 1142460000
13 273 5000000
13 273 5000000
13 273 1015740000
13 273 1269180000
13 273 5000000
13 273 1015740000
13 273 5000000
13 273 1015740000
13 273 1269180000
13 273 5000000
13 273 1049400000
13 273 5000000
13 273 5000000
13 273 5000000
13 273 5000000
13 273 5000000
13 273 5000000
13 273 5000000
13 273 1015740000
13 273 5000000
13 273 952380000
13 273 1269180000
13 273 952380000
13 273 1142460000
13 273 5000000
13 273 5000000
13 273 1142460000
13 273 5000000
13 273 5000000
13 273 5000000
13 273 1142460000
13 273 5000000
13 273 1269180000
13 273 5000000
13 273 5000000
13 273 5000000
13 273 5000000
13 273 5000000
13 273 5000000
13 273 952380000
13 273 5000000
13 273 5000000
13 273 1142460000
13 273 5000000
13 273 1142460000
13 273 5000000
13 273 1015740000
13 273 952380000
13 273 1142460000
13 273 5000000
13 273 5000000
13 273 1142460000
13 273 5000000
13 273 5000000
13 273 5000000
13 273 5000000
13 273 5000000
13 273 1049400000
13 273 5000000
13 273 5000000
13 273 5000000
13 273 5000000
13 273 5000000
13 273 5000000
13 273 5000000
13 273 952380000
13 273 5000000
13 273 5000000
13 273 1142460000
13 273 5000000
13 273 1142460000
13 273 5000000
13 273 5000000
13 273 5000000
13 273 5000000
13 273 5000000
13 273 5000000
13 273 952380000
13 273 1142460000
13 273 5000000
13 273 5000000
13 273 5000000
13 273 5000000
13 273 5000000
13 273 1049400000
13 273 5000000
13 273 5000000
13 273 5000000
13 273 5000000
13 273 1269180000
13 273 1142460000
13 273 1015740000
13 273 5000000
13 273 5000000
13 273 5000000
13 273 5000000
13 273 952380000
13 273 1142460000
13 273 5000000
13 273 5000000
13 273 5000000
13 273 1142460000
13 273 5000000
13 273 5000000
13 273 1049400000
13 273 5000000
13 273 5000000
13 273 5000000
13 273 1015740000
13 273 5000000
13 273 5000000
13 273 5000000
13 273 5000000
13 273 5000000
13 273 5000000
13 273 1269180000
13 273 1142460000
13 273 1269180000
13 273 1049400000
13 273 5000000
13 273 5000000
13 273 1015740000
13 273 5000000
13 273 952380000
13 273 5000000
13 273 1142460000
13 273 5000000
13 273 952380000
13 273 5000000
13 273 1269180000
13 273 5000000
13 273 5000000
13 273 5000000
13 273 1049400000
13 273 1142460000
13 273 5000000
13 273 1015740000
13 273 5000000
13 273 1269180000
13 273 5000000
13 273 1049400000
13 273 5000000
13 273 5000000
13 273 5000000
13 273 5000000
13 273 1049400000
13 273 1049400000
13 273 5000000
13 273 5000000
13 273 5000000
13 273 5000000
13 273 5000000
13 273 1269180000
13 273 1269180000
13 273 5000000
13 273 5000000
13 273 1015740000
13 273 5000000
13 273 5000000
13 273 5000000
13 273 5000000
13 273 1142460000
13 273 1049400000
13 273 5000000
13 273 1142460000
13 273 952380000
13 273 5000000
13 273 5000000
13 273 5000000
13 273 5000000
13 273 5000000
13 273 5000000
13 273 5000000
13 273 1142460000
13 273 5000000
13 273 5000000
13 273 5000000
13 273 5000000
13 273 1015740000
13 273 1142460000
13 273 1269180000
13 273 1015740000
13 273 5000000
13 273 1049400000
13 273 5000000
13 273 5000000
13 273 952380000
13 273 5000000
13 273 1269180000
13 273 1015740000
13 273 5000000
13 273 1049400000
13 273 1015740000
13 273 5000000
13 273 5000000
13 273 5000000
13 273 5000000
13 273 952380000
13 273 5000000
13 273 5000000
13 273 5000000
13 273 1269180000
13 273 952380000
13 273 5000000
13 273 1142460000
13 273 5000000
13 273 1015740000
13 273 5000000
13 273 1015740000
13 273 5000000
13 273 5000000
13 273 1269180000
13 273 5000000
13 273 5000000
13 273 5000000
13 273 5000000
13 273 1049400000
13 273 1015740000
13 273 5000000
13 273 5000000
13 273 1142460000
13 273 5000000
13 273 1269180000
13 273 1269180000
13 273 1142460000
13 273 1269180000
13 273 5000000
13 273 952380000
13 273 5000000
13 273 952380000
13 273 1015740000
13 273 1015740000
13 273 1269180000
13 273 5000000
13 273 1015740000
13 273 5000000
13 273 952380000
13 273 1049400000
13 273 5000000
13 273 1142460000
13 273 5000000
13 273 1269180000
13 273 952380000
13 273 1269180000
13 273 952380000
13 273 5000000
13 273 952380000
13 273 1269180000
13 273 1015740000
13 273 5000000
13 273 1049400000
13 273 1049400000
13 273 952380000
13 273 1049400000
13 273 952380000
13 273 5000000
13 273 5000000
13 273 1142460000
13 273 1269180000
13 273 5000000
13 273 952380000
13 273 5000000
13 273 5000000
13 273 5000000
13 273 5000000
13 273 1142460000
13 273 1015740000
13 273 1269180000
13 273 5000000
13 273 1142460000
13 273 5000000
13 273 5000000
13 273 5000000
13 273 5000000
13 273 5000000
13 273 952380000
13 273 5000000
13 273 1015740000
13 273 1015740000
13 273 1049400000
13 273 5000000
13 273 5000000
13 273 1015740000
13 273 1142460000
13 273 952380000
13 273 1049400000
13 273 1269180000
13 273 5000000
13 273 1142460000
13 273 952380000
13 273 5000000
13 273 1142460000
13 273 5000000
13 273 5000000
13 273 5000000
13 273 952380000
13 273 5000000
13 273 1015740000
13 273 5000000
13 273 1049400000
13 273 5000000
13 273 5000000
13 273 5000000
13 273 5000000
13 273 1015740000
13 273 5000000
13 273 5000000
13 273 5000000
13 273 5000000
13 273 5000000
13 273 5000000
13 273 1269180000
13 273 5000000
13 273 5000000
13 273 5000000
13 273 1049400000
13 273 5000000
13 273 1142460000
13 273 1015740000
13 273 5000000
13 273 1142460000
13 273 5000000
13 273 5000000
13 273 5000000
13 273 1049400000
13 273 1269180000
13 273 5000000
13 273 5000000
13 273 5000000
13 273 1015740000
13 273 5000000
13 273 5000000
13 273 5000000
13 273 5000000
13 273 1142460000
13 273 952380000
13 273 5000000
13 273 1269180000
13 273 5000000
13 273 952380000
13 273 5000000
13 273 5000000
13 273 1269180000
13 273 952380000
13 273 1049400000
13 273 952380000
13 273 5000000
13 273 1269180000
13 273 5000000
13 273 5000000
13 273 952380000
13 273 1269180000
13 273 952380000
13 273 1142460000
13 273 5000000
13 273 5000000
13 273 1015740000
13 273 5000000
13 273 1049400000
13 273 1015740000
13 273 1269180000
13 273 5000000
13 273 5000000
13 273 1049400000
13 273 5000000
13 273 5000000
13 273 1049400000
13 273 5000000
13 273 1142460000
13 273 1049400000
13 273 1269180000
13 273 1269180000
13 273 5000000
13 273 5000000
13 273 5000000
13 273 5000000
13 273 1049400000
13 273 1142460000
13 273 1142460000
13 273 952380000
13 273 1142460000
13 273 5000000
13 273 952380000
13 273 1142460000
13 273 1269180000
13 273 5000000
13 273 1049400000
13 273 5000000
13 273 5000000
13 273 1015740000
13 273 5000000
13 273 5000000
13 273 5000000
13 273 952380000
13 273 5000000
13 273 5000000
13 273 5000000
13 273 5000000
13 273 1015740000
13 273 5000000
13 273 1142460000
13 273 5000000
13 273 5000000
13 273 5000000
13 273 5000000
13 273 952380000
13 273 5000000
13 273 1269180000
13 273 5000000
13 273 952380000
13 273 5000000
13 273 1015740000
13 273 5000000
13 273 1049400000
13 273 1142460000
13 273 5000000
13 273 5000000
13 273 1049400000
13 273 5000000
13 273 952380000
13 273 5000000
13 273 5000000
13 273 1269180000
13 273 5000000
13 273 5000000
13 273 5000000
13 273 952380000
13 273 5000000
13 273 5000000
13 273 1049400000
13 273 5000000
13 273 5000000
13 273 5000000
13 273 1015740000
13 273 5000000
13 273 5000000
13 273 5000000
13 273 5000000
13 273 5000000
13 273 1142460000
13 273 1269180000
13 273 1015740000
13 273 5000000
13 273 5000000
13 273 5000000
13 273 1049400000
13 273 5000000
13 273 1049400000
13 273 5000000
13 273 1142460000
13 273 1015740000
13 273 5000000
13 273 5000000
13 273 5000000
13 273 5000000
13 273 5000000
13 273 5000000
13 273 1269180000
13 273 5000000
13 273 5000000
13 273 5000000
13 273 1269180000
13 273 1049400000
13 273 5000000
13 273 5000000
13 273 5000000
13 273 5000000
13 273 1142460000
13 273 1269180000
13 273 5000000
13 273 5000000
13 273 5000000
13 273 1269180000
13 273 5000000
13 273 5000000
13 273 5000000
13 273 5000000
13 273 5000000
13 273 5000000
13 273 5000000
13 273 1015740000
13 273 5000000
13 273 1269180000
13 273 5000000
13 273 5000000
13 273 1142460000
13 273 1269180000
13 273 5000000
13 273 5000000
13 273 5000000
13 273 5000000
13 273 5000000
13 273 5000000
13 273 5000000
13 273 5000000
13 273 1015740000
13 273 5000000
13 273 5000000
13 273 5000000
13 273 5000000
13 273 5000000
13 273 1049400000
13 273 5000000
13 273 5000000
13 273 5000000
13 273 5000000
13 273 5000000
13 273 5000000
13 273 952380000
13 273 5000000
13 273 5000000
13 273 1142460000
13 273 5000000
13 273 1015740000
13 273 5000000
13 273 5000000
13 273 5000000
13 273 5000000
13 273 5000000
13 273 5000000
13 273 1049400000
13 273 5000000
13 273 5000000
13 273 5000000
13 273 1269180000
13 273 5000000
13 273 1142460000
13 273 5000000
13 273 1269180000
13 273 5000000
13 273 1049400000
13 273 5000000
13 273 5000000
13 273 5000000
13 273 5000000
13 273 5000000
13 273 5000000
13 273 5000000
13 273 5000000
13 273 5000000
13 273 5000000
13 273 5000000
13 273 5000000
13 273 5000000
13 273 5000000
13 273 5000000
13 273 5000000
13 273 1049400000
13 273 5000000
13 273 5000000
13 273 5000000
13 273 5000000
13 273 1142460000
13 273 1142460000
13 273 5000000
13 273 1015740000
13 273 1142460000
13 273 1015740000
13 273 5000000
13 273 5000000
13 273 5000000
13 273 5000000
13 273 5000000
13 273 5000000
13 273 5000000
13 273 5000000
13 273 1015740000
13 273 1269180000
13 273 5000000
13 273 5000000
13 273 1015740000
13 273 1269180000
13 273 5000000
13 273 5000000
13 273 952380000
13 273 1269180000
13 273 5000000
13 273 5000000
13 273 1269180000
13 273 5000000
13 273 1269180000
13 273 5000000
13 273 5000000
13 273 5000000
13 273 1142460000
13 273 1269180000
13 273 1142460000
13 273 952380000
13 273 952380000
13 273 5000000
13 273 5000000
13 273 1269180000
13 273 1142460000
13 273 1049400000
13 273 1269180000
13 273 952380000
13 273 5000000
13 273 952380000
13 273 5000000
13 273 5000000
13 273 1015740000
13 273 1269180000
13 273 1049400000
13 273 5000000
13 273 1142460000
13 273 1015740000
13 273 5000000
13 273 5000000
13 273 1015740000
13 273 1269180000
13 273 5000000
13 273 5000000
13 273 5000000
13 273 5000000
13 273 5000000
13 273 1269180000
13 273 5000000
13 273 1015740000
13 273 5000000
13 273 5000000
13 273 1142460000
13 273 1269180000
13 273 5000000
13 273 5000000
13 273 1049400000
13 273 5000000
13 273 1049400000
13 273 5000000
13 273 5000000
13 273 1049400000
13 273 5000000
13 273 1142460000
13 273 1049400000
13 273 5000000
13 273 5000000
13 273 1269180000
13 273 5000000
13 273 5000000
13 273 5000000
13 273 5000000
13 273 5000000
13 273 5000000
13 273 1049400000
13 273 5000000
13 273 1142460000
13 273 5000000
13 273 5000000
13 273 5000000
13 273 5000000
13 273 1015740000
13 273 5000000
13 273 5000000
13 273 1015740000
13 273 5000000
13 273 5000000
13 273 5000000
13 273 5000000
13 273 5000000
13 273 5000000
13 273 1142460000
13 273 952380000
13 273 5000000
13 273 5000000
13 273 1015740000
13 273 5000000
13 273 1142460000
13 273 1269180000
13 273 5000000
13 273 1049400000
13 273 5000000
13 273 952380000
13 273 5000000
13 273 1269180000
13 273 5000000
13 273 5000000
13 273 5000000
13 273 5000000
13 273 1142460000
13 273 1049400000
13 273 5000000
13 273 5000000
13 273 1049400000
13 273 1142460000
13 273 1015740000
13 273 1269180000
13 273 5000000
13 273 5000000
13 273 5000000
13 273 1049400000
13 273 1049400000
13 273 5000000
13 273 5000000
13 273 1142460000
13 273 5000000
13 273 1269180000
13 273 5000000
13 273 1015740000
13 273 5000000
13 273 5000000
13 273 952380000
13 273 1269180000
13 273 1269180000
13 273 5000000
13 273 1142460000
13 273 5000000
13 273 5000000
13 273 5000000
13 273 952380000
13 273 5000000
13 273 5000000
13 273 1269180000
13 273 1015740000
13 273 5000000
13 273 952380000
13 273 5000000
13 273 5000000
13 273 5000000
13 273 952380000
13 273 5000000
13 273 5000000
13 273 5000000
13 273 5000000
13 273 5000000
13 273 5000000
13 273 5000000
13 273 5000000
13 273 5000000
13 273 1142460000
13 273 5000000
13 273 1142460000
13 273 5000000
13 273 952380000
13 273 952380000
13 273 5000000
13 273 5000000
13 273 5000000
13 273 5000000
13 273 5000000
13 273 5000000
13 273 5000000
13 273 5000000
13 273 5000000
13 273 1269180000
13 273 5000000
13 273 1015740000
13 273 5000000
13 273 1015740000
13 273 5000000
13 273 1269180000
13 273 5000000
13 273 5000000
13 273 5000000
13 273 1015740000
13 273 5000000
13 273 5000000
13 273 1269180000
13 273 1142460000
13 273 5000000
13 273 1269180000
13 273 1015740000
13 273 5000000
13 273 5000000
13 273 5000000
13 273 5000000
13 273 5000000
13 273 1049400000
13 273 1142460000
13 273 1049400000
13 273 1049400000
13 273 1015740000
13 273 1142460000
13 273 5000000
13 273 5000000
13 273 5000000
13 273 5000000
13 273 5000000
13 273 5000000
13 273 5000000
13 273 5000000
13 273 952380000
13 273 5000000
13 273 5000000
13 273 5000000
13 273 1269180000
13 273 5000000
13 273 5000000
13 273 1269180000
13 273 5000000
13 273 1015740000
13 273 1049400000
13 273 5000000
13 273 5000000
13 273 5000000
13 273 1049400000
13 273 5000000
13 273 5000000
13 273 5000000
13 273 5000000
13 273 5000000
13 273 1015740000
13 273 5000000
13 273 1142460000
13 273 1269180000
13 273 1015740000
13 273 1015740000
13 273 5000000
13 273 1049400000
13 273 5000000
13 273 5000000
13 273 1015740000
13 273 5000000
13 273 5000000
13 273 5000000
13 273 952380000
13 273 5000000
13 273 5000000
13 273 1015740000
13 273 5000000
13 273 1049400000
13 273 5000000
13 273 5000000
13 273 1142460000
13 273 5000000
13 273 5000000
13 273 5000000
13 273 5000000
13 273 5000000
13 273 5000000
13 273 5000000
13 273 5000000
13 273 1049400000
13 273 5000000
13 273 1269180000
13 273 5000000
13 273 952380000
13 273 5000000
13 273 5000000
13 273 952380000
13 273 5000000
13 273 1269180000
13 273 1142460000
13 273 5000000
13 273 5000000
13 273 1015740000
13 273 952380000
13 273 5000000
13 273 1269180000
13 273 5000000
13 273 1015740000
13 273 1142460000
13 273 5000000
13 273 5000000
13 273 1269180000
13 273 5000000
13 273 5000000
13 273 5000000
13 273 1015740000
13 273 1269180000
13 273 5000000
13 273 952380000
13 273 5000000
13 273 5000000
13 273 1015740000
13 273 1015740000
13 273 1142460000
13 273 5000000
13 273 5000000
13 273 1015740000
13 273 5000000
13 273 5000000
13 273 1269180000
13 273 5000000
13 273 1269180000
13 273 1049400000
13 273 5000000
13 273 1142460000
13 273 1015740000
13 273 5000000
13 273 1269180000
13 273 1269180000
13 273 5000000
13 273 5000000
13 273 952380000
13 273 5000000
13 273 1049400000
13 273 1049400000
13 273 5000000
13 273 5000000
13 273 5000000
13 273 1049400000
13 273 5000000
13 273 952380000
13 273 5000000
13 273 5000000
13 273 5000000
13 273 1049400000
13 273 5000000
13 273 5000000
13 273 952380000
13 273 952380000
13 273 1269180000
13 273 5000000
13 273 1269180000
13 273 5000000
13 273 5000000
13 273 5000000
13 273 1015740000
13 273 5000000
13 273 5000000
13 273 5000000
13 273 5000000
13 273 1142460000
13 273 5000000
13 273 1142460000
13 273 5000000
13 273 1142460000
13 273 5000000
13 273 5000000
13 273 5000000
13 273 1015740000
13 273 5000000
13 273 5000000
13 273 1142460000
13 273 1142460000
13 273 1015740000
13 273 1015740000
13 273 5000000
13 273 5000000
13 273 5000000
13 273 5000000
13 273 5000000
13 273 5000000
13 273 5000000
13 273 1269180000
13 273 5000000
13 273 1015740000
13 273 5000000
13 273 1142460000
13 273 5000000
13 273 5000000
13 273 1049400000
13 273 1269180000
13 273 5000000
13 273 5000000
13 273 5000000
13 273 5000000
13 273 5000000
13 273 5000000
13 273 5000000
13 273 5000000
13 273 1269180000
13 273 5000000
13 273 1049400000
13 273 5000000
13 273 5000000
13 273 952380000
13 273 952380000
13 273 952380000
13 273 1142460000
13 273 5000000
13 273 1049400000
13 273 5000000
13 273 1049400000
13 273 5000000
13 273 5000000
13 273 5000000
13 273 952380000
13 273 5000000
13 273 1142460000
13 273 5000000
13 273 1269180000
13 273 5000000
13 273 1049400000
13 273 1142460000
13 273 5000000
13 273 5000000
13 273 1269180000
13 273 5000000
13 273 5000000
13 273 5000000
13 273 1049400000
13 273 5000000
13 273 1049400000
13 273 952380000
13 273 1269180000
13 273 1142460000
13 273 5000000
13 273 5000000
13 273 5000000
13 273 952380000
13 273 5000000
13 273 5000000
13 273 5000000
13 273 1269180000
13 273 1015740000
13 273 1015740000
13 273 1142460000
13 273 5000000
13 273 5000000
13 273 5000000
13 273 1049400000
13 273 1049400000
13 273 5000000
13 273 5000000
13 273 5000000
13 273 5000000
13 273 5000000
13 273 5000000
13 273 1015740000
13 273 5000000
13 273 5000000
13 273 5000000
13 273 5000000
13 273 1269180000
13 273 5000000
13 273 1142460000
13 273 5000000
13 273 1049400000
13 273 5000000
13 273 5000000
13 273 952380000
13 273 5000000
13 273 952380000
13 273 5000000
13 273 5000000
13 273 1015740000
13 273 952380000
13 273 5000000
13 273 5000000
13 273 1015740000
13 273 1015740000
13 273 5000000
13 273 5000000
13 273 5000000
13 273 5000000
13 273 5000000
13 273 1269180000
13 273 1142460000
13 273 5000000
13 273 952380000
13 273 5000000
13 273 5000000
13 273 1142460000
13 273 5000000
13 273 5000000
13 273 1015740000
13 273 1269180000
13 273 5000000
13 273 1015740000
13 273 5000000
13 273 5000000
13 273 5000000
13 273 5000000
13 273 5000000
13 273 5000000
13 273 952380000
13 273 5000000
13 273 5000000
13 273 5000000
13 273 5000000
13 273 5000000
13 273 5000000
13 273 5000000
13 273 5000000
13 273 5000000
13 273 5000000
13 273 1142460000
13 273 952380000
13 273 1015740000
13 273 5000000
13 273 5000000
13 273 5000000
13 273 952380000
13 273 5000000
13 273 1269180000
13 273 1049400000
13 273 5000000
13 273 1142460000
13 273 5000000
13 273 5000000
13 273 1142460000
13 273 1049400000
13 273 5000000
13 273 952380000
13 273 5000000
13 273 5000000
13 273 5000000
13 273 1142460000
13 273 5000000
13 273 5000000
13 273 5000000
13 273 1269180000
13 273 5000000
13 273 5000000
13 273 1142460000
13 273 1142460000
13 273 1015740000
13 273 952380000
13 273 5000000
13 273 5000000
13 273 5000000
13 273 5000000
13 273 5000000
13 273 1015740000
13 273 1142460000
13 273 1269180000
13 273 5000000
13 273 5000000
13 273 5000000
13 273 5000000
13 273 5000000
13 273 5000000
13 273 5000000
13 273 1049400000
13 273 5000000
13 273 5000000
13 273 5000000
13 273 5000000
13 273 952380000
13 273 1142460000
13 273 5000000
13 273 5000000
13 273 952380000
13 273 5000000
13 273 5000000
13 273 5000000
13 273 5000000
13 273 952380000
13 273 5000000
13 273 1142460000
13 273 1269180000
13 273 1015740000
13 273 5000000
13 273 1015740000
13 273 5000000
13 273 5000000
13 273 5000000
13 273 1142460000
13 273 5000000
13 273 5000000
13 273 5000000
13 273 952380000
13 273 5000000
13 273 5000000
13 273 5000000
13 273 952380000
13 273 5000000
13 273 1015740000
13 273 5000000
13 273 952380000
13 273 952380000
13 273 1269180000
13 273 5000000
13 273 5000000
13 273 1015740000
13 273 5000000
13 273 1049400000
13 273 5000000
13 273 5000000
13 273 5000000
13 273 1049400000
13 273 1015740000
13 273 1049400000
13 273 5000000
13 273 5000000
13 273 5000000
13 273 5000000
13 273 5000000
13 273 5000000
13 273 5000000
13 273 5000000
13 273 5000000
13 273 5000000
13 273 5000000
13 273 1269180000
13 273 5000000
13 273 5000000
13 273 1142460000
13 273 5000000
13 273 5000000
13 273 5000000
13 273 1269180000
13 273 5000000
13 273 5000000
13 273 1049400000
13 273 1049400000
13 273 5000000
13 273 1269180000
13 273 5000000
13 273 5000000
13 273 5000000
13 273 1269180000
13 273 1049400000
13 273 1015740000
13 273 1049400000
13 273 1049400000
13 273 1049400000
13 273 5000000
13 273 5000000
13 273 5000000
13 273 5000000
13 273 1269180000
13 273 5000000
13 273 5000000
13 273 1015740000
13 273 5000000
13 273 5000000
13 273 5000000
13 273 952380000
13 273 5000000
13 273 1015740000
13 273 1015740000
13 273 1015740000
13 273 5000000
13 273 5000000
13 273 952380000
13 273 5000000
13 273 5000000
13 273 1269180000
13 273 1142460000
13 273 1269180000
13 273 5000000
13 273 5000000
13 273 1015740000
13 273 1049400000
13 273 5000000
13 273 5000000
13 273 5000000
13 273 5000000
13 273 5000000
13 273 1049400000
13 273 5000000
13 273 1015740000
13 273 1142460000
13 273 5000000
13 273 1015740000
13 273 5000000
13 273 1142460000
13 273 5000000
13 273 5000000
13 273 5000000
13 273 5000000
13 273 5000000
13 273 5000000
13 273 1049400000
13 273 5000000
13 273 5000000
13 273 5000000
13 273 5000000
13 273 1142460000
13 273 5000000
13 273 5000000
13 273 5000000
13 273 952380000
13 273 5000000
13 273 5000000
13 273 5000000
13 273 5000000
13 273 5000000
13 273 1269180000
13 273 5000000
13 273 5000000
13 273 1015740000
13 273 1015740000
13 273 5000000
13 273 5000000
13 273 1015740000
13 273 952380000
13 273 5000000
13 273 5000000
13 273 5000000
13 273 952380000
13 273 5000000
13 273 1269180000
13 273 5000000
13 273 5000000
13 273 952380000
13 273 1142460000
13 273 5000000
13 273 1015740000
13 273 5000000
13 273 1142460000
13 273 1269180000
13 273 5000000
13 273 5000000
13 273 1015740000
13 273 5000000
13 273 5000000
13 273 1269180000
13 273 5000000
13 273 5000000
13 273 1015740000
13 273 1015740000
13 273 5000000
13 273 1049400000
13 273 5000000
13 273 952380000
13 273 5000000
13 273 5000000
13 273 5000000
13 273 1015740000
13 273 5000000
13 273 952380000
13 273 1049400000
13 273 5000000
13 273 5000000
13 273 1142460000
13 273 5000000
13 273 1049400000
13 273 5000000
13 273 5000000
13 273 5000000
13 273 1015740000
13 273 1269180000
13 273 5000000
13 273 5000000
13 273 5000000
13 273 5000000
13 273 952380000
13 273 5000000
13 273 5000000
13 273 1049400000
13 273 5000000
13 273 1269180000
13 273 5000000
13 273 5000000
13 273 5000000
13 273 5000000
13 273 1142460000
13 273 1269180000
13 273 5000000
13 273 5000000
13 273 1049400000
13 273 1015740000
13 273 5000000
13 273 5000000
13 273 1015740000
13 273 5000000
13 273 1015740000
13 273 1269180000
13 273 1269180000
13 273 5000000
13 273 1049400000
13 273 1269180000
13 273 5000000
13 273 5000000
13 273 1269180000
13 273 1049400000
13 273 952380000
13 273 5000000
13 273 5000000
13 273 5000000
13 273 5000000
13 273 5000000
13 273 5000000
13 273 5000000
13 273 5000000
13 273 1049400000
13 273 1142460000
13 273 5000000
13 273 1269180000
13 273 5000000
13 273 5000000
13 273 5000000
13 273 5000000
13 273 5000000
13 273 5000000
13 273 1049400000
13 273 5000000
13 273 1142460000
13 273 5000000
13 273 5000000
13 273 1049400000
13 273 952380000
13 273 952380000
13 273 5000000
13 273 5000000
13 273 1269180000
13 273 952380000
13 273 5000000
13 273 5000000
13 273 1142460000
13 273 1142460000
13 273 1269180000
13 273 5000000
13 273 1269180000
13 273 1015740000
13 273 5000000
13 273 952380000
13 273 5000000
13 273 1269180000
13 273 1142460000
13 273 5000000
13 273 5000000
13 273 1269180000
13 273 5000000
13 273 5000000
13 273 5000000
13 273 1049400000
13 273 1015740000
13 273 5000000
13 273 1049400000
13 273 1269180000
13 273 1269180000
13 265 681120000
13 265 201960000
13 265 198000000
13 265 198000000
13 265 241560000
13 265 241560000
13 265 199980000
13 265 201960000
13 265 241560000
13 265 203940000
13 265 241560000
13 265 199980000
13 265 243540000
13 265 792000000
13 265 5000000
13 265 5280660000
13 265 198000000
13 265 679140000
13 265 198000000
13 265 243540000
13 265 198000000
13 265 243540000
13 265 681120000
13 265 201960000
13 265 241560000
13 265 199980000
13 265 198000000
13 265 198000000
13 265 241560000
13 265 203940000
13 265 1318680000
13 265 203940000
13 265 681120000
13 265 198000000
13 265 241560000
13 265 241560000
13 265 679140000
13 265 198000000
13 265 1318680000
13 265 243540000
13 265 198000000
13 265 199980000
13 265 198000000
13 265 201960000
13 265 198000000
13 265 1318680000
13 265 243540000
13 265 199980000
13 265 795960000
13 265 201960000
13 265 199980000
13 265 5000000
13 265 477180000
13 265 1318680000
13 265 241560000
13 265 198000000
13 265 199980000
13 265 679140000
13 265 199980000
13 265 199980000
13 265 198000000
13 265 5280660000
13 265 201960000
13 265 199980000
13 265 201960000
13 265 198000000
13 265 1316700000
13 265 681120000
13 265 1316700000
13 265 681120000
13 265 5000000
13 265 198000000
13 265 198000000
13 265 199980000
13 265 201960000
13 265 198000000
13 265 199980000
13 265 243540000
13 265 203940000
13 265 243540000
13 265 241560000
13 265 1318680000
13 265 241560000
13 265 5000000
13 265 198000000
13 265 243540000
13 265 241560000
13 265 241560000
13 265 5000000
13 265 199980000
13 265 199980000
13 265 243540000
13 265 397980000
13 265 199980000
13 265 241560000
13 265 199980000
13 265 243540000
13 265 198000000
13 265 679140000
13 265 199980000
13 265 203940000
13 265 203940000
13 265 239580000
13 265 199980000
13 265 199980000
13 265 793980000
13 265 199980000
13 265 199980000
13 265 1318680000
13 265 199980000
13 265 198000000
13 265 241560000
13 265 203940000
13 265 199980000
13 265 243540000
13 265 243540000
13 265 198000000
13 265 199980000
13 265 199980000
13 265 203940000
13 265 201960000
13 265 198000000
13 265 198000000
13 265 679140000
13 265 203940000
13 265 199980000
13 265 203940000
13 265 199980000
13 265 198000000
13 265 3168000000
13 265 5280660000
13 265 241560000
13 265 243540000
13 265 201960000
13 265 397980000
13 265 198000000
13 265 5000000
13 265 199980000
13 265 198000000
13 265 397980000
13 265 679140000
13 265 2645280000
13 265 1318680000
13 265 199980000
13 265 198000000
13 265 241560000
13 265 198000000
13 265 243540000
13 265 241560000
13 265 241560000
13 265 243540000
13 265 681120000
13 265 2643300000
13 265 201960000
13 265 5000000
13 265 2645280000
13 265 199980000
13 265 201960000
13 265 403920000
13 265 679140000
13 265 396000000
13 265 199980000
13 265 437580000
13 265 199980000
13 265 199980000
13 265 203940000
13 265 199980000
13 265 198000000
13 265 239580000
13 265 241560000
13 265 199980000
13 265 198000000
13 265 1316700000
13 265 198000000
13 265 396000000
13 265 199980000
13 265 681120000
13 265 203940000
13 265 199980000
13 265 203940000
13 265 198000000
13 265 199980000
13 265 241560000
13 265 5000000
13 265 241560000
13 265 241560000
13 265 1316700000
13 265 243540000
13 265 201960000
13 265 203940000
13 265 396000000
13 265 201960000
13 265 241560000
13 265 1585980000
13 265 198000000
13 265 241560000
13 265 243540000
13 265 241560000
13 265 1585980000
13 265 813780000
13 265 198000000
13 265 2643300000
13 265 203940000
13 265 199980000
13 265 243540000
13 265 198000000
13 265 198000000
13 265 1306800000
13 265 3168000000
13 265 199980000
13 265 2645280000
13 265 243540000
13 265 203940000
13 265 679140000
13 265 1318680000
13 265 203940000
13 265 241560000
13 265 201960000
13 265 203940000
13 265 203940000
13 265 199980000
13 265 199980000
13 265 199980000
13 265 243540000
13 265 241560000
13 265 198000000
13 265 199980000
13 265 201960000
13 265 198000000
13 265 6534000000
13 265 198000000
13 265 5282640000
13 265 243540000
13 265 199980000
13 265 679140000
13 265 199980000
13 265 198000000
13 265 241560000
13 265 241560000
13 265 203940000
13 265 199980000
13 265 241560000
13 265 203940000
13 265 5000000
13 265 241560000
13 265 199980000
13 265 243540000
13 265 198000000
13 265 241560000
13 265 199980000
13 265 241560000
13 265 1316700000
13 265 199980000
13 265 199980000
13 265 199980000
13 265 243540000
13 265 5000000
13 265 5000000
13 265 1316700000
13 265 199980000
13 265 243540000
13 265 5000000
13 265 198000000
13 265 5000000
13 265 201960000
13 265 201960000
13 265 792000000
13 265 2645280000
13 265 681120000
13 265 199980000
13 265 1584000000
13 265 201960000
13 265 241560000
13 265 243540000
13 265 203940000
13 265 243540000
13 265 198000000
13 265 203940000
13 265 198000000
13 265 679140000
13 265 203940000
13 265 5000000
13 265 203940000
13 265 198000000
13 265 1318680000
13 265 1316700000
13 265 241560000
13 265 5000000
13 265 5000000
13 265 243540000
13 265 198000000
13 265 241560000
13 265 681120000
13 265 241560000
13 265 1318680000
13 265 241560000
13 265 199980000
13 265 396000000
13 265 1318680000
13 265 198000000
13 265 681120000
13 265 241560000
13 265 199980000
13 265 198000000
13 265 199980000
13 265 203940000
13 265 396000000
13 265 199980000
13 265 792000000
13 265 10693980000
13 265 203940000
13 265 483120000
13 265 199980000
13 265 241560000
13 265 201960000
13 265 199980000
13 265 198000000
13 265 203940000
13 265 198000000
13 265 198000000
13 265 199980000
13 265 203940000
13 265 199980000
13 265 198000000
13 265 7128000000
13 265 792000000
13 265 483120000
13 265 239580000
13 265 198000000
13 265 199980000
13 265 243540000
13 265 243540000
13 265 198000000
13 265 201960000
13 265 5000000
13 265 199980000
13 265 201960000
13 265 2645280000
13 265 792000000
13 265 396000000
13 265 203940000
13 265 681120000
13 265 243540000
13 265 198000000
13 265 198000000
13 265 198000000
13 265 5000000
13 265 201960000
13 265 243540000
13 265 201960000
13 265 243540000
13 265 237600000
13 265 396000000
13 265 203940000
13 265 198000000
13 265 1316700000
13 265 241560000
13 265 792000000
13 265 198000000
13 265 1316700000
13 265 198000000
13 265 241560000
13 265 201960000
13 265 1318680000
13 265 483120000
13 265 201960000
13 265 198000000
13 265 203940000
13 265 203940000
13 265 199980000
13 265 1318680000
13 265 201960000
13 265 199980000
13 265 396000000
13 265 243540000
13 265 201960000
13 265 198000000
13 265 201960000
13 265 198000000
13 265 241560000
13 265 199980000
13 265 198000000
13 265 199980000
13 265 203940000
13 265 201960000
13 265 1316700000
13 265 201960000
13 265 243540000
13 265 681120000
13 265 198000000
13 265 243540000
13 265 201960000
13 265 679140000
13 265 201960000
13 265 683100000
13 265 241560000
13 265 201960000
13 265 203940000
13 265 199980000
13 265 198000000
13 265 198000000
13 265 1316700000
13 265 199980000
13 265 199980000
13 265 681120000
13 265 198000000
13 265 198000000
13 265 198000000
13 265 203940000
13 265 1318680000
13 265 199980000
13 265 198000000
13 265 5000000
13 265 679140000
13 265 243540000
13 265 198000000
13 265 241560000
13 265 681120000
13 265 241560000
13 265 397980000
13 265 5000000
13 265 201960000
13 265 5000000
13 265 199980000
13 265 198000000
13 265 203940000
13 265 198000000
13 265 2645280000
13 265 199980000
13 265 199980000
13 265 198000000
13 265 198000000
13 265 203940000
13 265 2645280000
13 265 5000000
13 265 2645280000
13 265 485100000
13 265 241560000
13 265 241560000
13 265 243540000
13 265 679140000
13 265 198000000
13 265 1316700000
13 265 201960000
13 265 241560000
13 265 198000000
13 265 198000000
13 265 241560000
13 265 241560000
13 265 243540000
13 265 201960000
13 265 396000000
13 265 198000000
13 265 198000000
13 265 201960000
13 265 241560000
13 265 199980000
13 265 241560000
13 265 681120000
13 265 203940000
13 265 396000000
13 265 199980000
13 265 13464000000
13 265 201960000
13 265 198000000
13 265 199980000
13 265 198000000
13 265 5282640000
13 265 1318680000
13 265 198000000
13 265 679140000
13 265 5000000
13 265 595980000
13 265 243540000
13 265 10693980000
13 265 243540000
13 265 241560000
13 265 201960000
13 265 3185820000
13 265 2239380000
13 265 199980000
13 265 199980000
13 265 201960000
13 265 199980000
13 265 198000000
13 265 681120000
13 265 198000000
13 265 199980000
13 265 681120000
13 265 199980000
13 265 243540000
13 265 201960000
13 265 679140000
13 265 679140000
13 265 199980000
13 265 198000000
13 265 1318680000
13 265 397980000
13 265 198000000
13 265 243540000
13 265 199980000
13 265 241560000
13 265 198000000
13 265 237600000
13 265 201960000
13 265 243540000
13 265 203940000
13 265 243540000
13 265 241560000
13 265 681120000
13 265 198000000
13 265 201960000
13 265 681120000
13 265 5000000
13 265 243540000
13 265 681120000
13 265 243540000
13 265 201960000
13 265 199980000
13 265 198000000
13 265 243540000
13 265 5000000
13 265 198000000
13 265 198000000
13 265 203940000
13 265 681120000
13 265 237600000
13 265 681120000
13 265 198000000
13 265 199980000
13 265 243540000
13 265 1318680000
13 265 681120000
13 265 396000000
13 265 203940000
13 265 241560000
13 265 792000000
13 265 481140000
13 265 10692000000
13 265 2643300000
13 265 199980000
13 265 203940000
13 265 241560000
13 265 241560000
13 265 5000000
13 265 5000000
13 265 198000000
13 265 1585980000
13 265 475200000
13 265 199980000
13 265 199980000
13 265 2643300000
13 265 681120000
13 265 239580000
13 265 679140000
13 265 1318680000
13 265 201960000
13 265 201960000
13 265 1316700000
13 265 198000000
13 265 2645280000
13 265 241560000
13 265 198000000
13 265 792000000
13 265 198000000
13 265 5000000
13 265 199980000
13 265 198000000
13 265 679140000
13 265 198000000
13 265 199980000
13 265 475200000
13 265 203940000
13 265 5000000
13 265 243540000
13 265 679140000
13 265 243540000
13 265 5276700000
13 265 203940000
13 265 241560000
13 265 199980000
13 265 2217600000
13 265 199980000
13 265 198000000
13 265 241560000
13 265 1316700000
13 265 2645280000
13 265 198000000
13 265 241560000
13 265 199980000
13 265 201960000
13 265 1585980000
13 265 198000000
13 265 198000000
13 265 5000000
13 265 683100000
13 265 792000000
13 265 198000000
13 265 198000000
13 265 241560000
13 265 241560000
13 265 198000000
13 265 203940000
13 265 198000000
13 265 1316700000
13 265 199980000
13 265 241560000
13 265 243540000
13 265 241560000
13 265 241560000
13 265 5282640000
13 265 198000000
13 265 5000000
13 265 243540000
13 265 198000000
13 265 681120000
13 265 199980000
13 265 201960000
13 265 243540000
13 265 243540000
13 265 199980000
13 265 201960000
13 265 198000000
13 265 203940000
13 265 198000000
13 265 203940000
13 265 1316700000
13 265 397980000
13 265 10692000000
13 265 199980000
13 265 681120000
13 265 679140000
13 265 201960000
13 265 243540000
13 265 5000000
13 265 199980000
13 265 199980000
13 265 5000000
13 265 243540000
13 265 241560000
13 265 243540000
13 265 5280660000
13 265 397980000
13 265 203940000
13 265 198000000
13 265 681120000
13 265 201960000
13 265 1318680000
13 265 1316700000
13 265 397980000
13 265 198000000
13 265 1316700000
13 265 199980000
13 265 199980000
13 265 198000000
13 265 1318680000
13 265 241560000
13 265 241560000
13 265 2645280000
13 265 203940000
13 265 1318680000
13 265 679140000
13 265 198000000
13 265 679140000
13 265 199980000
13 265 198000000
13 265 792000000
13 265 198000000
13 265 5000000
13 265 241560000
13 265 681120000
13 265 683100000
13 265 397980000
13 265 483120000
13 265 199980000
13 265 243540000
13 265 1584000000
13 265 396000000
13 265 2645280000
13 265 199980000
13 265 793980000
13 265 681120000
13 265 679140000
13 265 681120000
13 265 198000000
13 265 5282640000
13 265 3168000000
13 265 679140000
13 265 679140000
13 265 199980000
13 265 201960000
13 265 198000000
13 265 243540000
13 265 203940000
13 265 5000000
13 265 243540000
13 265 198000000
13 265 203940000
13 265 198000000
13 265 198000000
13 265 198000000
13 265 198000000
13 265 198000000
13 265 201960000
13 265 199980000
13 265 203940000
13 265 203940000
13 265 199980000
13 265 243540000
13 265 201960000
13 265 198000000
13 265 679140000
13 265 5000000
13 265 679140000
13 265 199980000
13 265 5000000
13 265 203940000
13 265 198000000
13 265 5000000
13 265 475200000
13 265 198000000
13 265 199980000
13 265 198000000
13 265 2643300000
13 265 198000000
13 265 198000000
13 265 199980000
13 265 199980000
13 265 198000000
13 265 198000000
13 265 243540000
13 265 243540000
13 265 243540000
13 265 243540000
13 265 1316700000
13 265 199980000
13 265 203940000
13 265 243540000
13 265 241560000
13 265 198000000
13 265 2643300000
13 265 792000000
13 265 203940000
13 265 679140000
13 265 243540000
13 265 5000000
13 265 681120000
13 265 198000000
13 265 3189780000
13 265 241560000
13 265 679140000
13 265 198000000
13 265 5000000
13 265 203940000
13 265 198000000
13 265 5280660000
13 265 198000000
13 265 198000000
13 265 396000000
13 265 203940000
13 265 243540000
13 265 198000000
13 265 793980000
13 265 415800000
13 265 203940000
13 265 243540000
13 265 5000000
13 265 199980000
13 265 485100000
13 265 5000000
13 265 397980000
13 265 239580000
13 265 198000000
13 265 1584000000
13 265 243540000
13 265 201960000
13 265 243540000
13 265 396000000
13 265 243540000
13 265 397980000
13 265 199980000
13 265 2645280000
13 265 2643300000
13 265 241560000
13 265 199980000
13 265 198000000
13 265 198000000
13 265 5000000
13 265 681120000
13 265 199980000
13 265 243540000
13 265 5000000
13 265 199980000
13 265 198000000
13 265 199980000
13 265 198000000
13 265 241560000
13 265 1316700000
13 265 201960000
13 265 199980000
13 265 5000000
13 265 243540000
13 265 243540000
13 265 241560000
13 265 199980000
13 265 397980000
13 265 1318680000
13 265 679140000
13 265 199980000
13 265 243540000
13 265 5000000
13 265 199980000
13 265 681120000
13 265 10693980000
13 265 198000000
13 265 243540000
13 265 241560000
13 265 243540000
13 265 5000000
13 265 198000000
13 265 241560000
13 265 241560000
13 265 241560000
13 265 198000000
13 265 198000000
13 265 199980000
13 265 243540000
13 265 397980000
13 265 5000000
13 265 198000000
13 265 5000000
13 265 241560000
13 265 241560000
13 265 683100000
13 265 198000000
13 265 679140000
13 265 203940000
13 265 5000000
13 265 199980000
13 265 243540000
13 265 1318680000
13 265 199980000
13 265 203940000
13 265 237600000
13 265 681120000
13 265 10692000000
13 265 198000000
13 265 5000000
13 265 243540000
13 265 241560000
13 265 199980000
13 265 199980000
13 265 199980000
13 265 199980000
13 265 201960000
13 265 5000000
13 265 243540000
13 265 199980000
13 265 203940000
13 265 679140000
13 265 5000000
13 265 792000000
13 265 198000000
13 265 203940000
13 265 199980000
13 265 198000000
13 265 201960000
13 265 199980000
13 265 198000000
13 265 241560000
13 265 198000000
13 265 241560000
13 265 5000000
13 265 198000000
13 265 241560000
13 265 677160000
13 265 201960000
13 265 5000000
13 265 679140000
13 265 243540000
13 265 396000000
13 265 6365700000
13 265 198000000
13 265 5000000
13 265 5000000
13 265 203940000
13 265 198000000
13 265 5000000
13 265 1316700000
13 265 1585980000
13 265 1584000000
13 265 3168000000
13 265 198000000
13 265 241560000
13 265 243540000
13 265 241560000
13 265 241560000
13 265 243540000
13 265 3168000000
13 265 1318680000
13 265 203940000
13 265 681120000
13 265 243540000
13 265 483120000
13 265 203940000
13 265 203940000
13 265 203940000
13 265 199980000
13 265 198000000
13 265 199980000
13 265 198000000
13 265 681120000
13 265 243540000
13 265 1318680000
13 265 199980000
13 265 201960000
13 265 243540000
13 265 198000000
13 265 199980000
13 265 198000000
13 265 1318680000
13 265 243540000
13 265 241560000
13 265 483120000
13 265 198000000
13 265 201960000
13 265 681120000
13 265 792000000
13 265 198000000
13 265 1316700000
13 265 198000000
13 265 198000000
13 265 199980000
13 265 201960000
13 265 5000000
13 265 198000000
13 265 198000000
13 265 198000000
13 265 198000000
13 265 199980000
13 265 199980000
13 265 203940000
13 265 5000000
13 265 199980000
13 265 201960000
13 265 203940000
13 265 5280660000
13 265 199980000
13 265 201960000
13 265 241560000
13 265 243540000
13 265 792000000
13 265 199980000
13 265 198000000
13 265 241560000
13 265 198000000
13 265 5000000
13 265 241560000
13 265 679140000
13 265 243540000
13 265 198000000
13 265 243540000
13 265 199980000
13 265 1110780000
13 265 198000000
13 265 199980000
13 265 203940000
13 265 241560000
13 265 199980000
13 265 396000000
13 265 203940000
13 265 201960000
13 265 241560000
13 265 203940000
13 265 198000000
13 265 243540000
13 265 199980000
13 265 681120000
13 265 198000000
13 265 1316700000
13 265 5282640000
13 265 679140000
13 265 198000000
13 265 243540000
13 265 1318680000
13 265 679140000
13 265 485100000
13 265 198000000
13 265 201960000
13 265 201960000
13 265 198000000
13 265 199980000
13 265 201960000
13 265 199980000
13 265 1316700000
13 265 5000000
13 265 1316700000
13 265 243540000
13 265 203940000
13 265 198000000
13 265 198000000
13 265 243540000
13 265 1318680000
13 265 792000000
13 265 681120000
13 265 5000000
13 265 199980000
13 265 198000000
13 265 243540000
13 265 396000000
13 265 201960000
13 265 5000000
13 265 201960000
13 265 199980000
13 265 243540000
13 265 5000000
13 265 198000000
13 265 199980000
13 265 199980000
13 265 10692000000
13 265 198000000
13 265 5280660000
13 265 203940000
13 265 5000000
13 265 241560000
13 265 679140000
13 265 241560000
13 265 243540000
13 265 10692000000
13 265 198000000
13 265 201960000
13 265 198000000
13 265 198000000
13 265 681120000
13 265 198000000
13 265 241560000
13 265 681120000
13 265 1316700000
13 265 198000000
13 265 198000000
13 265 7128000000
13 265 201960000
13 265 679140000
13 265 201960000
13 265 198000000
13 265 198000000
13 265 243540000
13 265 198000000
13 265 201960000
13 265 483120000
13 265 397980000
13 265 792000000
13 265 198000000
13 265 199980000
13 265 198000000
13 265 241560000
13 265 201960000
13 265 2643300000
13 265 241560000
13 265 199980000
13 265 199980000
13 265 396000000
13 265 199980000
13 265 397980000
13 265 203940000
13 265 199980000
13 265 201960000
13 265 199980000
13 265 198000000
13 265 201960000
13 265 241560000
13 265 1318680000
13 265 241560000
13 265 199980000
13 265 1584000000
13 265 201960000
13 265 241560000
13 265 199980000
13 265 198000000
13 265 198000000
13 265 243540000
13 265 201960000
13 265 5000000
13 265 239580000
13 265 396000000
13 265 1318680000
13 265 203940000
13 265 792000000
13 265 199980000
13 265 201960000
13 265 198000000
13 265 201960000
13 265 2645280000
13 265 5000000
13 265 243540000
13 265 198000000
13 265 5000000
13 265 679140000
13 265 241560000
13 265 243540000
13 265 198000000
13 265 241560000
13 265 243540000
13 265 396000000
13 265 243540000
13 265 1316700000
13 265 198000000
13 265 239580000
13 265 199980000
13 265 199980000
13 265 198000000
13 265 198000000
13 265 243540000
13 265 681120000
13 265 243540000
13 265 198000000
13 265 198000000
13 265 241560000
13 265 243540000
13 265 199980000
13 265 199980000
13 265 237600000
13 265 201960000
13 265 241560000
13 265 198000000
13 265 198000000
13 265 199980000
13 265 201960000
13 265 199980000
13 265 243540000
13 265 198000000
13 265 201960000
13 265 199980000
13 265 5000000
13 265 2645280000
13 265 201960000
13 265 199980000
13 265 1316700000
13 265 2643300000
13 265 239580000
13 265 5000000
13 265 396000000
13 265 1316700000
13 265 198000000
13 265 199980000
13 265 3169980000
13 265 681120000
13 265 5000000
13 265 199980000
13 265 10693980000
13 265 679140000
13 265 198000000
13 265 203940000
13 265 199980000
13 265 203940000
13 265 201960000
13 265 3169980000
13 265 681120000
13 265 5000000
13 265 198000000
13 265 243540000
13 265 793980000
13 265 243540000
13 265 241560000
13 265 1318680000
13 265 239580000
13 265 483120000
13 265 198000000
13 265 2645280000
13 265 198000000
13 265 675180000
13 265 201960000
13 265 201960000
13 265 397980000
13 265 203940000
13 265 199980000
13 265 201960000
13 265 203940000
13 265 681120000
13 265 201960000
13 265 201960000
13 265 199980000
13 265 217800000
13 265 201960000
13 265 1318680000
13 265 5000000
13 265 1316700000
13 265 198000000
13 265 679140000
13 265 396000000
13 265 1318680000
13 265 198000000
13 265 199980000
13 265 243540000
13 265 198000000
13 265 199980000
13 265 241560000
13 265 203940000
13 265 243540000
13 265 1316700000
13 265 199980000
13 265 397980000
13 265 5000000
13 265 201960000
13 265 203940000
13 265 5000000
13 265 681120000
13 265 198000000
13 265 199980000
13 265 198000000
13 265 5282640000
13 265 199980000
13 265 792000000
13 265 2643300000
13 265 5000000
13 265 199980000
13 265 243540000
13 265 199980000
13 265 201960000
13 265 5000000
13 265 3169980000
13 265 198000000
13 265 243540000
13 265 401940000
13 265 5000000
13 265 198000000
13 265 201960000
13 265 397980000
13 265 198000000
13 265 199980000
13 265 396000000
13 265 683100000
13 265 2645280000
13 265 1318680000
13 265 201960000
13 265 203940000
13 265 198000000
13 265 1318680000
13 265 199980000
13 265 201960000
13 265 201960000
13 265 198000000
13 265 198000000
13 265 199980000
13 265 243540000
13 265 198000000
13 265 199980000
13 265 681120000
13 265 396000000
13 265 201960000
13 265 594000000
13 265 5000000
13 265 198000000
13 265 243540000
13 265 397980000
13 265 199980000
13 265 203940000
13 265 199980000
13 265 201960000
13 265 241560000
13 265 792000000
13 265 198000000
13 265 396000000
13 265 2643300000
13 265 198000000
13 265 397980000
13 265 243540000
13 265 1318680000
13 265 681120000
13 265 396000000
13 265 243540000
13 265 5000000
13 265 201960000
13 265 198000000
13 265 5276700000
13 265 201960000
13 265 793980000
13 265 198000000
13 265 239580000
13 265 199980000
13 265 199980000
13 265 2645280000
13 265 5000000
13 265 10692000000
13 265 199980000
13 265 201960000
13 265 201960000
13 265 10692000000
13 265 679140000
13 265 241560000
13 265 1316700000
13 265 198000000
13 265 198000000
13 265 681120000
13 265 199980000
13 265 199980000
13 265 198000000
13 265 201960000
13 265 243540000
13 265 679140000
13 265 199980000
13 265 5000000
13 265 201960000
13 265 681120000
13 265 198000000
13 265 681120000
13 265 241560000
13 265 243540000
13 265 5000000
13 265 203940000
13 265 198000000
13 265 201960000
13 265 1189980000
13 265 199980000
13 265 199980000
13 265 198000000
13 265 681120000
13 265 199980000
13 265 243540000
13 265 397980000
13 265 1316700000
13 265 198000000
13 265 5000000
13 265 199980000
13 265 681120000
13 265 198000000
13 265 201960000
13 265 199980000
13 265 198000000
13 265 243540000
13 265 679140000
13 265 1316700000
13 265 5000000
13 265 396000000
13 265 396000000
13 265 1584000000
13 265 199980000
13 265 5000000
13 265 199980000
13 265 243540000
13 265 198000000
13 265 201960000
13 265 2645280000
13 265 5000000
13 265 198000000
13 265 679140000
13 265 198000000
13 265 243540000
13 265 243540000
13 265 198000000
13 265 198000000
13 265 241560000
13 265 1316700000
13 265 403920000
13 265 199980000
13 265 199980000
13 265 203940000
13 265 199980000
13 265 5000000
13 265 397980000
13 265 241560000
13 265 239580000
13 265 199980000
13 265 243540000
13 265 243540000
13 265 201960000
13 265 5000000
13 265 396000000
13 265 5000000
13 265 243540000
13 265 198000000
13 265 199980000
13 265 5000000
13 265 5000000
13 265 201960000
13 265 243540000
13 265 198000000
13 265 5000000
13 265 198000000
13 265 243540000
13 265 198000000
13 265 241560000
13 265 198000000
13 265 203940000
13 265 201960000
13 265 198000000
13 265 198000000
13 265 243540000
13 265 203940000
13 265 198000000
13 265 1316700000
13 265 199980000
13 265 203940000
13 265 5000000
13 265 201960000
13 265 241560000
13 265 241560000
13 265 5282640000
13 265 5000000
13 265 199980000
13 265 9900000000
13 265 199980000
13 265 199980000
13 265 10692000000
13 265 241560000
13 265 241560000
13 265 1318680000
13 265 679140000
13 265 681120000
13 265 1318680000
13 265 201960000
13 265 681120000
13 265 198000000
13 265 203940000
13 265 241560000
13 265 679140000
13 265 396000000
13 265 198000000
13 265 681120000
13 265 198000000
13 265 5000000
13 265 243540000
13 265 5000000
13 265 201960000
13 265 793980000
13 265 243540000
13 265 203940000
13 265 203940000
13 265 199980000
13 265 241560000
13 265 243540000
13 265 199980000
13 265 198000000
13 265 1318680000
13 265 199980000
13 265 203940000
13 265 5000000
13 265 681120000
13 265 201960000
13 265 199980000
13 265 2643300000
13 265 203940000
13 265 5000000
13 265 5000000
13 265 198000000
13 265 681120000
13 265 201960000
13 265 681120000
13 265 237600000
13 265 198000000
13 265 239580000
13 265 203940000
13 265 4554000000
13 265 679140000
13 265 199980000
13 265 1318680000
13 265 241560000
13 265 198000000
13 265 2417580000
13 265 243540000
13 265 681120000
13 265 5000000
13 265 5000000
13 265 199980000
13 265 241560000
13 265 1316700000
13 265 5000000
13 265 241560000
13 265 6534000000
13 265 5000000
13 265 679140000
13 265 198000000
13 265 681120000
13 265 2645280000
13 265 396000000
13 265 792000000
13 265 241560000
13 265 199980000
13 265 681120000
13 265 792000000
13 265 198000000
13 265 241560000
13 265 198000000
13 265 198000000
13 265 201960000
13 265 241560000
13 265 679140000
13 265 203940000
13 265 241560000
13 265 203940000
13 265 5280660000
13 265 201960000
13 265 243540000
13 265 203940000
13 265 5000000
13 265 241560000
13 265 241560000
13 265 241560000
13 265 198000000
13 265 199980000
13 265 199980000
13 265 198000000
13 265 201960000
13 265 795960000
13 265 5000000
13 265 199980000
13 265 198000000
13 265 198000000
13 265 477180000
13 265 5280660000
13 265 198000000
13 265 1318680000
13 265 198000000
13 265 243540000
13 265 681120000
13 265 243540000
13 265 241560000
13 265 679140000
13 265 198000000
13 265 198000000
13 265 243540000
13 265 201960000
13 265 199980000
13 265 198000000
13 265 241560000
13 265 1316700000
13 265 198000000
13 265 241560000
13 265 679140000
13 265 241560000
13 265 201960000
13 265 199980000
13 265 5000000
13 265 199980000
13 265 243540000
13 265 1318680000
13 265 793980000
13 265 198000000
13 265 397980000
13 265 199980000
13 265 199980000
13 265 681120000
13 265 199980000
13 265 241560000
13 265 1318680000
13 265 243540000
13 265 198000000
13 265 199980000
13 265 199980000
13 265 201960000
13 265 201960000
13 265 198000000
13 265 203940000
13 265 199980000
13 265 5000000
13 265 199980000
13 265 681120000
13 265 199980000
13 265 5000000
13 265 198000000
13 265 199980000
13 265 1316700000
13 265 5280660000
13 265 199980000
13 265 199980000
13 265 198000000
13 265 397980000
13 265 201960000
13 265 199980000
13 265 243540000
13 265 199980000
13 265 198000000
13 265 241560000
13 265 243540000
13 265 199980000
13 265 3168000000
13 265 397980000
13 265 201960000
13 265 199980000
13 265 239580000
13 265 243540000
13 265 243540000
13 265 199980000
13 265 241560000
13 265 241560000
13 265 199980000
13 265 2645280000
13 265 396000000
13 265 198000000
13 265 681120000
13 265 679140000
13 265 203940000
13 265 198000000
13 265 5000000
13 265 201960000
13 265 241560000
13 265 437580000
13 265 198000000
13 265 2643300000
13 265 203940000
13 265 203940000
13 265 199980000
13 265 241560000
13 265 198000000
13 265 199980000
13 265 3168000000
13 265 198000000
13 265 396000000
13 265 199980000
13 265 243540000
13 265 679140000
13 265 198000000
13 265 5000000
13 265 198000000
13 265 199980000
13 265 199980000
13 265 1318680000
13 265 198000000
13 265 198000000
13 265 1316700000
13 265 199980000
13 265 198000000
13 265 1585980000
13 265 813780000
13 265 203940000
13 265 241560000
13 265 1318680000
13 265 241560000
13 265 201960000
13 265 203940000
13 265 243540000
13 265 2643300000
13 265 241560000
13 265 198000000
13 265 198000000
13 265 679140000
13 265 198000000
13 265 203940000
13 265 5000000
13 265 1318680000
13 265 199980000
13 265 241560000
13 265 203940000
13 265 239580000
13 265 243540000
13 265 241560000
13 265 241560000
13 265 199980000
13 265 6534000000
13 265 396000000
13 265 203940000
13 265 199980000
13 265 203940000
13 265 198000000
13 265 201960000
13 265 199980000
13 265 243540000
13 265 1316700000
13 265 2645280000
13 265 241560000
13 265 681120000
13 265 198000000
13 265 5000000
13 265 1318680000
13 265 198000000
13 265 1318680000
13 265 243540000
13 265 792000000
13 265 203940000
13 265 198000000
13 265 243540000
13 265 201960000
13 265 198000000
13 265 241560000
13 265 5000000
13 265 2645280000
13 265 201960000
13 265 198000000
13 265 199980000
13 265 681120000
13 265 201960000
13 265 203940000
13 265 243540000
13 265 203940000
13 265 1316700000
13 265 199980000
13 265 5000000
13 265 243540000
13 265 241560000
13 265 243540000
13 265 199980000
13 265 203940000
13 265 1306800000
13 265 1585980000
13 265 403920000
13 265 198000000
13 265 201960000
13 265 241560000
13 265 243540000
13 265 679140000
13 265 201960000
13 265 241560000
13 265 198000000
13 265 203940000
13 265 243540000
13 265 241560000
13 265 203940000
13 265 199980000
13 265 201960000
13 265 199980000
13 265 199980000
13 265 203940000
13 265 199980000
13 265 483120000
13 265 243540000
13 265 243540000
13 265 201960000
13 265 199980000
13 265 203940000
13 265 203940000
13 265 1318680000
13 265 199980000
13 265 5000000
13 265 198000000
13 265 241560000
13 265 198000000
13 265 198000000
13 265 198000000
13 265 199980000
13 265 198000000
13 265 198000000
13 265 203940000
13 265 199980000
13 265 2645280000
13 265 198000000
13 265 239580000
13 265 201960000
13 265 199980000
13 265 199980000
13 265 203940000
13 265 679140000
13 265 5000000
13 265 203940000
13 265 203940000
13 265 5000000
13 265 5282640000
13 265 198000000
13 265 5000000
13 265 241560000
13 265 792000000
13 265 199980000
13 265 201960000
13 265 241560000
13 265 199980000
13 265 201960000
13 265 199980000
13 265 396000000
13 265 243540000
13 265 199980000
13 265 199980000
13 265 241560000
13 265 396000000
13 265 199980000
13 265 198000000
13 265 199980000
13 265 199980000
13 265 5000000
13 265 1316700000
13 265 201960000
13 265 199980000
13 265 5000000
13 265 243540000
13 265 5000000
13 265 201960000
13 265 396000000
13 265 1584000000
13 265 198000000
13 265 199980000
13 265 198000000
13 265 201960000
13 265 5000000
13 265 201960000
13 265 198000000
13 265 792000000
13 265 201960000
13 265 241560000
13 265 199980000
13 265 241560000
13 265 198000000
13 265 241560000
13 265 201960000
13 265 198000000
13 265 397980000
13 265 199980000
13 265 241560000
13 265 203940000
13 265 198000000
13 265 681120000
13 265 5000000
13 265 679140000
13 265 241560000
13 265 198000000
13 265 243540000
13 265 203940000
13 265 681120000
13 265 199980000
13 265 241560000
13 265 13464000000
13 265 201960000
13 265 679140000
13 265 5000000
13 265 681120000
13 265 201960000
13 265 679140000
13 265 243540000
13 265 199980000
13 265 198000000
13 265 198000000
13 265 199980000
13 265 5000000
13 265 5000000
13 265 199980000
13 265 679140000
13 265 198000000
13 265 198000000
13 265 199980000
13 265 241560000
13 265 198000000
13 265 199980000
13 265 483120000
13 265 792000000
13 265 2645280000
13 265 199980000
13 265 241560000
13 265 241560000
13 265 199980000
13 265 199980000
13 265 241560000
13 265 198000000
13 265 679140000
13 265 198000000
13 265 396000000
13 265 198000000
13 265 7128000000
13 265 199980000
13 265 241560000
13 265 201960000
13 265 199980000
13 265 396000000
13 265 679140000
13 265 10693980000
13 265 198000000
13 265 199980000
13 265 198000000
13 265 243540000
13 265 241560000
13 265 5000000
13 265 199980000
13 265 198000000
13 265 198000000
13 265 198000000
13 265 203940000
13 265 241560000
13 265 243540000
13 265 201960000
13 265 199980000
13 265 198000000
13 265 203940000
13 265 198000000
13 265 201960000
13 265 243540000
13 265 198000000
13 265 198000000
13 265 397980000
13 265 243540000
13 265 201960000
13 265 198000000
13 265 198000000
13 265 1318680000
13 265 198000000
13 265 203940000
13 265 201960000
13 265 1316700000
13 265 1318680000
13 265 243540000
13 265 396000000
13 265 241560000
13 265 243540000
13 265 203940000
13 265 5000000
13 265 199980000
13 265 201960000
13 265 792000000
13 265 5000000
13 265 396000000
13 265 483120000
13 265 681120000
13 265 198000000
13 265 203940000
13 265 199980000
13 265 243540000
13 265 198000000
13 265 199980000
13 265 201960000
13 265 198000000
13 265 243540000
13 265 203940000
13 265 201960000
13 265 199980000
13 265 2645280000
13 265 792000000
13 265 198000000
13 265 201960000
13 265 198000000
13 265 243540000
13 265 2645280000
13 265 199980000
13 265 5000000
13 265 198000000
13 265 243540000
13 265 243540000
13 265 237600000
13 265 237600000
13 265 683100000
13 265 3185820000
13 265 237600000
13 265 1318680000
13 265 201960000
13 265 198000000
13 265 5000000
13 265 243540000
13 265 481140000
13 265 198000000
13 265 199980000
13 265 241560000
13 265 679140000
13 265 681120000
13 265 396000000
13 265 681120000
13 265 203940000
13 265 198000000
13 265 241560000
13 265 243540000
13 265 241560000
13 265 198000000
13 265 198000000
13 265 203940000
13 265 203940000
13 265 203940000
13 265 681120000
13 265 681120000
13 265 198000000
13 265 198000000
13 265 241560000
13 265 198000000
13 265 243540000
13 265 199980000
13 265 397980000
13 265 485100000
13 265 681120000
13 265 199980000
13 265 793980000
13 265 203940000
13 265 2645280000
13 265 1585980000
13 265 203940000
13 265 241560000
13 265 1318680000
13 265 201960000
13 265 1316700000
13 265 241560000
13 265 198000000
13 265 681120000
13 265 681120000
13 265 241560000
13 265 5000000
13 265 199980000
13 265 243540000
13 265 201960000
13 265 679140000
13 265 681120000
13 265 201960000
13 265 201960000
13 265 243540000
13 265 2239380000
13 265 199980000
13 265 198000000
13 265 203940000
13 265 199980000
13 265 203940000
13 265 198000000
13 265 243540000
13 265 241560000
13 265 203940000
13 265 198000000
13 265 3189780000
13 265 241560000
13 265 203940000
13 265 595980000
13 265 243540000
13 265 201960000
13 265 5000000
13 265 241560000
13 265 5000000
13 265 201960000
13 265 241560000
13 265 1316700000
13 265 198000000
13 265 199980000
13 265 199980000
13 265 199980000
13 265 243540000
13 265 203940000
13 265 198000000
13 265 5000000
13 265 198000000
13 265 679140000
13 265 679140000
13 265 198000000
13 265 199980000
13 265 397980000
13 265 199980000
13 265 199980000
13 265 241560000
13 265 198000000
13 265 243540000
13 265 199980000
13 265 1316700000
13 265 199980000
13 265 10692000000
13 265 198000000
13 265 397980000
13 265 243540000
13 265 203940000
13 265 1318680000
13 265 679140000
13 265 199980000
13 265 199980000
13 265 397980000
13 265 199980000
13 265 198000000
13 265 241560000
13 265 203940000
13 265 198000000
13 265 243540000
13 265 5000000
13 265 203940000
13 265 199980000
13 265 198000000
13 265 241560000
13 265 198000000
13 265 203940000
13 265 201960000
13 265 2217600000
13 265 681120000
13 265 679140000
13 265 2643300000
13 265 198000000
13 265 5276700000
13 265 239580000
13 265 2643300000
13 265 198000000
13 265 5000000
13 265 1318680000
13 265 792000000
13 265 5000000
13 265 199980000
13 265 396000000
13 265 1316700000
13 265 199980000
13 265 198000000
13 265 198000000
13 265 396000000
13 265 396000000
13 265 199980000
13 265 5000000
13 265 1585980000
13 265 198000000
13 265 679140000
13 265 475200000
13 265 243540000
13 265 5000000
13 265 475200000
13 265 203940000
13 265 683100000
13 265 681120000
13 265 241560000
13 265 241560000
13 265 241560000
13 265 5000000
13 265 241560000
13 265 198000000
13 265 198000000
13 265 243540000
13 265 243540000
13 265 243540000
13 265 243540000
13 265 5000000
13 265 241560000
13 265 198000000
13 265 241560000
13 265 243540000
13 265 1318680000
13 265 198000000
13 265 201960000
13 265 483120000
13 265 1318680000
13 265 241560000
13 265 199980000
13 265 2645280000
13 265 397980000
13 265 198000000
13 265 2643300000
13 265 3169980000
13 265 198000000
13 265 199980000
13 265 5000000
13 265 199980000
13 265 201960000
13 265 201960000
13 265 5000000
13 265 243540000
13 265 239580000
13 265 5000000
13 265 792000000
13 265 241560000
13 265 199980000
13 265 475200000
13 265 198000000
13 265 198000000
13 265 5000000
13 265 5000000
13 265 198000000
13 265 243540000
13 265 5000000
13 265 681120000
13 265 199980000
13 265 241560000
13 265 10692000000
13 265 198000000
13 265 199980000
13 265 199980000
13 265 5280660000
13 265 198000000
13 265 199980000
13 265 1316700000
13 265 198000000
13 265 243540000
13 265 1316700000
13 265 792000000
13 265 683100000
13 265 203940000
13 265 3168000000
13 265 199980000
13 265 198000000
13 265 203940000
13 265 201960000
13 265 203940000
13 265 217800000
13 265 241560000
13 265 6365700000
13 265 199980000
13 265 1316700000
13 265 201960000
13 265 683100000
13 265 792000000
13 265 241560000
13 265 241560000
13 265 679140000
13 265 397980000
13 265 243540000
13 265 1318680000
13 265 199980000
13 265 203940000
13 265 243540000
13 265 199980000
13 265 198000000
13 265 1316700000
13 265 1318680000
13 265 5282640000
13 265 5000000
13 265 243540000
13 265 201960000
13 265 396000000
13 265 681120000
13 265 243540000
13 265 243540000
13 265 1316700000
13 265 243540000
13 265 792000000
13 265 1316700000
13 265 199980000
13 265 199980000
13 265 396000000
13 265 243540000
13 265 198000000
13 265 793980000
13 265 198000000
13 265 1316700000
13 265 594000000
13 265 241560000
13 265 243540000
13 265 198000000
13 265 199980000
13 265 10692000000
13 265 1318680000
13 265 679140000
13 265 397980000
13 265 203940000
13 265 198000000
13 265 2645280000
13 265 243540000
13 265 198000000
13 265 5000000
13 265 199980000
13 265 243540000
13 265 199980000
13 265 5000000
13 265 241560000
13 265 679140000
13 265 1584000000
13 265 198000000
13 265 199980000
13 265 10692000000
13 265 199980000
13 265 199980000
13 265 243540000
13 265 203940000
13 265 198000000
13 265 241560000
13 265 243540000
13 265 5282640000
13 265 203940000
13 265 10693980000
13 265 5000000
13 265 201960000
13 265 243540000
13 265 199980000
13 265 681120000
13 265 198000000
13 265 396000000
13 265 198000000
13 265 5000000
13 265 681120000
13 265 198000000
13 265 199980000
13 265 5000000
13 265 243540000
13 265 199980000
13 265 241560000
13 265 198000000
13 265 198000000
13 265 198000000
13 265 199980000
13 265 5000000
13 265 201960000
13 265 241560000
13 265 5282640000
13 265 203940000
13 265 199980000
13 265 396000000
13 265 243540000
13 265 198000000
13 265 1318680000
13 265 199980000
13 265 201960000
13 265 198000000
13 265 2645280000
13 265 681120000
13 265 198000000
13 265 681120000
13 265 199980000
13 265 681120000
13 265 201960000
13 265 241560000
13 265 792000000
13 265 1316700000
13 265 241560000
13 265 198000000
13 265 397980000
13 265 199980000
13 265 1316700000
13 265 681120000
13 265 198000000
13 265 201960000
13 265 199980000
13 265 198000000
13 265 241560000
13 265 243540000
13 265 243540000
13 265 243540000
13 265 198000000
13 265 1110780000
13 265 203940000
13 265 199980000
13 265 198000000
13 265 198000000
13 265 198000000
13 265 241560000
13 265 681120000
13 265 198000000
13 265 198000000
13 265 199980000
13 265 203940000
13 265 5000000
13 265 241560000
13 265 198000000
13 265 3168000000
13 265 679140000
13 265 243540000
13 265 396000000
13 265 2645280000
13 265 241560000
13 265 203940000
13 265 201960000
13 265 199980000
13 265 201960000
13 265 5000000
13 265 401940000
13 265 239580000
13 265 198000000
13 265 201960000
13 265 199980000
13 265 199980000
13 265 198000000
13 265 198000000
13 265 679140000
13 265 199980000
13 265 677160000
13 265 203940000
13 265 5000000
13 265 243540000
13 265 5000000
13 265 199980000
13 265 198000000
13 265 241560000
13 265 5000000
13 265 199980000
13 265 1585980000
13 265 198000000
13 265 199980000
13 265 675180000
13 265 241560000
13 265 199980000
13 265 198000000
13 265 241560000
13 265 199980000
13 265 198000000
13 265 5000000
13 265 1316700000
13 265 199980000
13 265 203940000
13 265 201960000
13 265 198000000
13 265 243540000
13 265 201960000
13 265 201960000
13 265 198000000
13 265 203940000
13 265 243540000
13 265 199980000
13 265 199980000
13 265 243540000
13 265 5000000
13 265 5000000
13 265 201960000
13 265 198000000
13 265 5000000
13 265 5000000
13 265 243540000
13 265 681120000
13 265 1318680000
13 265 201960000
13 265 5000000
13 265 198000000
13 265 203940000
13 265 681120000
13 265 3169980000
13 265 199980000
13 265 201960000
13 265 243540000
13 265 679140000
13 265 243540000
13 265 243540000
13 265 2643300000
13 265 7128000000
13 265 198000000
13 265 198000000
13 265 203940000
13 265 243540000
13 265 198000000
13 265 1584000000
13 265 239580000
13 265 243540000
13 265 792000000
13 265 199980000
13 265 243540000
13 265 198000000
13 265 199980000
13 265 241560000
13 265 5000000
13 265 198000000
13 265 201960000
13 265 5276700000
13 265 198000000
13 265 198000000
13 265 199980000
13 265 201960000
13 265 198000000
13 265 199980000
13 265 5000000
13 265 2645280000
13 265 243540000
13 265 243540000
13 265 198000000
13 265 201960000
13 265 199980000
13 265 396000000
13 265 5000000
13 265 681120000
13 265 198000000
13 265 679140000
13 265 199980000
13 265 198000000
13 265 201960000
13 265 198000000
13 265 198000000
13 265 201960000
13 265 198000000
13 265 198000000
13 265 203940000
13 265 5000000
13 265 243540000
13 265 243540000
13 265 198000000
13 265 5000000
13 265 2643300000
13 265 199980000
13 265 198000000
13 265 198000000
13 265 397980000
13 265 203940000
13 265 201960000
13 265 198000000
13 265 199980000
13 265 5000000
13 265 2645280000
13 265 241560000
13 265 198000000
13 265 198000000
13 265 198000000
13 265 397980000
13 265 2645280000
13 265 241560000
13 265 5000000
13 265 198000000
13 265 199980000
13 265 1316700000
13 265 199980000
13 265 198000000
13 265 203940000
13 265 241560000
13 265 679140000
13 265 1316700000
13 265 5000000
13 265 203940000
13 265 201960000
13 265 201960000
13 265 199980000
13 265 198000000
13 265 241560000
13 265 5282640000
13 265 201960000
13 265 243540000
13 265 2643300000
13 265 199980000
13 265 201960000
13 265 241560000
13 265 199980000
13 265 199980000
13 265 198000000
13 265 199980000
13 265 198000000
13 265 198000000
13 265 241560000
13 265 243540000
13 265 241560000
13 265 10693980000
13 265 198000000
13 265 1189980000
13 265 198000000
13 265 199980000
13 265 199980000
13 265 396000000
13 265 241560000
13 265 198000000
13 265 201960000
13 265 241560000
13 265 485100000
13 265 243540000
13 265 198000000
13 265 199980000
13 265 198000000
13 265 10693980000
13 265 5280660000
13 265 198000000
13 265 201960000
13 265 201960000
13 265 198000000
13 265 199980000
13 265 681120000
13 265 681120000
13 265 198000000
13 265 243540000
13 265 243540000
13 265 5000000
13 265 199980000
13 265 198000000
13 265 679140000
13 265 1316700000
13 265 679140000
13 265 203940000
13 265 1318680000
13 265 198000000
13 265 199980000
13 265 198000000
13 265 243540000
13 265 243540000
13 265 5000000
13 265 1318680000
13 265 199980000
13 265 792000000
13 265 2417580000
13 265 241560000
13 265 241560000
13 265 1318680000
13 265 243540000
13 265 681120000
13 265 415800000
13 265 201960000
13 265 483120000
13 265 199980000
13 265 5000000
13 265 199980000
13 265 5000000
13 265 679140000
13 265 679140000
13 265 243540000
13 265 243540000
13 265 483120000
13 265 198000000
13 265 203940000
13 265 201960000
13 265 3169980000
13 265 243540000
13 265 241560000
13 265 5000000
13 265 10692000000
13 265 198000000
13 265 201960000
13 265 198000000
13 265 679140000
13 265 679140000
13 265 198000000
13 265 9900000000
13 265 243540000
13 265 199980000
13 265 5000000
13 265 199980000
13 265 198000000
13 265 241560000
13 265 397980000
13 265 199980000
13 265 201960000
13 265 1318680000
13 265 199980000
13 265 199980000
13 265 198000000
13 265 1316700000
13 265 241560000
13 265 199980000
13 265 199980000
13 265 198000000
13 265 5000000
13 265 1316700000
13 265 201960000
13 265 203940000
13 265 10692000000
13 265 198000000
13 265 198000000
13 265 793980000
13 265 1316700000
13 265 5280660000
13 265 241560000
13 265 241560000
13 265 679140000
13 265 243540000
13 265 199980000
13 265 201960000
13 265 1318680000
13 265 1584000000
13 265 5280660000
13 265 241560000
13 265 241560000
13 265 2643300000
13 265 201960000
13 265 241560000
13 265 681120000
13 265 203940000
13 265 5282640000
13 265 198000000
13 265 5000000
13 265 201960000
13 265 681120000
13 265 241560000
13 265 201960000
13 265 198000000
13 265 2645280000
13 265 201960000
13 265 5000000
13 265 198000000
13 265 243540000
13 265 199980000
13 265 10692000000
13 265 198000000
13 265 201960000
13 265 1316700000
13 265 198000000
13 265 199980000
13 265 203940000
13 265 5000000
13 265 243540000
13 265 396000000
13 265 198000000
13 265 5000000
13 265 679140000
13 265 1316700000
13 265 198000000
13 265 5000000
13 265 243540000
13 265 199980000
13 265 201960000
13 265 679140000
13 265 793980000
13 265 198000000
13 265 5000000
13 265 5000000
13 265 199980000
13 265 203940000
13 265 485100000
13 265 681120000
13 265 199980000
13 265 397980000
13 265 198000000
13 265 241560000
13 265 199980000
13 265 1316700000
13 265 199980000
13 265 199980000
13 265 199980000
13 265 198000000
13 265 198000000
13 265 199980000
13 265 203940000
13 265 198000000
13 265 203940000
13 265 5000000
13 265 681120000
13 265 203940000
13 265 5000000
13 265 203940000
13 265 396000000
13 265 679140000
13 265 1318680000
13 265 681120000
13 265 199980000
13 265 243540000
13 265 199980000
13 265 1316700000
13 265 243540000
13 265 1316700000
13 265 198000000
13 265 679140000
13 265 199980000
13 265 198000000
13 265 203940000
13 265 5000000
13 265 396000000
13 265 5000000
13 265 5000000
13 265 198000000
13 265 239580000
13 265 198000000
13 265 243540000
13 265 199980000
13 265 243540000
13 265 1316700000
13 265 237600000
13 265 243540000
13 265 397980000
13 265 396000000
13 265 679140000
13 265 198000000
13 265 243540000
13 265 198000000
13 265 1316700000
13 265 198000000
13 265 241560000
13 265 243540000
13 265 681120000
13 265 241560000
13 265 199980000
13 265 793980000
13 265 396000000
13 265 681120000
13 265 1584000000
13 265 198000000
13 265 397980000
13 265 3168000000
13 265 243540000
13 265 199980000
13 265 1318680000
13 265 243540000
13 265 199980000
13 265 1318680000
13 265 199980000
13 265 198000000
13 265 397980000
13 265 1318680000
13 265 203940000
13 265 201960000
13 265 681120000
13 265 681120000
13 265 198000000
13 265 679140000
13 265 1318680000
13 265 201960000
13 265 198000000
13 265 239580000
13 265 198000000
13 265 203940000
13 265 239580000
13 265 683100000
13 265 243540000
13 265 10692000000
13 265 679140000
13 265 199980000
13 265 681120000
13 265 198000000
13 265 201960000
13 265 198000000
13 265 201960000
13 265 241560000
13 265 5000000
13 265 681120000
13 265 1318680000
13 265 243540000
13 265 241560000
13 265 198000000
13 265 681120000
13 265 198000000
13 265 396000000
13 265 203940000
13 265 198000000
13 265 2643300000
13 265 199980000
13 265 241560000
13 265 243540000
13 265 241560000
13 265 681120000
13 265 203940000
13 265 237600000
13 265 396000000
13 265 199980000
13 265 5000000
13 265 199980000
13 265 1318680000
13 265 203940000
13 265 201960000
13 265 237600000
13 265 241560000
13 265 198000000
13 265 239580000
13 265 199980000
13 265 679140000
13 265 241560000
13 265 199980000
13 265 5000000
13 265 241560000
13 265 2643300000
13 265 5000000
13 265 243540000
13 265 201960000
13 265 203940000
13 265 198000000
13 265 241560000
13 265 681120000
13 265 1316700000
13 265 199980000
13 265 396000000
13 265 201960000
13 265 241560000
13 265 243540000
13 265 792000000
13 265 5282640000
13 265 241560000
13 265 681120000
13 265 198000000
13 265 199980000
13 265 1316700000
13 265 199980000
13 265 199980000
13 265 243540000
13 265 681120000
13 265 5000000
13 265 198000000
13 265 198000000
13 265 201960000
13 265 201960000
13 265 239580000
13 265 201960000
13 265 5000000
13 265 198000000
13 265 198000000
13 265 198000000
13 265 201960000
13 265 1584000000
13 265 203940000
13 265 198000000
13 265 679140000
13 265 203940000
13 265 5000000
13 265 199980000
13 265 198000000
13 265 198000000
13 265 792000000
13 265 201960000
13 265 5000000
13 265 201960000
13 265 203940000
13 265 199980000
13 265 201960000
13 265 243540000
13 265 243540000
13 265 199980000
13 265 243540000
13 265 203940000
13 265 199980000
13 265 2645280000
13 265 243540000
13 265 681120000
13 265 681120000
13 265 1318680000
13 265 243540000
13 265 199980000
13 265 241560000
13 265 1318680000
13 265 483120000
13 265 681120000
13 265 201960000
13 265 243540000
13 265 198000000
13 265 198000000
13 265 241560000
13 265 198000000
13 265 201960000
13 265 679140000
13 265 198000000
13 265 397980000
13 265 681120000
13 265 792000000
13 265 243540000
13 265 203940000
13 265 1318680000
13 265 198000000
13 265 681120000
13 265 792000000
13 265 5000000
13 265 198000000
13 265 199980000
13 265 199980000
13 265 243540000
13 265 483120000
13 265 396000000
13 265 203940000
13 265 681120000
13 265 201960000
13 265 203940000
13 265 241560000
13 265 1318680000
13 265 243540000
13 265 243540000
13 265 198000000
13 265 198000000
13 265 397980000
13 265 201960000
13 265 201960000
13 265 199980000
13 265 199980000
13 265 198000000
13 265 201960000
13 265 2643300000
13 265 243540000
13 265 2645280000
13 265 201960000
13 265 5000000
13 265 199980000
13 265 201960000
13 265 203940000
13 265 679140000
13 265 201960000
13 265 5000000
13 265 198000000
13 265 199980000
13 265 1318680000
13 265 198000000
13 265 241560000
13 265 198000000
13 265 198000000
13 265 681120000
13 265 203940000
13 265 5000000
13 265 198000000
13 265 198000000
13 265 5000000
13 265 5000000
13 265 198000000
13 265 6534000000
13 265 396000000
13 265 243540000
13 265 679140000
13 265 199980000
13 265 199980000
13 265 792000000
13 265 201960000
13 265 201960000
13 265 243540000
13 265 2645280000
13 265 403920000
13 265 1318680000
13 265 201960000
13 265 1316700000
13 265 679140000
13 265 681120000
13 265 4554000000
13 265 199980000
13 265 681120000
13 265 198000000
13 265 241560000
13 265 2645280000
13 265 203940000
13 265 5000000
13 278 5000000
13 278 5000000
13 278 5000000
13 278 5000000
13 278 5000000
13 278 5000000
13 278 5000000
13 278 5000000
13 278 5000000
13 278 5000000
13 278 5000000
13 278 5000000
13 278 5000000
13 278 5000000
13 278 5000000
13 278 5000000
13 278 5000000
13 278 198000000
13 278 5000000
13 278 198000000
13 278 5000000
13 278 5000000
13 278 5000000
13 278 5000000
13 278 5000000
13 278 5000000
13 278 5000000
13 278 5000000
13 278 5000000
13 278 5000000
13 278 5000000
13 278 5000000
13 278 5000000
13 278 5000000
13 278 5000000
13 278 5000000
13 278 5000000
13 278 5000000
13 278 5000000
13 278 5000000
13 278 5000000
13 278 5000000
13 278 5000000
13 278 5000000
13 278 3459500000
13 278 5000000
13 278 5000000
13 278 5000000
13 278 5000000
13 278 5000000
13 278 5000000
13 278 5000000
13 278 5000000
13 278 5000000
13 278 5000000
13 278 5000000
13 278 5000000
13 278 5000000
13 278 5000000
13 278 3434000000
13 278 5000000
13 278 5000000
13 278 5000000
13 278 5000000
13 278 5000000
13 278 5000000
13 278 5000000
13 278 5000000
13 278 5000000
13 278 5000000
13 278 5000000
13 278 5000000
13 278 5000000
13 278 5000000
13 278 5000000
13 278 5000000
13 278 5000000
13 278 5000000
13 278 5000000
13 278 5000000
13 278 5000000
13 278 5000000
13 278 5000000
13 278 5000000
13 278 5000000
13 278 5000000
13 278 3468000000
13 278 5000000
13 278 5000000
13 278 3476500000
13 278 5000000
13 278 5000000
13 278 5000000
13 278 5000000
13 278 5000000
13 278 5000000
13 278 5000000
13 278 5000000
13 278 5000000
13 278 5000000
13 278 5000000
13 278 5000000
13 278 5000000
13 278 3459500000
13 278 3459500000
13 278 5000000
13 278 5000000
13 278 5000000
13 278 5000000
13 278 3442500000
13 278 5000000
13 278 5000000
13 278 5000000
13 278 5000000
13 278 5000000
13 278 5000000
13 278 3425500000
13 278 5000000
13 278 5000000
13 278 5000000
13 278 5000000
13 278 5000000
13 278 5000000
13 278 5000000
13 278 5000000
13 278 5000000
13 278 5000000
13 278 5000000
13 278 5000000
13 278 5000000
13 278 5000000
13 278 5000000
13 278 5000000
13 278 5000000
13 278 5000000
13 278 5000000
13 278 5000000
13 278 5000000
13 278 5000000
13 278 5000000
13 278 3442500000
13 278 5000000
13 278 5000000
13 278 3408500000
13 278 5000000
13 278 5000000
13 278 5000000
13 278 5000000
13 278 5000000
13 278 5000000
13 278 5000000
13 278 4046000000
13 278 5000000
13 278 5000000
13 278 5000000
13 278 5000000
13 278 5000000
13 278 3451000000
13 278 5000000
13 278 5000000
13 278 5000000
13 278 5000000
13 278 5000000
13 278 5000000
13 278 5000000
13 278 5000000
13 278 5000000
13 278 3434000000
13 278 5000000
13 278 5000000
13 278 5000000
13 278 3485000000
13 278 5000000
13 278 5000000
13 278 5000000
13 278 5000000
13 278 5000000
13 278 5000000
13 278 5000000
13 278 5000000
13 278 5000000
13 278 5000000
13 278 5000000
13 278 5000000
13 278 5000000
13 278 5000000
13 278 5000000
13 278 3425500000
13 278 5000000
13 278 5000000
13 278 5000000
13 278 5000000
13 278 5000000
13 278 5000000
13 278 3408500000
13 278 5000000
13 278 5000000
13 278 5000000
13 278 5000000
13 278 5000000
13 278 5000000
13 278 5000000
13 278 3468000000
13 278 5000000
13 278 5000000
13 278 5000000
13 278 5000000
13 278 5000000
13 278 5000000
13 278 5000000
13 278 3442500000
13 278 5000000
13 278 5000000
13 278 5000000
13 278 5000000
13 278 5000000
13 278 5000000
13 278 5000000
13 278 5000000
13 278 5000000
13 278 3408500000
13 278 5000000
13 278 5000000
13 278 5000000
13 278 3417000000
13 278 5000000
13 278 3459500000
13 278 5000000
13 278 5000000
13 278 5000000
13 278 3459500000
13 278 5000000
13 278 3451000000
13 278 5000000
13 278 5000000
13 278 5000000
13 278 5000000
13 278 5000000
13 278 5000000
13 278 5000000
13 278 5000000
13 278 5000000
13 278 5000000
13 278 5000000
13 278 5000000
13 278 5000000
13 278 5000000
13 278 5000000
13 278 5000000
13 278 5000000
13 278 5000000
13 278 5000000
13 278 5000000
13 278 5000000
13 278 5000000
13 278 5000000
13 278 5000000
13 278 5000000
13 278 5000000
13 278 3468000000
13 278 3442500000
13 278 5000000
13 278 5000000
13 278 5000000
13 278 3459500000
13 278 5000000
13 278 5000000
13 278 5000000
13 278 5000000
13 278 5000000
13 278 5000000
13 278 5000000
13 278 5000000
13 278 3408500000
13 278 5000000
13 278 3468000000
13 278 5000000
13 278 5000000
13 278 3425500000
13 278 5000000
13 278 5000000
13 278 5000000
13 278 5000000
13 278 5000000
13 278 3468000000
13 278 5000000
13 278 5000000
13 278 5000000
13 278 5000000
13 278 5000000
13 278 3434000000
13 278 5000000
13 278 5000000
13 278 3425500000
13 278 5000000
13 278 5000000
13 278 5000000
13 278 5000000
13 278 5000000
13 278 5000000
13 278 3434000000
13 278 5000000
13 278 5000000
13 278 5000000
13 278 5000000
13 278 3408500000
13 278 5000000
13 278 3408500000
13 278 5000000
13 278 5000000
13 278 5000000
13 278 5000000
13 278 5000000
13 278 5000000
13 278 5000000
13 278 3408500000
13 278 5000000
13 278 5000000
13 278 5000000
13 278 5000000
13 278 5000000
13 278 5000000
13 278 198000000
13 278 5000000
13 278 5000000
13 278 5000000
13 278 5000000
13 278 5000000
13 278 5000000
13 278 5000000
13 278 5000000
13 278 3434000000
13 278 5000000
13 278 5000000
13 278 5000000
13 278 5000000
13 278 5000000
13 278 5000000
13 278 5000000
13 278 3425500000
13 278 5000000
13 278 3459500000
13 278 5000000
13 278 5000000
13 278 5000000
13 278 5000000
13 278 5000000
13 278 5000000
13 278 5000000
13 278 5000000
13 278 5000000
13 278 5000000
13 278 5000000
13 278 5000000
13 278 5000000
13 278 5000000
13 278 5000000
13 278 5000000
13 278 3468000000
13 278 3468000000
13 278 5000000
13 278 5000000
13 278 5000000
13 278 5000000
13 278 5000000
13 278 5000000
13 278 3451000000
13 278 5000000
13 278 5000000
13 278 5000000
13 278 5000000
13 278 5000000
13 278 5000000
13 278 5000000
13 278 5000000
13 278 5000000
13 278 5000000
13 278 5000000
13 278 5000000
13 278 5000000
13 278 3408500000
13 278 5000000
13 278 5000000
13 278 5000000
13 278 5000000
13 278 5000000
13 278 5000000
13 278 5000000
13 278 5000000
13 278 5000000
13 278 5000000
13 278 5000000
13 278 5000000
13 278 5000000
13 278 5000000
13 278 5000000
13 278 5000000
13 278 5000000
13 278 5000000
13 278 3485000000
13 278 5000000
13 278 5000000
13 278 5000000
13 278 5000000
13 278 5000000
13 278 5000000
13 278 5000000
13 278 5000000
13 278 5000000
13 278 5000000
13 278 5000000
13 278 5000000
13 278 5000000
13 278 5000000
13 278 5000000
13 278 5000000
13 278 5000000
13 278 5000000
13 278 5000000
13 278 5000000
13 278 4267000000
13 278 5000000
13 278 5000000
13 278 5000000
13 278 3476500000
13 278 5000000
13 278 5000000
13 278 5000000
13 278 5000000
13 278 3476500000
13 278 5000000
13 278 5000000
13 278 3459500000
13 278 5000000
13 278 5000000
13 278 3451000000
13 278 5000000
13 278 5000000
13 278 5000000
13 278 5000000
13 278 5000000
13 278 5000000
13 278 5000000
13 278 5000000
13 278 3408500000
13 278 5000000
13 278 5000000
13 278 5000000
13 278 5000000
13 278 5000000
13 278 5000000
13 278 5000000
13 278 5000000
13 278 5000000
13 278 5000000
13 278 5000000
13 278 5000000
13 278 5000000
13 278 5000000
13 278 198000000
13 278 3417000000
13 278 5000000
13 278 5000000
13 278 5000000
13 278 5000000
13 278 5000000
13 278 5000000
13 278 5000000
13 278 5000000
13 278 5000000
13 278 5000000
13 278 5000000
13 278 5000000
13 278 5000000
13 278 5000000
13 278 5000000
13 278 5000000
13 278 5000000
13 278 5000000
13 278 5000000
13 278 5000000
13 278 5000000
13 278 3476500000
13 278 5000000
13 278 5000000
13 278 3425500000
13 278 5000000
13 278 5000000
13 278 5000000
13 278 5000000
13 278 5000000
13 278 5000000
13 278 5000000
13 278 3434000000
13 278 5000000
13 278 5000000
13 278 5000000
13 278 5000000
13 278 5000000
13 278 5000000
13 278 5000000
13 278 5000000
13 278 5000000
13 278 5000000
13 278 5000000
13 278 5000000
13 278 5000000
13 278 5000000
13 278 5000000
13 278 3425500000
13 278 5000000
13 278 5000000
13 278 5000000
13 278 5000000
13 278 5000000
13 278 5000000
13 278 5000000
13 278 5000000
13 278 5000000
13 278 5000000
13 278 5000000
13 278 3442500000
13 278 5000000
13 278 5000000
13 278 5000000
13 278 5000000
13 278 5000000
13 278 5000000
13 278 5000000
13 278 5000000
13 278 5000000
13 278 5000000
13 278 5000000
13 278 5000000
13 278 5000000
13 278 5000000
13 278 5000000
13 278 5000000
13 278 5000000
13 278 5000000
13 278 3451000000
13 278 3468000000
13 278 5000000
13 278 5000000
13 278 5000000
13 278 5000000
13 278 3459500000
13 278 5000000
13 278 5000000
13 278 5000000
13 278 5000000
13 278 3468000000
13 278 3434000000
13 278 5000000
13 278 5000000
13 278 5000000
13 278 5000000
13 278 3451000000
13 278 5000000
13 278 5000000
13 278 3476500000
13 278 5000000
13 278 5000000
13 278 5000000
13 278 3425500000
13 278 5000000
13 278 5000000
13 278 5000000
13 278 3459500000
13 278 3468000000
13 278 5000000
13 278 5000000
13 278 5000000
13 278 5000000
13 278 5000000
13 278 5000000
13 278 5000000
13 278 5000000
13 278 5000000
13 278 5000000
13 278 5000000
13 278 3442500000
13 278 5000000
13 278 5000000
13 278 5000000
13 278 5000000
13 278 5000000
13 278 5000000
13 278 5000000
13 278 5000000
13 278 5000000
13 278 5000000
13 278 5000000
13 278 5000000
13 278 3468000000
13 278 5000000
13 278 5000000
13 278 5000000
13 278 3476500000
13 278 5000000
13 278 5000000
13 278 5000000
13 278 5000000
13 278 3476500000
13 278 5000000
13 278 5000000
13 278 5000000
13 278 5000000
13 278 5000000
13 278 5000000
13 278 5000000
13 278 5000000
13 278 5000000
13 278 5000000
13 278 5000000
13 278 5000000
13 278 5000000
13 278 5000000
13 278 5000000
13 278 5000000
13 278 5000000
13 278 5000000
13 278 3459500000
13 278 5000000
13 278 3425500000
13 278 5000000
13 278 5000000
13 278 5000000
13 278 5000000
13 278 5000000
13 278 5000000
13 278 5000000
13 278 3451000000
13 278 5000000
13 278 5000000
13 278 5000000
13 278 5000000
13 278 5000000
13 278 5000000
13 278 5000000
13 278 5000000
13 278 3995000000
13 278 5000000
13 278 5000000
13 278 5000000
13 278 5000000
13 278 5000000
13 278 5000000
13 278 5000000
13 278 5000000
13 278 5000000
13 278 5000000
13 278 3434000000
13 278 5000000
13 278 5000000
13 278 5000000
13 278 5000000
13 278 5000000
13 278 5000000
13 278 5000000
13 278 5000000
13 278 5000000
13 278 5000000
13 278 5000000
13 278 5000000
13 278 5000000
13 278 5000000
13 278 5000000
13 278 5000000
13 278 5000000
13 278 5000000
13 278 5000000
13 278 5000000
13 278 5000000
13 278 5000000
13 278 5000000
13 278 5000000
13 278 5000000
13 278 3459500000
13 278 5000000
13 278 5000000
13 278 5000000
13 278 3476500000
13 278 5000000
13 278 5000000
13 278 5000000
13 278 5000000
13 278 5000000
13 278 3476500000
13 278 5000000
13 278 5000000
13 278 3459500000
13 278 5000000
13 278 5000000
13 278 5000000
13 278 5000000
13 278 3400000000
13 278 5000000
13 278 3400000000
13 278 5000000
13 278 5000000
13 278 5000000
13 278 5000000
13 278 5000000
13 278 5000000
13 278 5000000
13 278 5000000
13 278 3468000000
13 278 5000000
13 278 5000000
13 278 5000000
13 278 3451000000
13 278 5000000
13 278 3476500000
13 278 5000000
13 278 5000000
13 278 5000000
13 278 5000000
13 278 5000000
13 278 5000000
13 278 5000000
13 278 5000000
13 278 5000000
13 278 5000000
13 278 5000000
13 278 5000000
13 278 5000000
13 278 5000000
13 278 3476500000
13 278 5000000
13 278 5000000
13 278 5000000
13 278 5000000
13 278 3417000000
13 278 5000000
13 278 5000000
13 278 5000000
13 278 5000000
13 278 5000000
13 278 5000000
13 278 5000000
13 278 5000000
13 278 5000000
13 278 5000000
13 278 5000000
13 278 5000000
13 278 5000000
13 278 3408500000
13 278 5000000
13 278 5000000
13 278 3417000000
13 278 5000000
13 278 5000000
13 278 5000000
13 278 5000000
13 278 5000000
13 278 5000000
13 278 5000000
13 278 5000000
13 278 5000000
13 278 5000000
13 278 5000000
13 278 5000000
13 278 5000000
13 278 5000000
13 278 5000000
13 278 5000000
13 278 5000000
13 278 3468000000
13 278 5000000
13 278 4454000000
13 278 5000000
13 278 5000000
13 278 5000000
13 278 3400000000
13 278 3459500000
13 278 5000000
13 278 5000000
13 278 3468000000
13 278 5000000
13 278 5000000
13 278 5000000
13 278 5000000
13 278 3417000000
13 278 5000000
13 278 5000000
13 278 5000000
13 278 5000000
13 278 5000000
13 278 3425500000
13 278 5000000
13 278 3476500000
13 278 5000000
13 278 5000000
13 278 3451000000
13 278 5000000
13 278 5000000
13 278 5000000
13 278 3451000000
13 278 5000000
13 278 5000000
13 278 5000000
13 278 3425500000
13 278 5000000
13 278 5000000
13 278 5000000
13 278 5000000
13 278 5000000
13 278 5000000
13 278 5000000
13 278 5000000
13 278 5000000
13 278 5000000
13 278 5000000
13 278 5000000
13 278 5000000
13 278 5000000
13 278 5000000
13 278 5000000
13 278 5000000
13 278 5000000
13 278 5000000
13 278 5000000
13 278 5000000
13 278 5000000
13 278 5000000
13 278 3442500000
13 278 5000000
13 278 5000000
13 278 198000000
13 278 5000000
13 278 5000000
13 278 5000000
13 278 5000000
13 278 5000000
13 278 5000000
13 278 5000000
13 278 5000000
13 278 3451000000
13 278 5000000
13 278 5000000
13 278 5000000
13 278 5000000
13 278 5000000
13 278 5000000
13 278 5000000
13 278 5000000
13 278 5000000
13 278 5000000
13 278 3476500000
13 278 5000000
13 278 5000000
13 278 3417000000
13 278 3425500000
13 278 5000000
13 278 5000000
13 278 5000000
13 278 5000000
13 278 3459500000
13 278 5000000
13 278 5000000
13 278 5000000
13 278 3476500000
13 278 5000000
13 278 5000000
13 278 5000000
13 278 5000000
13 278 5000000
13 278 5000000
13 278 5000000
13 278 5000000
13 278 850000000
13 278 5000000
13 278 5000000
13 278 5000000
13 278 3476500000
13 278 5000000
13 278 5000000
13 278 5000000
13 278 5000000
13 278 5000000
13 278 5000000
13 278 5000000
13 278 5000000
13 278 5000000
13 278 3400000000
13 278 5000000
13 278 5000000
13 278 5000000
13 278 5000000
13 278 5000000
13 278 5000000
13 278 5000000
13 278 3468000000
13 278 5000000
13 278 5000000
13 278 5000000
13 278 5000000
13 278 5000000
13 278 5000000
13 278 5000000
13 278 5000000
13 278 5000000
13 278 5000000
13 278 5000000
13 278 5000000
13 278 5000000
13 278 5000000
13 278 5000000
13 278 5000000
13 278 5000000
13 278 5000000
13 278 5000000
13 278 5000000
13 278 5000000
13 278 5000000
13 278 5000000
13 278 5000000
13 278 5000000
13 278 5000000
13 278 5000000
13 278 5000000
13 278 5000000
13 278 5000000
13 278 5000000
13 278 5000000
13 278 5000000
13 278 5000000
13 278 5000000
13 278 5000000
13 278 5000000
13 278 5000000
13 278 5000000
13 278 5000000
13 278 5000000
13 278 5000000
13 278 5000000
13 278 5000000
13 278 5000000
13 278 5000000
13 278 5000000
13 278 5000000
13 278 5000000
13 278 5000000
13 278 5000000
13 278 5000000
13 278 5000000
13 278 198000000
13 278 5000000
13 278 5000000
13 278 5000000
13 278 198000000
13 278 5000000
13 278 5000000
13 278 5000000
13 278 5000000
13 278 5000000
13 278 5000000
13 278 5000000
13 278 5000000
13 278 5000000
13 278 5000000
13 278 5000000
13 278 5000000
13 278 5000000
13 278 5000000
13 278 5000000
13 278 5000000
13 278 5000000
13 278 5000000
13 278 5000000
13 278 5000000
13 278 5000000
13 278 5000000
13 278 5000000
13 278 5000000
13 278 5000000
13 278 5000000
13 278 5000000
13 278 5000000
13 278 5000000
13 278 5000000
13 278 5000000
13 278 5000000
13 278 5000000
13 278 5000000
13 278 5000000
13 278 5000000
13 278 5000000
13 278 5000000
13 278 5000000
13 278 5000000
13 278 5000000
13 278 5000000
13 278 5000000
13 278 5000000
13 278 5000000
13 278 3459500000
13 278 3434000000
13 278 5000000
13 278 5000000
13 278 5000000
13 278 5000000
13 278 5000000
13 278 5000000
13 278 5000000
13 278 5000000
13 278 5000000
13 278 3442500000
13 278 5000000
13 278 5000000
13 278 5000000
13 278 5000000
13 278 3468000000
13 278 3476500000
13 278 5000000
13 278 5000000
13 278 5000000
13 278 5000000
13 278 5000000
13 278 5000000
13 278 3459500000
13 278 5000000
13 278 5000000
13 278 5000000
13 278 5000000
13 278 5000000
13 278 5000000
13 278 5000000
13 278 5000000
13 278 5000000
13 278 5000000
13 278 5000000
13 278 5000000
13 278 5000000
13 278 5000000
13 278 5000000
13 278 5000000
13 278 5000000
13 278 5000000
13 278 5000000
13 278 5000000
13 278 5000000
13 278 5000000
13 278 5000000
13 278 3425500000
13 278 5000000
13 278 5000000
13 278 5000000
13 278 5000000
13 278 5000000
13 278 3442500000
13 278 5000000
13 278 5000000
13 278 5000000
13 278 5000000
13 278 5000000
13 278 5000000
13 278 5000000
13 278 5000000
13 278 3459500000
13 278 3408500000
13 278 5000000
13 278 5000000
13 278 5000000
13 278 5000000
13 278 5000000
13 278 5000000
13 278 5000000
13 278 5000000
13 278 5000000
13 278 5000000
13 278 5000000
13 278 5000000
13 278 5000000
13 278 4046000000
13 278 5000000
13 278 5000000
13 278 5000000
13 278 5000000
13 278 5000000
13 278 5000000
13 278 5000000
13 278 5000000
13 278 3485000000
13 278 5000000
13 278 5000000
13 278 5000000
13 278 5000000
13 278 5000000
13 278 5000000
13 278 3434000000
13 278 5000000
13 278 5000000
13 278 5000000
13 278 5000000
13 278 5000000
13 278 5000000
13 278 5000000
13 278 5000000
13 278 3451000000
13 278 5000000
13 278 5000000
13 278 5000000
13 278 5000000
13 278 5000000
13 278 5000000
13 278 5000000
13 278 5000000
13 278 5000000
13 278 5000000
13 278 5000000
13 278 3468000000
13 278 5000000
13 278 5000000
13 278 5000000
13 278 5000000
13 278 5000000
13 278 5000000
13 278 5000000
13 278 5000000
13 278 5000000
13 278 5000000
13 278 3425500000
13 278 5000000
13 278 3408500000
13 278 5000000
13 278 5000000
13 278 5000000
13 278 5000000
13 278 5000000
13 278 3442500000
13 278 5000000
13 278 3459500000
13 278 5000000
13 278 5000000
13 278 5000000
13 278 5000000
13 278 5000000
13 278 5000000
13 278 5000000
13 278 5000000
13 278 5000000
13 278 5000000
13 278 5000000
13 278 3408500000
13 278 3459500000
13 278 5000000
13 278 5000000
13 278 5000000
13 278 5000000
13 278 5000000
13 278 3451000000
13 278 5000000
13 278 5000000
13 278 5000000
13 278 5000000
13 278 3417000000
13 278 5000000
13 278 5000000
13 278 5000000
13 278 5000000
13 278 5000000
13 278 5000000
13 278 5000000
13 278 5000000
13 278 5000000
13 278 5000000
13 278 5000000
13 278 5000000
13 278 5000000
13 278 5000000
13 278 5000000
13 278 5000000
13 278 5000000
13 278 5000000
13 278 5000000
13 278 5000000
13 278 5000000
13 278 5000000
13 278 5000000
13 278 5000000
13 278 3468000000
13 278 3468000000
13 278 5000000
13 278 5000000
13 278 5000000
13 278 5000000
13 278 5000000
13 278 5000000
13 278 5000000
13 278 5000000
13 278 5000000
13 278 5000000
13 278 5000000
13 278 5000000
13 278 3408500000
13 278 5000000
13 278 5000000
13 278 5000000
13 278 5000000
13 278 5000000
13 278 3468000000
13 278 3425500000
13 278 5000000
13 278 3442500000
13 278 5000000
13 278 3459500000
13 278 5000000
13 278 5000000
13 278 5000000
13 278 5000000
13 278 5000000
13 278 5000000
13 278 5000000
13 278 5000000
13 278 3408500000
13 278 5000000
13 278 5000000
13 278 5000000
13 278 5000000
13 278 5000000
13 278 3434000000
13 278 5000000
13 278 5000000
13 278 5000000
13 278 5000000
13 278 5000000
13 278 5000000
13 278 5000000
13 278 5000000
13 278 3408500000
13 278 5000000
13 278 5000000
13 278 3434000000
13 278 5000000
13 278 5000000
13 278 3434000000
13 278 5000000
13 278 5000000
13 278 5000000
13 278 5000000
13 278 5000000
13 278 5000000
13 278 3425500000
13 278 5000000
13 278 5000000
13 278 5000000
13 278 5000000
13 278 5000000
13 278 5000000
13 278 5000000
13 278 5000000
13 278 5000000
13 278 5000000
13 278 5000000
13 278 3459500000
13 278 3408500000
13 278 5000000
13 278 5000000
13 278 5000000
13 278 5000000
13 278 5000000
13 278 5000000
13 278 5000000
13 278 3468000000
13 278 5000000
13 278 5000000
13 278 5000000
13 278 198000000
13 278 5000000
13 278 5000000
13 278 5000000
13 278 5000000
13 278 5000000
13 278 5000000
13 278 5000000
13 278 5000000
13 278 5000000
13 278 5000000
13 278 5000000
13 278 5000000
13 278 5000000
13 278 5000000
13 278 5000000
13 278 3425500000
13 278 5000000
13 278 5000000
13 278 5000000
13 278 3451000000
13 278 5000000
13 278 3468000000
13 278 5000000
13 278 5000000
13 278 5000000
13 278 5000000
13 278 5000000
13 278 5000000
13 278 5000000
13 278 5000000
13 278 5000000
13 278 5000000
13 278 5000000
13 278 5000000
13 278 5000000
13 278 5000000
13 278 5000000
13 278 5000000
13 278 5000000
13 278 5000000
13 278 5000000
13 278 5000000
13 278 5000000
13 278 5000000
13 278 5000000
13 278 5000000
13 278 5000000
13 278 5000000
13 278 5000000
13 278 5000000
13 278 5000000
13 278 5000000
13 278 5000000
13 278 5000000
13 278 5000000
13 278 5000000
13 278 5000000
13 278 5000000
13 278 5000000
13 278 5000000
13 278 5000000
13 278 5000000
13 278 5000000
13 278 5000000
13 278 5000000
13 278 5000000
13 278 5000000
13 278 3485000000
13 278 3451000000
13 278 5000000
13 278 3434000000
13 278 5000000
13 278 5000000
13 278 5000000
13 278 3408500000
13 278 5000000
13 278 5000000
13 278 5000000
13 278 5000000
13 278 5000000
13 278 5000000
13 278 5000000
13 278 5000000
13 278 5000000
13 278 5000000
13 278 5000000
13 278 198000000
13 278 5000000
13 278 5000000
13 278 5000000
13 278 5000000
13 278 5000000
13 278 5000000
13 278 5000000
13 278 5000000
13 278 5000000
13 278 5000000
13 278 5000000
13 278 5000000
13 278 5000000
13 278 5000000
13 278 5000000
13 278 5000000
13 278 5000000
13 278 5000000
13 278 5000000
13 278 5000000
13 278 5000000
13 278 5000000
13 278 5000000
13 278 5000000
13 278 5000000
13 278 5000000
13 278 5000000
13 278 5000000
13 278 3451000000
13 278 5000000
13 278 5000000
13 278 5000000
13 278 5000000
13 278 5000000
13 278 5000000
13 278 5000000
13 278 5000000
13 278 3451000000
13 278 5000000
13 278 5000000
13 278 5000000
13 278 3400000000
13 278 5000000
13 278 3425500000
13 278 5000000
13 278 5000000
13 278 5000000
13 278 5000000
13 278 5000000
13 278 5000000
13 278 5000000
13 278 5000000
13 278 5000000
13 278 5000000
13 278 3459500000
13 278 5000000
13 278 3476500000
13 278 5000000
13 278 5000000
13 278 5000000
13 278 3459500000
13 278 5000000
13 278 5000000
13 278 5000000
13 278 5000000
13 278 5000000
13 278 3468000000
13 278 3459500000
13 278 5000000
13 278 5000000
13 278 5000000
13 278 5000000
13 278 5000000
13 278 5000000
13 278 5000000
13 278 5000000
13 278 5000000
13 278 5000000
13 278 5000000
13 278 5000000
13 278 5000000
13 278 5000000
13 278 5000000
13 278 5000000
13 278 5000000
13 278 3451000000
13 278 5000000
13 278 5000000
13 278 3468000000
13 278 5000000
13 278 5000000
13 278 5000000
13 278 5000000
13 278 3425500000
13 278 5000000
13 278 3476500000
13 278 5000000
13 278 5000000
13 278 5000000
13 278 5000000
13 278 5000000
13 278 5000000
13 278 5000000
13 278 5000000
13 278 3442500000
13 278 5000000
13 278 5000000
13 278 5000000
13 278 5000000
13 278 5000000
13 278 4267000000
13 278 5000000
13 278 5000000
13 278 5000000
13 278 5000000
13 278 5000000
13 278 5000000
13 278 5000000
13 278 3995000000
13 278 3425500000
13 278 5000000
13 278 5000000
13 278 5000000
13 278 3451000000
13 278 5000000
13 278 5000000
13 278 5000000
13 278 5000000
13 278 5000000
13 278 5000000
13 278 5000000
13 278 3468000000
13 278 5000000
13 278 5000000
13 278 5000000
13 278 5000000
13 278 5000000
13 278 3476500000
13 278 5000000
13 278 5000000
13 278 5000000
13 278 5000000
13 278 5000000
13 278 5000000
13 278 5000000
13 278 5000000
13 278 5000000
13 278 5000000
13 278 5000000
13 278 5000000
13 278 5000000
13 278 5000000
13 278 5000000
13 278 5000000
13 278 5000000
13 278 5000000
13 278 5000000
13 278 5000000
13 278 5000000
13 278 5000000
13 278 3400000000
13 278 5000000
13 278 5000000
13 278 3476500000
13 278 5000000
13 278 3434000000
13 278 3476500000
13 278 5000000
13 278 5000000
13 278 5000000
13 278 5000000
13 278 5000000
13 278 5000000
13 278 5000000
13 278 5000000
13 278 5000000
13 278 5000000
13 278 3408500000
13 278 5000000
13 278 3476500000
13 278 5000000
13 278 5000000
13 278 5000000
13 278 5000000
13 278 5000000
13 278 5000000
13 278 5000000
13 278 3451000000
13 278 5000000
13 278 5000000
13 278 5000000
13 278 5000000
13 278 5000000
13 278 5000000
13 278 5000000
13 278 3459500000
13 278 5000000
13 278 5000000
13 278 5000000
13 278 5000000
13 278 5000000
13 278 5000000
13 278 5000000
13 278 5000000
13 278 5000000
13 278 3425500000
13 278 5000000
13 278 5000000
13 278 5000000
13 278 5000000
13 278 5000000
13 278 5000000
13 278 5000000
13 278 5000000
13 278 5000000
13 278 5000000
13 278 5000000
13 278 5000000
13 278 5000000
13 278 5000000
13 278 5000000
13 278 5000000
13 278 3442500000
13 278 5000000
13 278 5000000
13 278 5000000
13 278 5000000
13 278 5000000
13 278 5000000
13 278 3400000000
13 278 5000000
13 278 5000000
13 278 3425500000
13 278 3417000000
13 278 5000000
13 278 5000000
13 278 3476500000
13 278 5000000
13 278 5000000
13 278 5000000
13 278 5000000
13 278 5000000
13 278 5000000
13 278 3468000000
13 278 5000000
13 278 5000000
13 278 5000000
13 278 5000000
13 278 5000000
13 278 5000000
13 278 5000000
13 278 5000000
13 278 5000000
13 278 5000000
13 278 5000000
13 278 5000000
13 278 5000000
13 278 5000000
13 278 5000000
13 278 5000000
13 278 5000000
13 278 5000000
13 278 5000000
13 278 3476500000
13 278 5000000
13 278 3468000000
13 278 5000000
13 278 3476500000
13 278 5000000
13 278 5000000
13 278 5000000
13 278 5000000
13 278 5000000
13 278 5000000
13 278 5000000
13 278 5000000
13 278 3476500000
13 278 5000000
13 278 5000000
13 278 5000000
13 278 5000000
13 278 5000000
13 278 5000000
13 278 5000000
13 278 5000000
13 278 5000000
13 278 5000000
13 278 5000000
13 278 5000000
13 278 5000000
13 278 5000000
13 278 5000000
13 278 5000000
13 278 5000000
13 278 3468000000
13 278 3417000000
13 278 5000000
13 278 5000000
13 278 5000000
13 278 5000000
13 278 5000000
13 278 5000000
13 278 5000000
13 278 3417000000
13 278 5000000
13 278 3408500000
13 278 5000000
13 278 5000000
13 278 5000000
13 278 3442500000
13 278 5000000
13 278 5000000
13 278 5000000
13 278 5000000
13 278 5000000
13 278 5000000
13 278 5000000
13 278 5000000
13 278 5000000
13 278 5000000
13 278 5000000
13 278 5000000
13 278 5000000
13 278 5000000
13 278 5000000
13 278 5000000
13 278 5000000
13 278 5000000
13 278 5000000
13 278 5000000
13 278 5000000
13 278 5000000
13 278 5000000
13 278 5000000
13 278 3417000000
13 278 5000000
13 278 3451000000
13 278 5000000
13 278 5000000
13 278 5000000
13 278 5000000
13 278 5000000
13 278 5000000
13 278 5000000
13 278 5000000
13 278 5000000
13 278 5000000
13 278 5000000
13 278 3425500000
13 278 5000000
13 278 3476500000
13 278 5000000
13 278 5000000
13 278 5000000
13 278 5000000
13 278 5000000
13 278 5000000
13 278 5000000
13 278 5000000
13 278 198000000
13 278 5000000
13 278 5000000
13 278 5000000
13 278 5000000
13 278 5000000
13 278 5000000
13 278 5000000
13 278 5000000
13 278 5000000
13 278 5000000
13 278 5000000
13 278 5000000
13 278 5000000
13 278 5000000
13 278 5000000
13 278 5000000
13 278 5000000
13 278 3468000000
13 278 5000000
13 278 5000000
13 278 5000000
13 278 3476500000
13 278 5000000
13 278 5000000
13 278 5000000
13 278 5000000
13 278 5000000
13 278 5000000
13 278 5000000
13 278 3476500000
13 278 5000000
13 278 5000000
13 278 5000000
13 278 5000000
13 278 5000000
13 278 5000000
13 278 5000000
13 278 3459500000
13 278 5000000
13 278 5000000
13 278 5000000
13 278 3434000000
13 278 5000000
13 278 5000000
13 278 5000000
13 278 5000000
13 278 5000000
13 278 5000000
13 278 5000000
13 278 3417000000
13 278 5000000
13 278 3459500000
13 278 5000000
13 278 5000000
13 278 3459500000
13 278 5000000
13 278 5000000
13 278 5000000
13 278 5000000
13 278 5000000
13 278 5000000
13 278 5000000
13 278 5000000
13 278 5000000
13 278 5000000
13 278 5000000
13 278 3468000000
13 278 5000000
13 278 5000000
13 278 5000000
13 278 5000000
13 278 4454000000
13 278 5000000
13 278 3400000000
13 278 5000000
13 278 5000000
13 278 5000000
13 278 5000000
13 278 5000000
13 278 5000000
13 278 5000000
13 278 5000000
13 278 5000000
13 278 5000000
13 278 5000000
13 278 5000000
13 278 3476500000
13 278 5000000
13 278 5000000
13 278 5000000
13 278 5000000
13 278 5000000
13 278 5000000
13 278 3451000000
13 278 3459500000
13 278 5000000
13 278 5000000
13 278 5000000
13 278 5000000
13 278 5000000
13 278 5000000
13 278 5000000
13 278 5000000
13 278 3425500000
13 278 5000000
13 278 5000000
13 278 5000000
13 278 5000000
13 278 5000000
13 278 5000000
13 278 5000000
13 278 5000000
13 278 5000000
13 278 5000000
13 278 5000000
13 278 850000000
13 278 5000000
13 278 5000000
13 278 5000000
13 278 5000000
13 278 5000000
13 278 5000000
13 278 5000000
13 278 5000000
13 278 5000000
13 278 5000000
13 278 5000000
13 275 5000000
13 275 5000000
13 275 793980000
13 275 5000000
13 275 5000000
13 275 5000000
13 275 792000000
13 275 5000000
13 275 5000000
13 275 5000000
13 275 792000000
13 275 5000000
13 275 793980000
13 275 793980000
13 275 5000000
13 275 793980000
13 275 5000000
13 275 792000000
13 275 793980000
13 275 5000000
13 275 5000000
13 275 5000000
13 275 793980000
13 275 5000000
13 275 5000000
13 275 5000000
13 275 792000000
13 275 5000000
13 275 5000000
13 275 5000000
13 275 792000000
13 275 5000000
13 275 5000000
13 275 5000000
13 275 5000000
13 275 5000000
13 275 5000000
13 275 5000000
13 275 5000000
13 275 792000000
13 275 5000000
13 275 5000000
13 275 793980000
13 275 5000000
13 275 5000000
13 275 793980000
13 275 792000000
13 275 792000000
13 275 5000000
13 275 792000000
13 275 792000000
13 275 5000000
13 275 792000000
13 275 5000000
13 275 793980000
13 275 5000000
13 275 5000000
13 275 5000000
13 275 5000000
13 275 5000000
13 275 5000000
13 275 5000000
13 275 5000000
13 275 793980000
13 275 5000000
13 275 793980000
13 275 792000000
13 275 5000000
13 275 5000000
13 275 5000000
13 275 793980000
13 275 5000000
13 275 5000000
13 275 793980000
13 275 5000000
13 275 5000000
13 275 792000000
13 275 5000000
13 275 5000000
13 275 5000000
13 275 5000000
13 275 792000000
13 275 5000000
13 275 5000000
13 275 793980000
13 275 5000000
13 275 5000000
13 275 5000000
13 275 5000000
13 275 5000000
13 275 5000000
13 275 5000000
13 275 793980000
13 275 5000000
13 275 793980000
13 275 5000000
13 275 5000000
13 275 5000000
13 275 5000000
13 275 5000000
13 275 5000000
13 275 792000000
13 275 793980000
13 275 5000000
13 275 793980000
13 275 5000000
13 275 792000000
13 275 793980000
13 275 5000000
13 275 5000000
13 275 793980000
13 275 792000000
13 275 5000000
13 275 5000000
13 275 5000000
13 275 5000000
13 275 5000000
13 275 792000000
13 275 5000000
13 275 793980000
13 275 793980000
13 275 793980000
13 275 5000000
13 275 5000000
13 275 793980000
13 275 5000000
13 275 5000000
13 275 5000000
13 275 5000000
13 275 793980000
13 275 5000000
13 275 793980000
13 275 5000000
13 275 5000000
13 275 5000000
13 275 5000000
13 275 5000000
13 275 792000000
13 275 5000000
13 275 5000000
13 275 5000000
13 275 5000000
13 275 5000000
13 275 5000000
13 275 5000000
13 275 793980000
13 275 5000000
13 275 792000000
13 275 5000000
13 275 792000000
13 275 5000000
13 275 793980000
13 275 5000000
13 275 793980000
13 275 5000000
13 275 5000000
13 275 5000000
13 275 5000000
13 275 5000000
13 275 5000000
13 275 5000000
13 275 792000000
13 275 5000000
13 275 792000000
13 275 793980000
13 275 5000000
13 275 5000000
13 275 793980000
13 275 5000000
13 275 5000000
13 275 5000000
13 275 5000000
13 275 5000000
13 275 793980000
13 275 5000000
13 275 5000000
13 275 5000000
13 275 5000000
13 275 5000000
13 275 793980000
13 275 5000000
13 275 5000000
13 275 793980000
13 275 5000000
13 275 793980000
13 275 5000000
13 275 792000000
13 275 5000000
13 275 5000000
13 275 5000000
13 275 5000000
13 275 5000000
13 275 5000000
13 275 5000000
13 275 792000000
13 275 5000000
13 275 792000000
13 275 5000000
13 275 5000000
13 275 792000000
13 275 5000000
13 275 5000000
13 275 5000000
13 275 5000000
13 275 5000000
13 275 793980000
13 275 5000000
13 275 5000000
13 275 792000000
13 275 5000000
13 275 5000000
13 275 5000000
13 275 5000000
13 275 793980000
13 275 793980000
13 275 5000000
13 275 5000000
13 275 5000000
13 275 5000000
13 275 793980000
13 275 793980000
13 275 5000000
13 275 793980000
13 275 793980000
13 275 793980000
13 275 5000000
13 275 5000000
13 275 5000000
13 275 5000000
13 275 5000000
13 275 5000000
13 275 5000000
13 275 792000000
13 275 5000000
13 275 5000000
13 275 792000000
13 275 5000000
13 275 5000000
13 275 5000000
13 275 5000000
13 275 792000000
13 275 5000000
13 275 792000000
13 275 792000000
13 275 5000000
13 275 5000000
13 275 793980000
13 275 793980000
13 275 5000000
13 275 5000000
13 275 792000000
13 275 5000000
13 275 5000000
13 275 793980000
13 275 5000000
13 275 792000000
13 275 5000000
13 275 5000000
13 275 5000000
13 275 5000000
13 275 5000000
13 275 792000000
13 275 5000000
13 275 792000000
13 275 5000000
13 275 5000000
13 275 793980000
13 275 5000000
13 275 793980000
13 275 5000000
13 275 5000000
13 275 5000000
13 275 5000000
13 275 792000000
13 275 792000000
13 275 5000000
13 275 793980000
13 275 5000000
13 275 5000000
13 275 792000000
13 275 5000000
13 275 5000000
13 275 5000000
13 275 5000000
13 275 5000000
13 275 5000000
13 275 5000000
13 275 5000000
13 275 5000000
13 275 792000000
13 275 5000000
13 275 5000000
13 275 5000000
13 275 5000000
13 275 793980000
13 275 5000000
13 275 792000000
13 275 792000000
13 275 792000000
13 275 5000000
13 275 5000000
13 275 5000000
13 275 5000000
13 275 5000000
13 275 5000000
13 275 5000000
13 275 5000000
13 275 5000000
13 275 793980000
13 275 5000000
13 275 5000000
13 275 5000000
13 275 5000000
13 275 5000000
13 275 792000000
13 275 5000000
13 275 792000000
13 275 792000000
13 275 5000000
13 275 5000000
13 275 792000000
13 275 5000000
13 275 793980000
13 275 793980000
13 275 5000000
13 275 792000000
13 275 5000000
13 275 5000000
13 275 5000000
13 275 793980000
13 275 5000000
13 275 792000000
13 275 793980000
13 275 5000000
13 275 5000000
13 275 792000000
13 275 5000000
13 275 5000000
13 275 793980000
13 275 5000000
13 275 5000000
13 275 5000000
13 275 5000000
13 275 5000000
13 275 5000000
13 275 5000000
13 275 5000000
13 275 792000000
13 275 5000000
13 275 792000000
13 275 5000000
13 275 792000000
13 275 5000000
13 275 793980000
13 275 792000000
13 275 5000000
13 275 5000000
13 275 792000000
13 275 5000000
13 275 5000000
13 275 5000000
13 275 5000000
13 275 5000000
13 275 5000000
13 275 5000000
13 275 5000000
13 275 5000000
13 275 5000000
13 275 5000000
13 275 793980000
13 275 793980000
13 275 5000000
13 275 792000000
13 275 5000000
13 275 793980000
13 275 5000000
13 275 5000000
13 275 5000000
13 275 5000000
13 275 792000000
13 275 793980000
13 275 5000000
13 275 792000000
13 275 5000000
13 275 5000000
13 275 5000000
13 275 5000000
13 275 5000000
13 275 5000000
13 275 5000000
13 275 5000000
13 275 5000000
13 275 5000000
13 275 5000000
13 275 5000000
13 275 793980000
13 275 792000000
13 275 793980000
13 275 5000000
13 275 793980000
13 275 793980000
13 275 5000000
13 275 5000000
13 275 793980000
13 275 793980000
13 275 5000000
13 275 793980000
13 275 5000000
13 275 792000000
13 275 5000000
13 275 5000000
13 275 793980000
13 275 5000000
13 275 5000000
13 275 5000000
13 275 793980000
13 275 792000000
13 275 793980000
13 275 793980000
13 275 5000000
13 275 793980000
13 275 793980000
13 275 5000000
13 275 5000000
13 275 5000000
13 275 5000000
13 275 5000000
13 275 792000000
13 275 5000000
13 275 793980000
13 275 5000000
13 275 5000000
13 275 792000000
13 275 5000000
13 275 5000000
13 275 5000000
13 275 792000000
13 275 793980000
13 275 5000000
13 275 5000000
13 275 5000000
13 275 5000000
13 275 792000000
13 275 5000000
13 275 5000000
13 275 5000000
13 275 5000000
13 275 5000000
13 275 5000000
13 275 793980000
13 275 5000000
13 275 5000000
13 275 793980000
13 275 5000000
13 275 5000000
13 275 5000000
13 275 5000000
13 275 792000000
13 275 5000000
13 275 5000000
13 275 792000000
13 275 792000000
13 275 5000000
13 275 5000000
13 275 792000000
13 275 5000000
13 275 5000000
13 275 792000000
13 275 792000000
13 275 5000000
13 275 793980000
13 275 5000000
13 275 5000000
13 275 5000000
13 275 793980000
13 275 792000000
13 275 5000000
13 275 5000000
13 275 5000000
13 275 793980000
13 275 5000000
13 275 5000000
13 275 792000000
13 275 5000000
13 275 5000000
13 275 5000000
13 275 5000000
13 275 5000000
13 275 5000000
13 275 793980000
13 275 792000000
13 275 5000000
13 275 793980000
13 275 5000000
13 275 5000000
13 275 5000000
13 275 5000000
13 275 793980000
13 275 793980000
13 275 5000000
13 275 792000000
13 275 792000000
13 275 793980000
13 275 5000000
13 275 5000000
13 275 5000000
13 275 5000000
13 275 792000000
13 275 5000000
13 275 5000000
13 275 5000000
13 275 5000000
13 275 793980000
13 275 792000000
13 275 792000000
13 275 792000000
13 275 793980000
13 275 793980000
13 275 793980000
13 275 5000000
13 275 5000000
13 275 5000000
13 275 5000000
13 275 793980000
13 275 793980000
13 275 793980000
13 275 5000000
13 275 5000000
13 275 5000000
13 275 5000000
13 275 5000000
13 275 5000000
13 275 793980000
13 275 5000000
13 275 5000000
13 275 792000000
13 275 5000000
13 275 5000000
13 275 792000000
13 275 5000000
13 275 793980000
13 275 5000000
13 275 793980000
13 275 792000000
13 275 5000000
13 275 5000000
13 275 5000000
13 275 5000000
13 275 5000000
13 275 5000000
13 275 793980000
13 275 793980000
13 275 5000000
13 275 792000000
13 275 5000000
13 275 5000000
13 275 793980000
13 275 5000000
13 275 5000000
13 275 793980000
13 275 5000000
13 275 792000000
13 275 792000000
13 275 5000000
13 275 5000000
13 275 5000000
13 275 5000000
13 275 5000000
13 275 792000000
13 275 5000000
13 275 5000000
13 275 5000000
13 275 5000000
13 275 5000000
13 275 792000000
13 275 5000000
13 275 5000000
13 275 793980000
13 275 5000000
13 275 792000000
13 275 5000000
13 275 793980000
13 275 5000000
13 275 5000000
13 275 5000000
13 275 5000000
13 275 5000000
13 275 5000000
13 275 792000000
13 275 5000000
13 275 793980000
13 275 5000000
13 275 792000000
13 275 792000000
13 275 5000000
13 275 792000000
13 275 792000000
13 275 793980000
13 275 5000000
13 275 5000000
13 275 5000000
13 275 5000000
13 275 793980000
13 275 5000000
13 275 5000000
13 275 793980000
13 275 792000000
13 275 5000000
13 275 5000000
13 275 792000000
13 275 5000000
13 275 793980000
13 275 5000000
13 275 5000000
13 275 793980000
13 275 5000000
13 275 792000000
13 275 792000000
13 275 793980000
13 275 5000000
13 275 793980000
13 275 5000000
13 275 5000000
13 275 5000000
13 275 5000000
13 275 792000000
13 275 792000000
13 275 5000000
13 275 5000000
13 275 5000000
13 275 5000000
13 275 792000000
13 275 5000000
13 275 5000000
13 275 792000000
13 275 5000000
13 275 5000000
13 275 5000000
13 275 5000000
13 275 793980000
13 275 792000000
13 275 5000000
13 275 5000000
13 275 5000000
13 275 793980000
13 275 5000000
13 275 5000000
13 275 792000000
13 275 5000000
13 275 5000000
13 275 5000000
13 275 5000000
13 275 5000000
13 275 793980000
13 275 5000000
13 275 5000000
13 275 5000000
13 275 5000000
13 275 792000000
13 275 5000000
13 275 793980000
13 275 5000000
13 275 5000000
13 275 5000000
13 275 792000000
13 275 792000000
13 275 5000000
13 275 793980000
13 275 5000000
13 275 793980000
13 275 793980000
13 275 5000000
13 275 5000000
13 275 793980000
13 275 5000000
13 275 5000000
13 275 5000000
13 275 5000000
13 275 5000000
13 275 792000000
13 275 5000000
13 275 5000000
13 275 793980000
13 275 792000000
13 275 5000000
13 275 5000000
13 275 5000000
13 275 5000000
13 275 5000000
13 275 793980000
13 275 5000000
13 275 792000000
13 275 5000000
13 275 5000000
13 275 792000000
13 275 792000000
13 275 5000000
13 275 5000000
13 275 792000000
13 275 5000000
13 275 5000000
13 275 5000000
13 275 5000000
13 275 5000000
13 275 5000000
13 275 5000000
13 275 5000000
13 275 5000000
13 275 793980000
13 275 5000000
13 275 792000000
13 275 5000000
13 275 5000000
13 275 793980000
13 275 5000000
13 275 793980000
13 275 792000000
13 275 5000000
13 275 5000000
13 275 793980000
13 275 5000000
13 275 793980000
13 275 5000000
13 275 5000000
13 275 5000000
13 275 5000000
13 275 5000000
13 275 5000000
13 275 793980000
13 275 5000000
13 275 5000000
13 275 792000000
13 275 5000000
13 275 5000000
13 275 5000000
13 275 5000000
13 275 5000000
13 275 5000000
13 275 792000000
13 275 792000000
13 275 5000000
13 275 792000000
13 275 5000000
13 275 5000000
13 275 5000000
13 275 5000000
13 275 5000000
13 275 792000000
13 275 792000000
13 275 5000000
13 275 5000000
13 275 5000000
13 275 5000000
13 275 5000000
13 275 5000000
13 275 5000000
13 275 792000000
13 275 5000000
13 275 5000000
13 275 793980000
13 275 5000000
13 275 5000000
13 275 5000000
13 275 5000000
13 275 5000000
13 275 5000000
13 275 5000000
13 275 793980000
13 275 793980000
13 275 5000000
13 275 5000000
13 275 792000000
13 275 5000000
13 275 5000000
13 275 5000000
13 275 793980000
13 275 5000000
13 275 5000000
13 275 792000000
13 275 5000000
13 275 5000000
13 275 5000000
13 275 5000000
13 275 792000000
13 275 5000000
13 275 5000000
13 275 5000000
13 275 5000000
13 275 5000000
13 275 792000000
13 275 792000000
13 275 5000000
13 275 792000000
13 275 792000000
13 275 5000000
13 275 5000000
13 275 5000000
13 275 5000000
13 275 5000000
13 275 792000000
13 275 5000000
13 275 5000000
13 275 5000000
13 275 792000000
13 275 5000000
13 275 5000000
13 275 792000000
13 275 5000000
13 275 5000000
13 275 793980000
13 275 5000000
13 275 5000000
13 275 5000000
13 275 5000000
13 275 5000000
13 275 5000000
13 275 5000000
13 275 5000000
13 275 793980000
13 275 792000000
13 275 5000000
13 275 5000000
13 275 5000000
13 275 5000000
13 275 5000000
13 275 5000000
13 275 792000000
13 275 5000000
13 275 5000000
13 275 792000000
13 275 793980000
13 275 5000000
13 275 5000000
13 275 793980000
13 275 5000000
13 275 5000000
13 275 792000000
13 275 793980000
13 275 5000000
13 275 5000000
13 275 5000000
13 275 5000000
13 275 792000000
13 275 793980000
13 275 5000000
13 275 5000000
13 275 5000000
13 275 5000000
13 275 5000000
13 275 5000000
13 275 5000000
13 275 5000000
13 275 5000000
13 275 5000000
13 275 793980000
13 275 793980000
13 275 793980000
13 275 792000000
13 275 793980000
13 275 5000000
13 275 792000000
13 275 5000000
13 275 5000000
13 275 792000000
13 275 5000000
13 275 792000000
13 275 793980000
13 275 5000000
13 275 5000000
13 275 5000000
13 275 5000000
13 275 5000000
13 275 793980000
13 275 5000000
13 275 792000000
13 275 5000000
13 275 5000000
13 275 5000000
13 275 792000000
13 275 5000000
13 275 5000000
13 275 5000000
13 275 5000000
13 275 5000000
13 275 5000000
13 275 5000000
13 275 5000000
13 275 5000000
13 275 5000000
13 275 5000000
13 275 792000000
13 275 5000000
13 275 5000000
13 275 5000000
13 275 5000000
13 275 5000000
13 275 5000000
13 275 793980000
13 275 793980000
13 275 5000000
13 275 5000000
13 275 5000000
13 275 5000000
13 275 5000000
13 275 5000000
13 275 5000000
13 275 5000000
13 275 5000000
13 275 792000000
13 275 5000000
13 275 5000000
13 275 5000000
13 275 5000000
13 275 5000000
13 275 5000000
13 275 793980000
13 275 5000000
13 275 792000000
13 275 792000000
13 275 792000000
13 275 793980000
13 275 5000000
13 275 793980000
13 275 5000000
13 275 5000000
13 275 5000000
13 275 5000000
13 275 792000000
13 275 5000000
13 275 793980000
13 275 5000000
13 275 5000000
13 275 5000000
13 275 5000000
13 275 5000000
13 275 5000000
13 275 5000000
13 275 5000000
13 275 793980000
13 275 5000000
13 275 792000000
13 275 5000000
13 275 792000000
13 275 5000000
13 275 793980000
13 275 5000000
13 275 5000000
13 275 792000000
13 275 792000000
13 275 5000000
13 275 5000000
13 275 793980000
13 275 793980000
13 275 5000000
13 275 5000000
13 275 793980000
13 275 5000000
13 275 793980000
13 275 5000000
13 275 5000000
13 275 5000000
13 275 5000000
13 275 792000000
13 275 793980000
13 275 793980000
13 275 793980000
13 275 793980000
13 275 5000000
13 275 5000000
13 275 5000000
13 275 5000000
13 275 5000000
13 275 792000000
13 275 5000000
13 275 5000000
13 275 792000000
13 275 5000000
13 275 5000000
13 275 5000000
13 275 5000000
13 275 5000000
13 275 5000000
13 275 5000000
13 275 5000000
13 275 793980000
13 275 5000000
13 275 792000000
13 275 5000000
13 275 792000000
13 275 5000000
13 275 5000000
13 275 793980000
13 275 5000000
13 275 792000000
13 275 5000000
13 275 792000000
13 275 5000000
13 275 793980000
13 275 5000000
13 275 792000000
13 275 5000000
13 275 5000000
13 275 793980000
13 275 5000000
13 275 5000000
13 275 792000000
13 275 792000000
13 275 5000000
13 275 5000000
13 275 5000000
13 275 5000000
13 275 792000000
13 275 5000000
13 275 5000000
13 275 793980000
13 275 792000000
13 275 5000000
13 275 5000000
13 275 5000000
13 275 5000000
13 275 793980000
13 275 5000000
13 275 5000000
13 275 5000000
13 275 792000000
13 275 5000000
13 275 5000000
13 275 5000000
13 275 5000000
13 275 5000000
13 275 792000000
13 275 5000000
13 275 793980000
13 275 5000000
13 275 5000000
13 275 5000000
13 275 5000000
13 275 5000000
13 275 5000000
13 275 5000000
13 275 793980000
13 275 5000000
13 275 792000000
13 275 5000000
13 275 5000000
13 275 5000000
13 275 5000000
13 275 793980000
13 275 5000000
13 275 5000000
13 275 5000000
13 275 5000000
13 275 5000000
13 275 5000000
13 275 5000000
13 275 793980000
13 275 792000000
13 275 793980000
13 275 5000000
13 275 793980000
13 275 5000000
13 275 5000000
13 275 5000000
13 275 5000000
13 275 5000000
13 275 5000000
13 275 792000000
13 275 5000000
13 275 5000000
13 275 792000000
13 275 792000000
13 275 5000000
13 275 792000000
13 275 792000000
13 275 5000000
13 275 5000000
13 275 793980000
13 275 5000000
13 275 792000000
13 275 5000000
13 275 793980000
13 275 5000000
13 275 5000000
13 275 5000000
13 275 5000000
13 275 792000000
13 275 5000000
13 275 5000000
13 275 5000000
13 275 793980000
13 275 792000000
13 275 5000000
13 275 792000000
13 275 5000000
13 275 5000000
13 275 793980000
13 275 793980000
13 275 793980000
13 275 5000000
13 275 5000000
13 275 5000000
13 275 5000000
13 275 792000000
13 275 792000000
13 275 793980000
13 275 5000000
13 275 5000000
13 275 5000000
13 275 5000000
13 275 792000000
13 275 5000000
13 275 793980000
13 275 5000000
13 275 5000000
13 275 793980000
13 275 793980000
13 275 792000000
13 275 792000000
13 275 5000000
13 275 792000000
13 275 5000000
13 275 5000000
13 275 5000000
13 275 5000000
13 275 5000000
13 275 5000000
13 275 5000000
13 275 5000000
13 275 5000000
13 275 792000000
13 275 5000000
13 275 5000000
13 275 5000000
13 275 5000000
13 275 793980000
13 275 5000000
13 275 5000000
13 275 5000000
13 275 792000000
13 275 793980000
13 275 5000000
13 275 5000000
13 275 5000000
13 275 5000000
13 275 5000000
13 275 5000000
13 275 5000000
13 275 5000000
13 275 5000000
13 275 5000000
13 275 5000000
13 275 5000000
13 275 5000000
13 275 792000000
13 275 5000000
13 275 792000000
13 275 5000000
13 275 793980000
13 275 5000000
13 275 792000000
13 275 5000000
13 275 5000000
13 275 5000000
13 275 5000000
13 275 792000000
13 275 792000000
13 275 5000000
13 275 5000000
13 275 5000000
13 275 793980000
13 275 793980000
13 275 5000000
13 275 5000000
13 275 5000000
13 275 5000000
13 275 5000000
13 275 793980000
13 275 5000000
13 275 793980000
13 275 5000000
13 275 5000000
13 275 5000000
13 275 5000000
13 275 5000000
13 275 793980000
13 275 5000000
13 275 792000000
13 275 793980000
13 275 5000000
13 275 792000000
13 275 793980000
13 275 5000000
13 275 5000000
13 275 5000000
13 275 5000000
13 275 792000000
13 275 793980000
13 275 793980000
13 275 793980000
13 275 792000000
13 275 5000000
13 275 5000000
13 275 5000000
13 275 5000000
13 275 5000000
13 275 5000000
13 275 792000000
13 275 5000000
13 275 5000000
13 275 5000000
13 275 5000000
13 275 5000000
13 275 5000000
13 275 793980000
13 275 792000000
13 275 793980000
13 275 793980000
13 275 5000000
13 275 5000000
13 275 793980000
13 275 5000000
13 275 793980000
13 275 5000000
13 275 793980000
13 275 5000000
13 275 792000000
13 275 5000000
13 275 5000000
13 275 793980000
13 275 5000000
13 275 792000000
13 275 5000000
13 275 5000000
13 275 5000000
13 275 5000000
13 275 792000000
13 275 5000000
13 275 5000000
13 275 793980000
13 275 792000000
13 275 792000000
13 275 792000000
13 275 5000000
13 275 5000000
13 275 5000000
13 275 793980000
13 275 793980000
13 275 792000000
13 275 5000000
13 275 5000000
13 275 5000000
13 275 5000000
13 275 5000000
13 275 5000000
13 275 5000000
13 275 5000000
13 275 5000000
13 275 5000000
13 275 793980000
13 275 5000000
13 275 792000000
13 275 5000000
13 275 5000000
13 275 5000000
13 275 5000000
13 275 793980000
13 275 5000000
13 275 793980000
13 275 5000000
13 275 5000000
13 275 793980000
13 275 5000000
13 275 5000000
13 275 5000000
13 275 793980000
13 275 5000000
13 275 792000000
13 275 5000000
13 275 5000000
13 275 5000000
13 275 792000000
13 275 5000000
13 275 5000000
13 275 792000000
13 275 792000000
13 275 792000000
13 275 792000000
13 275 793980000
13 275 5000000
13 275 793980000
13 275 792000000
13 275 793980000
13 275 5000000
13 275 793980000
13 275 5000000
13 275 5000000
13 275 5000000
13 275 793980000
13 275 5000000
13 275 793980000
13 275 793980000
13 275 793980000
13 275 5000000
13 275 5000000
13 275 5000000
13 275 5000000
13 275 792000000
13 275 5000000
13 275 5000000
13 275 5000000
13 275 793980000
13 275 5000000
13 275 793980000
13 275 5000000
13 275 792000000
13 275 5000000
13 275 5000000
13 275 5000000
13 275 5000000
13 275 5000000
13 275 5000000
13 275 5000000
13 275 5000000
13 275 793980000
13 275 5000000
13 275 5000000
13 275 5000000
13 275 793980000
13 275 793980000
13 275 5000000
13 275 5000000
13 275 5000000
13 275 792000000
13 275 5000000
13 275 5000000
13 275 5000000
13 275 5000000
13 275 5000000
13 275 5000000
13 275 5000000
13 275 792000000
13 275 5000000
13 275 5000000
13 275 5000000
13 275 792000000
13 275 5000000
13 275 793980000
13 275 5000000
13 275 5000000
13 275 792000000
13 275 5000000
13 275 5000000
13 275 5000000
13 275 5000000
13 275 5000000
13 275 5000000
13 275 5000000
13 275 792000000
13 275 5000000
13 275 792000000
13 275 5000000
13 275 5000000
13 275 5000000
13 275 5000000
13 275 5000000
13 275 793980000
13 275 5000000
13 275 793980000
13 275 5000000
13 275 5000000
13 275 792000000
13 275 5000000
13 275 5000000
13 275 5000000
13 275 5000000
13 275 5000000
13 275 5000000
13 275 5000000
13 275 793980000
13 275 5000000
13 275 5000000
13 275 792000000
13 275 5000000
13 275 5000000
13 275 5000000
13 275 5000000
13 275 5000000
13 275 5000000
13 275 793980000
13 275 5000000
13 275 5000000
13 275 5000000
13 275 5000000
13 275 5000000
13 275 5000000
13 275 792000000
13 275 5000000
13 275 5000000
13 275 793980000
13 275 5000000
13 275 5000000
13 275 792000000
13 275 792000000
13 275 5000000
13 275 793980000
13 275 5000000
13 275 5000000
13 275 5000000
13 275 5000000
13 275 5000000
13 275 5000000
13 275 5000000
13 275 5000000
13 275 5000000
13 275 793980000
13 275 5000000
13 275 5000000
13 275 793980000
13 275 5000000
13 275 5000000
13 275 5000000
13 275 5000000
13 275 793980000
13 275 5000000
13 275 5000000
13 275 5000000
13 275 793980000
13 275 5000000
13 275 793980000
13 275 5000000
13 275 5000000
13 275 5000000
13 275 5000000
13 275 5000000
13 275 5000000
13 275 5000000
13 275 792000000
13 275 5000000
13 275 792000000
13 275 5000000
13 275 5000000
13 275 792000000
13 275 793980000
13 275 5000000
13 275 792000000
13 275 5000000
13 275 792000000
13 275 792000000
13 275 792000000
13 275 5000000
13 275 793980000
13 275 5000000
13 275 5000000
13 275 5000000
13 275 5000000
13 275 5000000
13 275 792000000
13 275 5000000
13 275 793980000
13 275 5000000
13 275 5000000
13 275 5000000
13 275 5000000
13 275 5000000
13 275 5000000
13 275 5000000
13 275 792000000
13 275 793980000
13 275 5000000
13 275 5000000
13 275 5000000
13 275 792000000
13 275 5000000
13 275 792000000
13 275 5000000
13 275 793980000
13 275 793980000
13 275 5000000
13 275 5000000
13 275 5000000
13 275 792000000
13 275 792000000
13 275 5000000
13 275 792000000
13 275 5000000
13 275 793980000
13 275 793980000
13 275 5000000
13 275 5000000
13 275 5000000
13 275 5000000
13 275 5000000
13 275 5000000
13 275 5000000
13 275 5000000
13 275 5000000
13 275 5000000
13 275 793980000
13 275 5000000
13 275 793980000
13 275 5000000
13 275 5000000
13 275 5000000
13 275 792000000
13 275 793980000
13 275 5000000
13 275 5000000
13 275 792000000
13 275 5000000
13 275 5000000
13 275 5000000
13 275 793980000
13 275 5000000
13 275 792000000
13 275 792000000
13 275 5000000
13 275 793980000
13 275 793980000
13 275 792000000
13 275 5000000
13 275 5000000
13 275 793980000
13 275 793980000
13 275 5000000
13 275 792000000
13 275 793980000
13 275 792000000
13 275 792000000
13 275 5000000
13 275 5000000
13 275 5000000
13 275 792000000
13 275 5000000
13 275 792000000
13 275 5000000
13 275 5000000
13 275 5000000
13 275 5000000
13 275 5000000
13 275 5000000
13 275 792000000
13 275 792000000
13 275 793980000
13 275 792000000
13 275 5000000
13 275 792000000
13 275 792000000
13 275 5000000
13 275 793980000
13 275 792000000
13 275 5000000
13 275 793980000
13 275 792000000
13 275 792000000
13 275 5000000
13 275 5000000
13 275 793980000
13 275 793980000
13 275 793980000
13 275 792000000
13 275 793980000
13 275 792000000
13 275 5000000
13 275 793980000
13 275 5000000
13 275 5000000
13 275 5000000
13 275 5000000
13 275 793980000
13 275 5000000
13 275 5000000
13 275 5000000
13 275 5000000
13 275 5000000
13 275 5000000
13 275 5000000
13 275 5000000
13 275 5000000
13 275 5000000
13 275 792000000
13 275 5000000
13 275 793980000
13 275 793980000
13 275 5000000
13 275 5000000
13 275 5000000
13 275 5000000
13 275 792000000
13 275 793980000
13 275 792000000
13 275 5000000
13 275 792000000
13 275 5000000
13 275 5000000
13 275 5000000
13 275 793980000
13 275 5000000
13 275 5000000
13 275 5000000
13 275 5000000
13 275 5000000
13 275 5000000
13 275 5000000
13 275 5000000
13 275 5000000
13 275 5000000
13 275 5000000
13 275 793980000
13 275 5000000
13 275 793980000
13 275 793980000
13 275 792000000
13 275 5000000
13 275 5000000
13 275 792000000
13 275 793980000
13 275 5000000
13 275 5000000
13 275 5000000
13 275 5000000
13 275 5000000
13 275 5000000
13 275 5000000
13 275 792000000
13 275 5000000
13 275 5000000
13 275 5000000
13 275 5000000
13 275 793980000
13 275 5000000
13 275 5000000
13 275 5000000
13 275 5000000
13 275 792000000
13 275 5000000
13 275 5000000
13 275 5000000
13 275 5000000
13 275 5000000
13 275 5000000
13 275 5000000
13 275 5000000
13 275 793980000
13 275 792000000
13 275 5000000
13 275 5000000
13 275 793980000
13 275 5000000
13 275 5000000
13 275 5000000
13 275 5000000
13 275 5000000
13 275 792000000
13 275 5000000
13 275 5000000
13 275 5000000
13 275 5000000
13 275 792000000
13 275 5000000
13 275 5000000
13 275 792000000
13 275 5000000
13 275 5000000
13 275 792000000
13 275 793980000
13 275 5000000
13 275 5000000
13 275 792000000
13 275 5000000
13 275 5000000
13 275 5000000
13 275 5000000
13 275 5000000
13 275 792000000
13 275 5000000
13 275 5000000
13 275 792000000
13 275 792000000
13 275 5000000
13 275 793980000
13 275 5000000
13 275 5000000
13 275 5000000
13 275 5000000
13 275 792000000
13 275 793980000
13 275 793980000
13 275 5000000
13 275 793980000
13 275 793980000
13 275 5000000
13 275 792000000
13 275 5000000
13 275 792000000
13 275 792000000
13 275 5000000
13 275 5000000
13 275 793980000
13 275 5000000
13 275 5000000
13 275 792000000
13 275 792000000
13 275 5000000
13 275 792000000
13 275 5000000
13 275 5000000
13 275 5000000
13 275 5000000
13 275 793980000
13 275 5000000
13 275 5000000
13 275 5000000
13 275 5000000
13 275 5000000
13 275 5000000
13 275 792000000
13 275 5000000
13 275 5000000
13 275 793980000
13 275 5000000
13 275 792000000
13 275 5000000
13 275 5000000
13 275 5000000
13 275 792000000
13 275 5000000
13 275 5000000
13 275 792000000
13 275 5000000
13 275 793980000
13 275 5000000
13 275 5000000
13 275 5000000
13 275 793980000
13 275 5000000
13 275 5000000
13 275 792000000
13 275 5000000
13 275 5000000
13 275 5000000
13 275 5000000
13 275 5000000
13 275 5000000
13 275 5000000
13 275 5000000
13 275 5000000
13 275 792000000
13 275 5000000
13 275 5000000
13 275 5000000
13 275 793980000
13 275 792000000
13 275 5000000
13 275 5000000
13 275 793980000
13 275 5000000
13 275 5000000
13 275 5000000
13 275 5000000
13 275 793980000
13 275 5000000
13 275 5000000
13 275 5000000
13 275 793980000
13 275 5000000
13 275 792000000
13 275 5000000
13 275 5000000
13 275 793980000
13 275 792000000
13 275 792000000
13 275 793980000
13 275 5000000
13 275 5000000
13 275 5000000
13 275 793980000
13 275 5000000
13 275 793980000
13 275 793980000
13 275 5000000
13 275 5000000
13 275 793980000
13 275 793980000
13 275 5000000
13 275 793980000
13 275 793980000
13 275 5000000
13 275 5000000
13 275 5000000
13 275 5000000
13 275 5000000
13 275 5000000
13 275 5000000
13 275 5000000
13 275 5000000
13 275 5000000
13 275 793980000
13 275 5000000
13 275 792000000
13 275 792000000
13 275 5000000
13 275 5000000
13 275 793980000
13 275 793980000
13 275 5000000
13 275 793980000
13 275 5000000
13 275 5000000
13 275 792000000
13 275 5000000
13 275 5000000
13 275 5000000
13 275 5000000
13 275 792000000
13 275 5000000
13 275 5000000
13 275 5000000
13 275 792000000
13 275 5000000
13 275 5000000
13 275 793980000
13 275 5000000
13 275 5000000
13 275 792000000
13 275 5000000
13 275 5000000
13 275 5000000
13 275 5000000
13 275 5000000
13 275 5000000
13 275 793980000
13 275 5000000
13 275 793980000
13 275 5000000
13 275 793980000
13 275 792000000
13 275 792000000
13 275 5000000
13 275 792000000
13 275 792000000
13 275 792000000
13 275 5000000
13 275 5000000
13 275 5000000
13 275 792000000
13 275 5000000
13 275 5000000
13 275 5000000
13 275 5000000
13 275 5000000
13 275 793980000
13 275 5000000
13 275 5000000
13 275 793980000
13 275 5000000
13 275 5000000
13 275 5000000
13 275 5000000
13 275 5000000
13 275 792000000
13 275 5000000
13 275 793980000
13 275 792000000
13 275 5000000
13 275 5000000
13 275 5000000
13 275 5000000
13 275 5000000
13 275 5000000
13 275 5000000
13 275 5000000
13 275 5000000
13 275 792000000
13 275 5000000
13 275 5000000
13 275 5000000
13 275 792000000
13 275 5000000
13 275 5000000
13 275 792000000
13 275 5000000
13 275 792000000
13 275 792000000
13 275 792000000
13 275 5000000
13 275 5000000
13 275 5000000
13 275 5000000
13 275 5000000
13 275 793980000
13 275 5000000
13 275 5000000
13 275 5000000
13 275 5000000
13 275 5000000
13 275 5000000
13 275 5000000
13 275 5000000
13 275 793980000
13 275 5000000
13 275 5000000
13 275 792000000
13 275 792000000
13 275 5000000
13 275 5000000
13 275 5000000
13 275 793980000
13 275 5000000
13 275 5000000
13 275 5000000
13 275 5000000
13 275 793980000
13 275 5000000
13 275 5000000
13 275 5000000
13 275 5000000
13 275 793980000
13 275 5000000
13 275 5000000
13 275 792000000
13 275 5000000
13 275 5000000
13 275 5000000
13 275 5000000
13 275 5000000
13 275 5000000
13 275 5000000
13 275 5000000
13 275 5000000
13 275 792000000
13 275 5000000
13 275 5000000
13 275 793980000
13 275 5000000
13 275 793980000
13 275 5000000
13 275 5000000
13 275 5000000
13 275 5000000
13 275 5000000
13 275 5000000
13 275 792000000
13 275 792000000
13 275 5000000
13 275 5000000
13 275 792000000
13 275 5000000
13 275 793980000
13 275 792000000
13 275 5000000
13 275 5000000
13 275 5000000
13 275 5000000
13 275 793980000
13 275 793980000
13 275 792000000
13 275 5000000
13 275 792000000
13 275 792000000
13 275 5000000
13 275 5000000
13 275 5000000
13 275 793980000
13 275 792000000
13 275 5000000
13 275 5000000
13 275 5000000
13 275 5000000
13 275 793980000
13 275 5000000
13 275 793980000
13 275 792000000
13 275 793980000
13 275 792000000
13 275 5000000
13 275 792000000
13 275 5000000
13 275 5000000
13 275 5000000
13 275 5000000
13 275 792000000
13 275 792000000
13 275 793980000
13 275 792000000
13 275 792000000
13 275 792000000
13 275 5000000
13 275 5000000
13 275 5000000
13 275 5000000
13 275 5000000
13 275 5000000
13 275 5000000
13 275 5000000
13 275 5000000
13 275 792000000
13 275 793980000
13 275 793980000
13 275 5000000
13 275 5000000
13 275 792000000
13 275 5000000
13 275 5000000
13 275 792000000
13 275 5000000
13 275 5000000
13 275 792000000
13 275 5000000
13 275 793980000
13 275 792000000
13 275 792000000
13 275 5000000
13 275 793980000
13 275 792000000
13 275 5000000
13 275 792000000
13 275 5000000
13 275 5000000
13 275 5000000
13 275 5000000
13 275 5000000
13 275 792000000
13 275 793980000
13 275 5000000
13 275 5000000
13 275 792000000
13 275 5000000
13 275 5000000
13 275 5000000
13 275 5000000
13 275 5000000
13 275 5000000
13 275 793980000
13 275 5000000
13 275 792000000
13 275 5000000
13 275 793980000
13 275 792000000
13 275 5000000
13 275 792000000
13 275 793980000
13 275 793980000
13 275 5000000
13 275 793980000
13 275 5000000
13 275 5000000
13 275 793980000
13 275 5000000
13 275 5000000
13 275 5000000
13 275 792000000
13 275 792000000
13 275 5000000
13 275 5000000
13 275 793980000
13 275 793980000
13 275 5000000
13 275 5000000
13 275 5000000
13 275 792000000
13 275 5000000
13 275 5000000
13 275 792000000
13 275 5000000
13 275 793980000
13 275 793980000
13 275 5000000
13 275 793980000
13 275 792000000
13 275 5000000
13 275 793980000
13 275 792000000
13 275 793980000
13 275 793980000
13 275 792000000
13 275 5000000
13 275 5000000
13 275 5000000
13 275 5000000
13 275 5000000
13 275 792000000
13 275 792000000
13 275 5000000
13 275 5000000
13 275 5000000
13 275 5000000
13 275 793980000
13 275 792000000
13 275 5000000
13 275 793980000
13 275 5000000
13 275 793980000
13 275 792000000
13 275 792000000
13 275 5000000
13 275 792000000
13 275 5000000
13 275 5000000
13 275 792000000
13 275 5000000
13 275 5000000
13 275 5000000
13 275 5000000
13 275 5000000
13 275 793980000
13 275 793980000
13 275 5000000
13 275 5000000
13 275 5000000
13 275 5000000
13 275 5000000
13 275 5000000
13 275 5000000
13 275 5000000
13 275 5000000
13 275 5000000
13 275 5000000
13 275 5000000
13 275 793980000
13 275 5000000
13 275 5000000
13 275 792000000
13 275 5000000
13 275 5000000
13 275 793980000
13 275 5000000
13 275 793980000
13 275 5000000
13 275 5000000
13 275 5000000
13 275 5000000
13 275 5000000
13 275 5000000
13 275 5000000
13 275 5000000
13 275 793980000
13 275 5000000
13 275 5000000
13 275 792000000
13 275 5000000
13 275 792000000
13 275 792000000
13 275 5000000
13 275 5000000
13 275 5000000
13 275 5000000
13 275 793980000
13 275 5000000
13 275 5000000
13 275 5000000
13 275 5000000
13 275 5000000
13 275 5000000
13 275 793980000
13 275 793980000
13 275 5000000
13 275 792000000
13 275 5000000
13 275 792000000
13 275 5000000
13 275 792000000
13 275 5000000
13 275 5000000
13 275 5000000
13 275 5000000
13 275 5000000
13 275 5000000
13 275 5000000
13 275 5000000
13 275 5000000
13 275 5000000
13 275 5000000
13 275 5000000
13 275 793980000
13 275 5000000
13 275 5000000
13 275 5000000
13 275 5000000
13 275 5000000
13 275 793980000
13 275 5000000
13 275 5000000
13 275 792000000
13 275 5000000
13 275 5000000
13 275 792000000
13 275 793980000
13 275 793980000
13 275 5000000
13 275 5000000
13 275 5000000
13 275 5000000
13 275 793980000
13 275 5000000
13 275 5000000
13 275 793980000
13 275 793980000
13 275 5000000
13 275 5000000
13 275 792000000
13 275 5000000
13 275 5000000
13 275 792000000
13 275 5000000
13 275 5000000
13 275 5000000
13 275 5000000
13 275 792000000
13 275 5000000
13 275 5000000
13 275 5000000
13 275 792000000
13 275 5000000
13 275 5000000
13 275 793980000
13 275 5000000
13 275 792000000
13 275 5000000
13 275 5000000
13 275 5000000
13 275 5000000
13 275 5000000
13 275 5000000
13 275 792000000
13 275 5000000
13 275 792000000
13 275 793980000
13 275 5000000
13 275 5000000
13 275 5000000
13 275 792000000
13 275 5000000
13 275 792000000
13 275 5000000
13 275 5000000
13 275 5000000
13 275 5000000
13 275 792000000
13 275 5000000
13 275 793980000
13 275 5000000
13 275 5000000
13 275 792000000
13 275 5000000
13 275 5000000
13 275 5000000
13 275 5000000
13 275 792000000
13 275 5000000
13 275 5000000
13 275 5000000
13 275 792000000
13 275 5000000
13 275 5000000
13 275 5000000
13 275 793980000
13 275 793980000
13 275 792000000
13 275 5000000
13 275 5000000
13 275 5000000
13 275 5000000
13 275 5000000
13 275 5000000
13 275 5000000
13 275 5000000
13 275 5000000
13 275 5000000
13 275 792000000
13 275 792000000
13 275 5000000
13 275 793980000
13 275 5000000
13 275 5000000
13 275 793980000
13 275 5000000
13 275 5000000
13 275 793980000
13 275 793980000
13 275 5000000
13 275 5000000
13 275 5000000
13 275 793980000
13 275 792000000
13 275 5000000
13 275 5000000
13 275 793980000
13 275 793980000
13 275 5000000
13 275 5000000
13 275 5000000
13 275 793980000
13 275 5000000
13 275 792000000
13 275 792000000
13 275 793980000
13 275 5000000
13 275 5000000
13 275 793980000
13 275 793980000
13 275 793980000
13 275 5000000
13 275 5000000
13 275 792000000
13 275 793980000
13 275 5000000
13 275 5000000
13 275 5000000
13 275 5000000
13 275 5000000
13 275 5000000
13 275 5000000
13 275 793980000
13 275 5000000
13 275 792000000
13 275 5000000
13 275 5000000
13 275 5000000
13 275 5000000
13 275 792000000
13 275 5000000
13 275 5000000
13 275 5000000
13 275 5000000
13 275 5000000
13 275 5000000
13 275 793980000
13 275 792000000
13 275 793980000
13 275 5000000
13 275 5000000
13 275 792000000
13 275 5000000
13 275 5000000
13 275 5000000
13 275 5000000
13 275 793980000
13 275 792000000
13 275 5000000
13 275 793980000
13 275 5000000
13 275 5000000
13 275 792000000
13 275 793980000
13 275 5000000
13 275 5000000
13 275 5000000
13 275 5000000
13 275 5000000
13 275 5000000
13 275 793980000
13 275 5000000
13 275 5000000
13 275 5000000
13 275 5000000
13 275 5000000
13 275 793980000
13 275 5000000
13 275 5000000
13 275 792000000
13 275 5000000
13 275 5000000
13 275 793980000
13 275 793980000
13 275 5000000
13 275 5000000
13 275 5000000
13 275 5000000
13 275 793980000
13 275 793980000
13 275 793980000
13 275 5000000
13 275 5000000
13 275 793980000
13 275 792000000
13 275 793980000
13 275 5000000
13 275 5000000
13 275 792000000
13 275 5000000
13 275 792000000
13 275 5000000
13 275 5000000
13 275 5000000
13 275 5000000
13 275 792000000
13 275 5000000
13 275 5000000
13 275 793980000
13 275 5000000
13 275 5000000
13 275 5000000
13 275 5000000
13 275 5000000
13 275 5000000
13 275 792000000
13 275 5000000
13 275 792000000
13 275 5000000
13 275 793980000
13 275 5000000
13 275 5000000
13 275 5000000
13 275 5000000
13 275 793980000
13 275 5000000
13 275 5000000
13 275 5000000
13 275 5000000
13 275 5000000
13 275 5000000
13 275 5000000
13 275 793980000
13 275 5000000
13 275 5000000
13 275 792000000
13 275 792000000
13 275 5000000
13 275 5000000
13 275 5000000
13 275 792000000
13 275 5000000
13 275 793980000
13 275 5000000
13 275 5000000
13 275 793980000
13 275 5000000
13 275 5000000
13 275 5000000
13 275 5000000
13 275 5000000
13 275 5000000
13 275 5000000
13 275 792000000
13 275 5000000
13 275 793980000
13 275 5000000
13 275 793980000
13 275 5000000
13 275 793980000
13 275 5000000
13 275 5000000
13 275 5000000
13 275 5000000
13 275 5000000
13 275 5000000
13 275 5000000
13 275 5000000
13 275 5000000
13 275 5000000
13 275 5000000
13 275 793980000
13 275 793980000
13 275 5000000
13 275 5000000
13 275 5000000
13 275 5000000
13 275 793980000
13 275 5000000
13 275 5000000
13 275 5000000
13 275 792000000
13 275 5000000
13 275 5000000
13 275 792000000
13 275 5000000
13 275 5000000
13 275 5000000
13 275 793980000
13 275 5000000
13 275 5000000
13 275 5000000
13 275 792000000
13 275 5000000
13 275 5000000
13 275 5000000
13 275 5000000
13 275 792000000
13 275 792000000
13 275 792000000
13 275 793980000
13 275 5000000
13 275 5000000
13 275 792000000
13 275 792000000
13 275 5000000
13 275 5000000
13 275 5000000
13 275 5000000
13 275 5000000
13 275 792000000
13 275 792000000
13 275 5000000
13 275 5000000
13 275 5000000
13 275 5000000
13 275 5000000
13 275 5000000
13 275 5000000
13 275 793980000
13 275 792000000
13 275 5000000
13 275 5000000
13 275 5000000
13 275 792000000
13 275 5000000
13 275 5000000
13 275 792000000
13 275 792000000
13 275 5000000
13 275 793980000
13 275 5000000
13 275 5000000
13 275 792000000
13 275 5000000
13 275 5000000
13 275 793980000
13 275 5000000
13 275 792000000
13 275 5000000
13 275 793980000
13 275 793980000
13 275 792000000
13 275 5000000
13 275 5000000
13 275 5000000
13 275 5000000
13 275 5000000
13 275 5000000
13 275 5000000
13 275 5000000
13 275 5000000
13 275 793980000
13 275 793980000
13 275 5000000
13 275 5000000
13 275 792000000
13 275 792000000
13 275 5000000
13 275 792000000
13 275 792000000
13 275 5000000
13 275 793980000
13 275 5000000
13 275 5000000
13 275 5000000
13 275 793980000
13 275 792000000
13 275 793980000
13 275 5000000
13 275 792000000
13 275 5000000
13 275 793980000
13 275 5000000
13 275 793980000
13 275 792000000
13 275 5000000
13 275 793980000
13 275 793980000
13 275 5000000
13 275 793980000
13 275 5000000
13 275 5000000
13 275 793980000
13 275 792000000
13 275 5000000
13 275 5000000
13 275 5000000
13 275 5000000
13 275 792000000
13 275 5000000
13 275 792000000
13 275 5000000
13 275 5000000
13 275 793980000
13 275 5000000
13 275 792000000
13 275 793980000
13 275 5000000
13 275 793980000
13 275 5000000
13 275 793980000
13 275 5000000
13 275 5000000
13 275 5000000
13 275 5000000
13 275 5000000
13 275 792000000
13 275 5000000
13 275 5000000
13 275 5000000
13 275 5000000
13 275 5000000
13 275 5000000
13 275 5000000
13 275 5000000
13 275 5000000
13 275 5000000
13 275 5000000
13 275 793980000
13 275 5000000
13 275 5000000
13 275 5000000
13 275 5000000
13 275 792000000
13 275 793980000
13 275 5000000
13 275 5000000
13 275 792000000
13 275 792000000
13 275 5000000
13 275 5000000
13 275 5000000
13 275 5000000
13 275 793980000
13 275 5000000
13 275 5000000
13 275 792000000
13 275 792000000
13 275 792000000
13 275 5000000
13 275 792000000
13 275 793980000
13 275 792000000
13 275 5000000
13 275 792000000
13 275 5000000
13 275 792000000
13 275 5000000
13 275 5000000
13 275 793980000
13 275 5000000
13 275 5000000
13 275 5000000
13 275 5000000
13 275 5000000
13 275 5000000
13 275 5000000
13 275 5000000
13 275 793980000
13 275 792000000
13 275 5000000
13 275 5000000
13 275 792000000
13 275 5000000
13 275 5000000
13 275 792000000
13 275 793980000
13 275 5000000
13 275 5000000
13 275 793980000
13 275 792000000
13 275 5000000
13 275 793980000
13 275 5000000
13 275 5000000
13 275 5000000
13 275 793980000
13 275 5000000
13 275 792000000
13 275 5000000
13 275 792000000
13 275 5000000
13 275 5000000
13 275 5000000
13 275 793980000
13 275 792000000
13 275 792000000
13 275 5000000
13 275 793980000
13 275 5000000
13 275 5000000
13 275 5000000
13 275 5000000
13 275 792000000
13 275 793980000
13 275 5000000
13 275 5000000
13 275 5000000
13 275 5000000
13 275 5000000
13 275 5000000
13 275 792000000
13 275 5000000
13 275 792000000
13 275 5000000
13 275 5000000
13 275 793980000
13 275 793980000
13 275 5000000
13 275 793980000
13 275 5000000
13 275 5000000
13 275 5000000
13 275 5000000
13 275 5000000
13 275 5000000
13 275 5000000
13 275 5000000
13 275 5000000
13 275 5000000
13 275 792000000
13 275 793980000
13 275 5000000
13 275 793980000
13 275 5000000
13 275 5000000
13 275 5000000
13 275 793980000
13 275 5000000
13 275 5000000
13 275 5000000
13 275 793980000
13 275 5000000
13 275 5000000
13 275 5000000
13 275 5000000
13 275 793980000
13 275 793980000
13 275 5000000
13 275 793980000
13 275 793980000
13 275 5000000
13 275 5000000
13 275 792000000
13 275 792000000
13 275 5000000
13 275 5000000
13 275 5000000
13 275 792000000
13 275 793980000
13 275 792000000
13 275 792000000
13 275 5000000
13 275 5000000
13 275 5000000
13 275 5000000
13 275 5000000
13 275 5000000
13 275 5000000
13 275 5000000
13 275 5000000
13 275 5000000
13 275 792000000
13 275 5000000
13 275 5000000
13 275 5000000
13 275 5000000
13 275 5000000
13 275 793980000
13 275 5000000
13 275 793980000
13 275 5000000
13 275 5000000
13 275 5000000
13 275 793980000
13 275 5000000
13 275 5000000
13 275 793980000
13 275 792000000
13 275 793980000
13 275 5000000
13 275 793980000
13 275 5000000
13 275 5000000
13 275 5000000
13 275 5000000
13 275 5000000
13 275 5000000
13 275 792000000
13 275 5000000
13 275 5000000
13 275 5000000
13 275 793980000
13 275 5000000
13 275 793980000
13 275 793980000
13 275 792000000
13 275 792000000
13 275 792000000
13 275 793980000
13 275 5000000
13 275 5000000
13 275 5000000
13 275 5000000
13 275 5000000
13 275 5000000
13 275 5000000
13 275 5000000
13 275 5000000
13 275 5000000
13 275 5000000
13 275 792000000
13 275 5000000
13 275 5000000
13 275 5000000
13 275 792000000
13 275 5000000
13 275 5000000
13 275 793980000
13 275 792000000
13 275 5000000
13 275 5000000
13 275 792000000
13 275 792000000
13 275 5000000
13 275 5000000
13 275 793980000
13 275 5000000
13 275 5000000
13 275 5000000
13 275 5000000
13 275 5000000
13 275 5000000
13 275 5000000
13 275 792000000
13 275 5000000
13 275 5000000
13 275 5000000
13 275 792000000
13 275 5000000
13 275 792000000
13 275 5000000
13 275 5000000
13 275 793980000
13 275 5000000
13 275 793980000
13 275 793980000
13 275 792000000
13 275 5000000
13 275 5000000
13 275 5000000
13 275 5000000
13 275 793980000
13 275 792000000
13 275 5000000
13 275 5000000
13 275 5000000
13 275 5000000
13 275 5000000
13 275 5000000
13 275 5000000
13 275 792000000
13 275 5000000
13 275 5000000
13 275 5000000
13 275 5000000
13 275 5000000
13 275 5000000
13 275 5000000
13 275 792000000
13 275 5000000
13 275 5000000
13 275 792000000
13 275 5000000
13 275 5000000
13 275 5000000
13 275 5000000
13 275 5000000
13 275 5000000
13 275 5000000
13 275 5000000
13 275 5000000
13 275 792000000
13 275 5000000
13 275 792000000
13 275 5000000
13 275 5000000
13 275 5000000
13 275 5000000
13 275 792000000
13 275 5000000
13 275 793980000
13 275 5000000
13 275 792000000
13 275 793980000
13 275 5000000
13 275 793980000
13 275 793980000
13 275 792000000
13 275 5000000
13 275 793980000
13 275 5000000
13 275 5000000
13 275 5000000
13 275 5000000
13 275 5000000
13 275 5000000
13 275 5000000
13 275 792000000
13 275 5000000
13 275 792000000
13 275 793980000
13 275 5000000
13 275 793980000
13 275 5000000
13 275 793980000
13 275 5000000
13 275 5000000
13 275 5000000
13 275 5000000
13 275 792000000
13 275 5000000
13 275 5000000
13 275 793980000
13 275 5000000
13 275 5000000
13 275 5000000
13 275 5000000
13 275 793980000
13 275 5000000
13 275 5000000
13 275 5000000
13 275 792000000
13 275 792000000
13 275 5000000
13 275 5000000
13 275 5000000
13 275 5000000
13 275 5000000
13 275 5000000
13 275 792000000
13 275 792000000
13 275 792000000
13 275 5000000
13 275 5000000
13 275 5000000
13 275 5000000
13 275 5000000
13 275 792000000
13 275 5000000
13 275 792000000
13 275 792000000
13 275 792000000
13 275 5000000
13 275 5000000
13 275 793980000
13 275 793980000
13 275 793980000
13 275 5000000
13 275 5000000
13 275 5000000
13 275 792000000
13 275 5000000
13 275 793980000
13 275 5000000
13 275 5000000
13 275 5000000
13 275 5000000
13 275 792000000
13 275 5000000
13 275 5000000
13 275 792000000
13 275 792000000
13 275 793980000
13 275 793980000
13 275 5000000
13 275 793980000
13 275 5000000
13 275 792000000
13 275 5000000
13 275 793980000
13 275 5000000
13 275 5000000
13 275 5000000
13 275 5000000
13 275 5000000
13 275 793980000
13 275 5000000
13 275 5000000
13 275 5000000
13 275 5000000
13 275 5000000
13 275 793980000
13 275 5000000
13 275 792000000
13 275 792000000
13 275 5000000
13 275 5000000
13 275 5000000
13 275 792000000
13 275 5000000
13 275 792000000
13 275 5000000
13 275 793980000
13 275 5000000
13 275 5000000
13 275 5000000
13 275 793980000
13 275 5000000
13 275 5000000
13 275 793980000
13 275 5000000
13 275 792000000
13 275 5000000
13 275 793980000
13 275 5000000
13 275 792000000
13 275 5000000
13 275 793980000
13 275 5000000
13 275 5000000
13 275 5000000
13 275 5000000
13 275 792000000
13 275 792000000
13 275 5000000
13 275 792000000
13 275 5000000
13 275 5000000
13 275 5000000
13 275 5000000
13 275 5000000
13 275 5000000
13 275 5000000
13 275 793980000
13 275 5000000
13 275 5000000
13 275 5000000
13 275 5000000
13 275 792000000
13 275 5000000
13 275 5000000
13 275 5000000
13 275 793980000
13 275 5000000
13 275 793980000
13 275 793980000
13 275 792000000
13 275 5000000
13 275 5000000
13 275 5000000
13 275 792000000
13 275 5000000
13 275 792000000
13 275 5000000
13 275 792000000
13 275 5000000
13 275 792000000
13 275 5000000
13 275 5000000
13 275 5000000
13 275 793980000
13 275 5000000
13 275 5000000
13 275 5000000
13 275 5000000
13 275 5000000
13 275 5000000
13 275 5000000
13 275 5000000
13 275 793980000
13 275 5000000
13 275 793980000
13 275 793980000
13 275 5000000
13 275 5000000
13 275 5000000
13 275 793980000
13 275 5000000
13 275 5000000
13 275 5000000
13 275 5000000
13 275 792000000
13 275 5000000
13 275 792000000
13 275 5000000
13 275 793980000
13 275 5000000
13 275 5000000
13 275 5000000
13 275 792000000
13 275 5000000
13 275 793980000
13 275 5000000
13 275 792000000
13 275 792000000
13 275 5000000
13 275 793980000
13 275 5000000
13 275 793980000
13 275 5000000
13 275 5000000
13 275 793980000
13 275 5000000
13 275 5000000
13 275 5000000
13 275 5000000
13 275 5000000
13 275 5000000
13 275 792000000
13 275 5000000
13 275 792000000
13 275 792000000
13 275 5000000
13 275 5000000
13 275 5000000
13 275 5000000
13 275 5000000
13 275 793980000
13 275 793980000
13 275 792000000
13 275 5000000
13 275 5000000
13 275 793980000
13 275 5000000
13 275 5000000
13 275 5000000
13 275 5000000
13 275 5000000
13 275 793980000
13 275 793980000
13 275 5000000
13 275 5000000
13 275 5000000
13 275 5000000
13 275 792000000
13 275 5000000
13 275 5000000
13 275 5000000
13 275 792000000
13 275 5000000
13 275 5000000
13 275 793980000
13 275 5000000
13 275 5000000
13 275 5000000
13 275 5000000
13 275 793980000
13 275 5000000
13 275 5000000
13 275 5000000
13 275 5000000
13 275 793980000
13 275 792000000
13 275 792000000
13 275 5000000
13 275 5000000
13 275 5000000
13 275 5000000
13 275 5000000
13 275 792000000
13 275 793980000
13 275 5000000
13 275 5000000
13 275 793980000
13 275 793980000
13 275 5000000
13 275 5000000
13 275 5000000
13 275 5000000
13 275 792000000
13 275 5000000
13 275 792000000
13 275 5000000
13 275 5000000
13 275 5000000
13 275 5000000
13 275 792000000
13 275 792000000
13 275 5000000
13 275 5000000
13 275 5000000
13 275 5000000
13 275 792000000
13 275 5000000
13 275 5000000
13 275 5000000
13 275 5000000
13 275 5000000
13 275 793980000
13 275 793980000
13 275 792000000
13 275 793980000
13 275 793980000
13 275 793980000
13 275 5000000
13 275 5000000
13 275 793980000
13 275 793980000
13 275 5000000
13 275 5000000
13 275 5000000
13 275 5000000
13 275 5000000
13 275 5000000
13 275 5000000
13 275 5000000
13 275 5000000
13 275 5000000
13 275 5000000
13 275 5000000
13 275 793980000
13 275 5000000
13 275 5000000
13 275 5000000
13 275 5000000
13 275 793980000
13 275 793980000
13 275 5000000
13 275 5000000
13 275 5000000
13 275 5000000
13 275 5000000
13 275 5000000
13 275 5000000
13 275 792000000
13 275 5000000
13 275 5000000
13 275 5000000
13 275 5000000
13 275 5000000
13 275 5000000
13 275 5000000
13 275 793980000
13 275 792000000
13 275 5000000
13 275 793980000
13 275 5000000
13 275 5000000
13 275 5000000
13 275 5000000
13 275 5000000
13 275 5000000
13 275 792000000
13 275 5000000
13 275 793980000
13 275 5000000
13 275 5000000
13 275 5000000
13 275 793980000
13 275 5000000
13 275 5000000
13 275 793980000
13 275 793980000
13 275 793980000
13 275 5000000
13 275 5000000
13 275 793980000
13 275 792000000
13 275 792000000
13 275 5000000
13 275 792000000
13 275 5000000
13 275 5000000
13 275 5000000
13 275 5000000
13 275 5000000
13 275 5000000
13 275 5000000
13 275 793980000
13 275 5000000
13 275 5000000
13 275 5000000
13 275 5000000
13 275 793980000
13 275 5000000
13 275 5000000
13 275 5000000
13 275 5000000
13 275 5000000
13 275 5000000
13 275 5000000
13 275 792000000
13 275 5000000
13 275 5000000
13 275 5000000
13 275 793980000
13 275 792000000
13 275 5000000
13 275 792000000
13 275 5000000
13 275 5000000
13 275 5000000
13 275 5000000
13 275 5000000
13 275 793980000
13 275 5000000
13 275 792000000
13 275 5000000
13 275 792000000
13 275 5000000
13 275 5000000
13 275 793980000
13 275 5000000
13 275 793980000
13 275 5000000
13 275 5000000
13 275 5000000
13 275 5000000
13 275 792000000
13 275 793980000
13 275 5000000
13 275 793980000
13 275 792000000
13 275 793980000
13 275 792000000
13 275 5000000
13 275 5000000
13 275 5000000
13 275 792000000
13 275 5000000
13 275 5000000
13 275 5000000
13 275 5000000
13 275 792000000
13 275 5000000
13 275 5000000
13 275 5000000
13 275 5000000
13 275 5000000
13 275 5000000
13 275 5000000
13 275 5000000
13 275 792000000
13 275 5000000
13 275 793980000
13 275 5000000
13 275 793980000
13 275 5000000
13 275 792000000
13 275 792000000
13 275 792000000
13 275 5000000
13 275 793980000
13 275 792000000
13 275 792000000
13 275 792000000
13 275 793980000
13 275 5000000
13 275 5000000
13 275 792000000
13 275 5000000
13 275 5000000
13 275 5000000
13 275 5000000
13 275 5000000
13 275 5000000
13 275 5000000
13 275 792000000
13 275 5000000
13 275 5000000
13 275 5000000
13 275 5000000
13 275 792000000
13 275 5000000
13 275 792000000
13 275 5000000
13 275 792000000
13 275 5000000
13 275 5000000
13 275 792000000
13 275 5000000
13 275 792000000
13 275 5000000
13 275 5000000
13 275 5000000
13 275 5000000
13 275 792000000
13 275 5000000
13 275 5000000
13 275 5000000
13 275 5000000
13 275 5000000
13 275 5000000
13 275 5000000
13 275 5000000
13 275 5000000
13 275 5000000
13 275 5000000
13 275 5000000
13 275 5000000
13 275 5000000
13 275 5000000
13 275 5000000
13 275 792000000
13 275 5000000
13 275 5000000
13 275 792000000
13 275 5000000
13 275 793980000
13 275 5000000
13 275 793980000
13 275 793980000
13 275 5000000
13 275 5000000
13 275 5000000
13 275 5000000
13 275 5000000
13 275 793980000
13 275 5000000
13 275 5000000
13 275 5000000
13 275 5000000
13 275 5000000
13 275 792000000
13 275 5000000
13 275 5000000
13 275 5000000
13 275 793980000
13 275 792000000
13 275 5000000
13 275 5000000
13 275 792000000
13 275 5000000
13 275 793980000
13 275 5000000
13 275 793980000
13 275 5000000
13 275 793980000
13 275 793980000
13 275 5000000
13 275 5000000
13 275 792000000
13 275 5000000
13 275 5000000
13 275 792000000
13 275 5000000
13 275 5000000
13 275 5000000
13 275 5000000
13 275 793980000
13 275 5000000
13 275 5000000
13 275 5000000
13 275 5000000
13 275 5000000
13 275 5000000
13 275 5000000
13 275 793980000
13 275 5000000
13 275 5000000
13 275 5000000
13 275 5000000
13 275 793980000
13 275 5000000
13 275 5000000
13 275 5000000
13 275 793980000
13 275 5000000
13 275 5000000
13 275 5000000
13 275 793980000
13 275 5000000
13 275 792000000
13 275 792000000
13 275 5000000
13 275 5000000
13 275 5000000
13 275 5000000
13 275 792000000
13 275 793980000
13 275 793980000
13 275 792000000
13 275 792000000
13 275 793980000
13 275 793980000
13 275 5000000
13 275 5000000
13 275 5000000
13 275 792000000
13 275 793980000
13 275 5000000
13 275 792000000
13 275 792000000
13 275 5000000
13 275 5000000
13 275 5000000
13 275 792000000
13 275 5000000
13 275 5000000
13 275 5000000
13 275 5000000
13 275 5000000
13 275 5000000
13 275 5000000
13 275 5000000
13 275 5000000
13 275 5000000
13 275 793980000
13 275 5000000
13 275 793980000
13 275 793980000
13 275 5000000
13 275 5000000
13 275 5000000
13 275 5000000
13 275 5000000
13 275 5000000
13 275 5000000
13 275 792000000
13 275 5000000
13 275 5000000
13 275 792000000
13 275 5000000
13 275 5000000
13 275 5000000
13 275 5000000
13 275 5000000
13 275 5000000
13 275 5000000
13 275 792000000
13 275 5000000
13 275 793980000
13 275 793980000
13 275 793980000
13 275 5000000
13 275 5000000
13 275 5000000
13 275 5000000
13 275 5000000
13 275 5000000
13 275 5000000
13 275 5000000
13 275 793980000
13 275 793980000
13 275 5000000
13 275 5000000
13 275 5000000
13 275 792000000
13 275 793980000
13 275 793980000
13 275 5000000
13 275 5000000
13 275 5000000
13 275 793980000
13 275 793980000
13 275 5000000
13 275 5000000
13 275 5000000
13 275 5000000
13 275 792000000
13 275 5000000
13 275 793980000
13 275 793980000
13 275 793980000
13 275 792000000
13 275 5000000
13 275 792000000
13 275 792000000
13 275 5000000
13 275 5000000
13 275 793980000
13 275 793980000
13 275 5000000
13 275 5000000
13 275 5000000
13 275 5000000
13 275 792000000
13 275 5000000
13 275 793980000
13 275 5000000
13 275 5000000
13 275 5000000
13 275 5000000
13 275 792000000
13 275 5000000
13 275 5000000
13 275 5000000
13 275 5000000
13 275 5000000
13 275 5000000
13 275 5000000
13 275 5000000
13 275 5000000
13 275 793980000
13 275 5000000
13 275 5000000
13 275 5000000
13 275 793980000
13 275 5000000
13 275 793980000
13 275 792000000
13 275 793980000
13 275 5000000
13 275 792000000
13 275 793980000
13 275 5000000
13 275 793980000
13 275 5000000
13 275 793980000
13 275 5000000
13 275 5000000
13 275 5000000
13 275 5000000
13 275 793980000
13 275 792000000
13 275 792000000
13 275 5000000
13 275 792000000
13 275 5000000
13 275 5000000
13 275 5000000
13 275 5000000
13 275 793980000
13 275 5000000
13 275 5000000
13 275 792000000
13 275 793980000
13 275 5000000
13 275 5000000
13 275 5000000
13 275 5000000
13 275 792000000
13 275 792000000
13 275 5000000
13 275 5000000
13 275 793980000
13 275 5000000
13 275 792000000
13 275 5000000
13 275 792000000
13 275 5000000
13 275 5000000
13 275 5000000
13 275 793980000
13 275 5000000
13 275 792000000
13 275 5000000
13 275 792000000
13 275 792000000
13 275 5000000
13 275 792000000
13 275 5000000
13 275 5000000
13 275 5000000
13 275 5000000
13 275 5000000
13 275 793980000
13 275 793980000
13 275 793980000
13 275 5000000
13 275 792000000
13 275 5000000
13 275 793980000
13 275 5000000
13 275 793980000
13 275 793980000
13 275 5000000
13 275 792000000
13 275 5000000
13 275 5000000
13 275 793980000
13 275 5000000
13 275 5000000
13 275 792000000
13 275 5000000
13 275 792000000
13 275 5000000
13 275 5000000
13 275 5000000
13 275 792000000
13 275 5000000
13 275 792000000
13 275 792000000
13 275 793980000
13 275 792000000
13 275 792000000
13 275 5000000
13 275 5000000
13 275 792000000
13 275 5000000
13 275 5000000
13 275 5000000
13 275 5000000
13 275 5000000
13 275 792000000
13 275 5000000
13 275 5000000
13 275 5000000
13 275 792000000
13 275 5000000
13 275 5000000
13 275 792000000
13 275 5000000
13 275 5000000
13 275 5000000
13 275 5000000
13 275 5000000
13 275 5000000
13 275 5000000
13 275 5000000
13 275 792000000
13 275 5000000
13 275 793980000
13 275 793980000
13 275 793980000
13 275 793980000
13 275 5000000
13 275 5000000
13 275 792000000
13 275 793980000
13 275 5000000
13 275 5000000
13 275 5000000
13 275 5000000
13 275 5000000
13 275 793980000
13 275 5000000
13 275 792000000
13 275 5000000
13 275 5000000
13 275 5000000
13 275 5000000
13 275 793980000
13 275 5000000
13 275 5000000
13 275 5000000
13 275 5000000
13 275 793980000
13 275 5000000
13 275 792000000
13 275 5000000
13 275 5000000
13 275 792000000
13 275 5000000
13 275 5000000
13 275 5000000
13 275 5000000
13 275 5000000
13 275 793980000
13 275 5000000
13 275 5000000
13 275 5000000
13 275 5000000
13 275 5000000
13 275 5000000
13 275 5000000
13 275 5000000
13 275 5000000
13 275 5000000
13 275 792000000
13 275 792000000
13 275 793980000
13 275 5000000
13 275 5000000
13 275 5000000
13 275 5000000
13 275 793980000
13 275 5000000
13 275 5000000
13 275 5000000
13 275 5000000
13 275 5000000
13 275 5000000
13 275 5000000
13 275 5000000
13 275 793980000
13 275 5000000
13 275 5000000
13 275 793980000
13 275 793980000
13 275 5000000
13 275 5000000
13 275 5000000
13 275 793980000
13 275 5000000
13 275 5000000
13 275 5000000
13 275 792000000
13 275 5000000
13 275 5000000
13 275 793980000
13 275 5000000
13 275 793980000
13 275 5000000
13 275 5000000
13 275 792000000
13 275 793980000
13 275 792000000
13 275 5000000
13 275 792000000
13 275 5000000
13 275 793980000
13 275 5000000
13 275 793980000
13 275 5000000
13 275 5000000
13 275 5000000
13 275 5000000
13 275 5000000
13 275 5000000
13 275 5000000
13 275 5000000
13 275 792000000
13 275 5000000
13 275 5000000
13 275 5000000
13 275 5000000
13 275 5000000
13 275 5000000
13 275 5000000
13 275 5000000
13 275 5000000
13 275 792000000
13 275 5000000
13 275 5000000
13 275 5000000
13 275 5000000
13 275 792000000
13 275 5000000
13 275 5000000
13 275 5000000
13 275 5000000
13 275 5000000
13 275 5000000
13 275 792000000
13 275 792000000
13 275 793980000
13 275 5000000
13 275 5000000
13 275 5000000
13 275 5000000
13 275 793980000
13 275 5000000
13 275 5000000
13 275 5000000
13 275 5000000
13 275 792000000
13 275 5000000
13 275 792000000
13 275 5000000
13 275 793980000
13 275 792000000
13 275 792000000
13 275 793980000
13 275 5000000
13 275 5000000
13 275 5000000
13 275 5000000
13 275 792000000
13 275 792000000
13 275 5000000
13 275 5000000
13 275 5000000
13 275 792000000
13 275 792000000
13 275 5000000
13 275 792000000
13 275 5000000
13 275 792000000
13 275 5000000
13 275 792000000
13 275 792000000
13 275 793980000
13 275 5000000
13 275 792000000
13 275 5000000
13 275 5000000
13 275 5000000
13 275 5000000
13 275 793980000
13 275 5000000
13 275 5000000
13 275 792000000
13 275 5000000
13 275 5000000
13 275 792000000
13 275 5000000
13 275 793980000
13 275 5000000
13 275 5000000
13 275 792000000
13 275 792000000
13 275 5000000
13 275 5000000
13 275 5000000
13 275 5000000
13 275 5000000
13 275 5000000
13 275 793980000
13 275 5000000
13 275 5000000
13 275 5000000
13 275 5000000
13 275 5000000
13 275 5000000
13 275 793980000
13 275 5000000
13 275 5000000
13 275 5000000
13 275 5000000
13 275 5000000
13 275 5000000
13 275 5000000
13 275 792000000
13 275 5000000
13 275 793980000
13 275 5000000
13 275 5000000
13 275 793980000
13 275 5000000
13 275 792000000
13 275 5000000
13 275 793980000
13 275 5000000
13 275 793980000
13 275 5000000
13 275 5000000
13 275 5000000
13 275 5000000
13 275 5000000
13 275 5000000
13 275 5000000
13 275 5000000
13 275 5000000
13 275 5000000
13 275 792000000
13 275 5000000
13 275 5000000
13 275 5000000
13 275 793980000
13 275 792000000
13 275 792000000
13 275 5000000
13 275 793980000
13 275 793980000
13 275 792000000
13 275 792000000
13 275 793980000
13 275 5000000
13 275 5000000
13 275 5000000
13 275 5000000
13 275 5000000
13 275 5000000
13 275 5000000
13 275 5000000
13 275 792000000
13 275 5000000
13 275 5000000
13 275 5000000
13 275 5000000
13 275 5000000
13 275 5000000
13 275 5000000
13 275 793980000
13 275 5000000
13 275 5000000
13 275 5000000
13 275 792000000
13 275 792000000
13 275 792000000
13 275 5000000
13 275 5000000
13 275 792000000
13 275 5000000
13 275 793980000
13 275 5000000
13 275 793980000
13 275 5000000
13 275 5000000
13 275 5000000
13 275 5000000
13 275 5000000
13 275 5000000
13 275 5000000
13 275 5000000
13 275 5000000
13 275 5000000
13 275 5000000
13 275 5000000
13 275 5000000
13 275 793980000
13 275 793980000
13 275 5000000
13 275 5000000
13 275 5000000
13 275 793980000
13 275 792000000
13 275 5000000
13 275 5000000
13 275 5000000
13 275 5000000
13 275 5000000
13 275 5000000
13 275 5000000
13 275 792000000
13 275 793980000
13 275 793980000
13 275 5000000
13 275 5000000
13 275 5000000
13 275 5000000
13 275 792000000
13 275 5000000
13 275 5000000
13 275 793980000
13 275 5000000
13 275 5000000
13 275 792000000
13 275 5000000
13 275 5000000
13 275 792000000
13 275 5000000
13 275 5000000
13 275 5000000
13 275 5000000
13 275 5000000
13 275 792000000
13 275 5000000
13 275 5000000
13 275 793980000
13 275 5000000
13 275 5000000
13 275 5000000
13 275 792000000
13 275 792000000
13 275 5000000
13 275 5000000
13 275 5000000
13 275 5000000
13 275 5000000
13 275 5000000
13 275 792000000
13 275 5000000
13 275 792000000
13 275 5000000
13 275 5000000
13 275 5000000
13 275 5000000
13 275 5000000
13 275 5000000
13 275 5000000
13 275 5000000
13 275 793980000
13 275 5000000
13 275 793980000
13 275 5000000
13 275 792000000
13 275 5000000
13 275 5000000
13 275 5000000
13 275 5000000
13 275 5000000
13 275 793980000
13 275 5000000
13 275 5000000
13 275 5000000
13 275 5000000
13 275 792000000
13 275 5000000
13 275 793980000
13 275 5000000
13 275 5000000
13 275 792000000
13 275 5000000
13 275 792000000
13 275 5000000
13 275 792000000
13 275 5000000
13 275 5000000
13 275 5000000
13 275 792000000
13 275 5000000
13 275 5000000
13 275 792000000
13 275 5000000
13 275 5000000
13 275 5000000
13 275 5000000
13 275 792000000
13 275 5000000
13 275 5000000
13 275 5000000
13 275 5000000
13 275 5000000
13 275 5000000
13 275 792000000
13 275 5000000
13 275 793980000
13 275 5000000
13 275 5000000
13 275 5000000
13 275 5000000
13 275 5000000
13 275 5000000
13 275 5000000
13 275 793980000
13 275 793980000
13 275 5000000
13 275 5000000
13 275 5000000
13 275 5000000
13 275 5000000
13 275 5000000
13 275 793980000
13 275 5000000
13 275 5000000
13 275 5000000
13 275 5000000
13 275 793980000
13 275 5000000
13 275 5000000
13 275 793980000
13 275 793980000
13 275 792000000
13 275 5000000
13 275 5000000
13 275 5000000
13 275 793980000
13 275 5000000
13 275 792000000
13 275 5000000
13 275 793980000
13 275 5000000
13 275 5000000
13 275 792000000
13 275 793980000
13 275 5000000
13 275 5000000
13 275 792000000
13 275 792000000
13 275 5000000
13 275 792000000
13 275 5000000
13 275 793980000
13 275 5000000
13 275 792000000
13 275 5000000
13 275 793980000
13 275 5000000
13 275 5000000
13 275 5000000
13 275 5000000
13 275 793980000
13 275 5000000
13 275 5000000
13 275 793980000
13 275 5000000
13 275 792000000
13 275 792000000
13 275 792000000
13 275 5000000
13 275 5000000
13 275 5000000
13 275 5000000
13 275 5000000
13 275 5000000
13 275 5000000
13 275 792000000
13 275 793980000
13 275 5000000
13 275 793980000
13 275 5000000
13 275 793980000
13 275 5000000
13 275 5000000
13 275 5000000
13 275 793980000
13 275 5000000
13 275 5000000
13 275 5000000
13 275 792000000
13 275 5000000
13 275 5000000
13 275 5000000
13 275 792000000
13 275 5000000
13 275 5000000
13 275 793980000
13 275 792000000
13 275 793980000
13 275 5000000
13 275 5000000
13 275 5000000
13 275 792000000
13 275 793980000
13 275 5000000
13 275 792000000
13 275 5000000
13 275 5000000
13 275 5000000
13 275 792000000
13 275 792000000
13 275 793980000
13 275 5000000
13 275 5000000
13 275 5000000
13 275 5000000
13 275 5000000
13 275 5000000
13 275 5000000
13 275 792000000
13 275 5000000
13 275 5000000
13 275 5000000
13 275 5000000
13 275 792000000
13 275 5000000
13 275 5000000
13 275 5000000
13 275 792000000
13 275 5000000
13 275 5000000
13 275 5000000
13 275 5000000
13 275 792000000
13 275 793980000
13 275 793980000
13 275 5000000
13 275 5000000
13 275 5000000
13 275 792000000
13 275 5000000
13 275 793980000
13 275 5000000
13 275 5000000
13 275 5000000
13 275 5000000
13 275 5000000
13 275 5000000
13 275 793980000
13 275 5000000
13 275 793980000
13 275 5000000
13 275 5000000
13 275 5000000
13 275 792000000
13 275 5000000
13 275 5000000
13 275 793980000
13 275 793980000
13 275 5000000
13 275 5000000
13 275 793980000
13 275 792000000
13 275 5000000
13 275 5000000
13 275 5000000
13 275 792000000
13 275 792000000
13 275 793980000
13 275 5000000
13 275 792000000
13 275 5000000
13 275 5000000
13 275 5000000
13 275 5000000
13 275 5000000
13 275 792000000
13 275 5000000
13 275 792000000
13 275 793980000
13 275 5000000
13 275 5000000
13 275 792000000
13 275 5000000
13 275 793980000
13 275 793980000
13 275 792000000
13 275 793980000
13 275 792000000
13 275 5000000
13 275 5000000
13 275 792000000
13 275 5000000
13 275 793980000
13 275 5000000
13 275 5000000
13 275 5000000
13 275 5000000
13 275 792000000
13 275 5000000
13 275 5000000
13 275 5000000
13 275 793980000
13 275 5000000
13 275 5000000
13 275 5000000
13 275 792000000
13 275 5000000
13 275 5000000
13 275 792000000
13 275 5000000
13 275 793980000
13 275 5000000
13 275 5000000
13 275 5000000
13 275 792000000
13 275 5000000
13 275 5000000
13 275 793980000
13 275 5000000
13 275 793980000
13 275 793980000
13 275 792000000
13 275 5000000
13 275 5000000
13 275 793980000
13 275 792000000
13 275 5000000
13 275 792000000
13 275 5000000
13 275 5000000
13 275 792000000
13 275 5000000
13 275 5000000
13 275 793980000
13 275 5000000
13 275 5000000
13 275 5000000
13 275 5000000
13 275 5000000
13 275 5000000
13 275 5000000
13 275 5000000
13 275 5000000
13 275 793980000
13 275 5000000
13 275 5000000
13 275 5000000
13 275 793980000
13 275 5000000
13 275 793980000
13 275 793980000
13 275 5000000
13 275 5000000
13 275 5000000
13 275 5000000
13 275 5000000
13 275 792000000
13 275 5000000
13 275 5000000
13 275 5000000
13 275 5000000
13 275 5000000
13 275 5000000
13 275 792000000
13 275 792000000
13 275 793980000
13 275 5000000
13 275 5000000
13 275 5000000
13 275 792000000
13 275 793980000
13 275 5000000
13 275 5000000
13 275 5000000
13 275 793980000
13 275 5000000
13 275 5000000
13 275 5000000
13 275 5000000
13 275 5000000
13 275 5000000
13 275 792000000
13 275 793980000
13 275 793980000
13 275 792000000
13 275 5000000
13 275 5000000
13 275 5000000
13 275 5000000
13 275 5000000
13 275 5000000
13 275 5000000
13 275 5000000
13 275 792000000
13 275 792000000
13 275 792000000
13 275 793980000
13 275 792000000
13 275 5000000
13 275 5000000
13 275 5000000
13 275 5000000
13 275 5000000
13 275 5000000
13 275 792000000
13 275 5000000
13 275 792000000
13 275 5000000
13 275 5000000
13 275 5000000
13 275 5000000
13 275 793980000
13 275 792000000
13 275 793980000
13 275 5000000
13 275 5000000
13 275 5000000
13 275 5000000
13 275 793980000
13 275 792000000
13 275 5000000
13 275 5000000
13 275 793980000
13 275 5000000
13 275 5000000
13 275 793980000
13 275 792000000
13 275 5000000
13 275 5000000
13 275 5000000
13 275 793980000
13 275 5000000
13 275 5000000
13 275 5000000
13 275 5000000
13 275 5000000
13 275 5000000
13 275 5000000
13 275 793980000
13 275 792000000
13 275 792000000
13 275 5000000
13 275 792000000
13 275 5000000
13 275 5000000
13 275 5000000
13 275 792000000
13 275 5000000
13 275 5000000
13 275 5000000
13 275 792000000
13 275 5000000
13 275 5000000
13 275 793980000
13 275 793980000
13 275 5000000
13 275 793980000
13 275 793980000
13 275 792000000
13 275 5000000
13 275 5000000
13 275 5000000
13 275 5000000
13 275 5000000
13 275 5000000
13 275 5000000
13 275 5000000
13 275 5000000
13 275 5000000
13 275 793980000
13 275 792000000
13 275 792000000
13 275 5000000
13 275 5000000
13 275 792000000
13 275 5000000
13 275 5000000
13 275 5000000
13 275 5000000
13 275 5000000
13 275 792000000
13 275 5000000
13 275 5000000
13 275 5000000
13 275 5000000
13 275 5000000
13 275 5000000
13 275 5000000
13 275 792000000
13 275 793980000
13 275 792000000
13 275 5000000
13 275 5000000
13 275 793980000
13 275 5000000
13 275 5000000
13 275 5000000
13 275 5000000
13 275 5000000
13 275 5000000
13 275 792000000
13 275 792000000
13 275 5000000
13 275 792000000
13 275 792000000
13 275 5000000
13 275 792000000
13 275 5000000
13 275 793980000
13 275 793980000
13 275 792000000
13 275 5000000
13 275 5000000
13 275 5000000
13 275 5000000
13 275 792000000
13 275 5000000
13 275 5000000
13 275 5000000
13 275 5000000
13 275 792000000
13 275 5000000
13 275 5000000
13 275 5000000
13 275 5000000
13 275 793980000
13 275 5000000
13 275 792000000
13 275 5000000
13 275 792000000
13 275 5000000
13 275 5000000
13 275 5000000
13 275 5000000
13 275 5000000
13 275 5000000
13 275 5000000
13 275 5000000
13 275 792000000
13 275 5000000
13 275 792000000
13 275 5000000
13 275 5000000
13 275 5000000
13 275 5000000
13 275 5000000
13 275 5000000
13 275 792000000
13 275 5000000
13 275 5000000
13 275 5000000
13 275 5000000
13 275 5000000
13 275 5000000
13 275 5000000
13 275 793980000
13 275 5000000
13 275 5000000
13 275 5000000
13 275 5000000
13 275 5000000
13 275 792000000
13 275 5000000
13 275 5000000
13 275 793980000
13 275 5000000
13 275 5000000
13 275 5000000
13 275 793980000
13 275 5000000
13 275 5000000
13 275 792000000
13 275 5000000
13 275 793980000
13 275 5000000
13 275 792000000
13 275 5000000
13 275 5000000
13 275 792000000
13 275 5000000
13 275 5000000
13 275 5000000
13 275 5000000
13 275 792000000
13 275 5000000
13 275 5000000
13 275 5000000
13 275 5000000
13 275 5000000
13 275 5000000
13 275 792000000
13 275 5000000
13 275 5000000
13 275 5000000
13 275 793980000
13 275 5000000
13 275 5000000
13 275 5000000
13 275 793980000
13 275 5000000
13 275 5000000
13 275 793980000
13 275 5000000
13 275 5000000
13 275 5000000
13 275 5000000
13 275 5000000
13 275 793980000
13 275 5000000
13 275 793980000
13 275 793980000
13 275 793980000
13 275 5000000
13 275 793980000
13 275 5000000
13 275 793980000
13 275 792000000
13 275 5000000
13 275 5000000
13 275 5000000
13 275 792000000
13 275 5000000
13 275 5000000
13 275 5000000
13 275 5000000
13 275 5000000
13 275 5000000
13 275 792000000
13 275 5000000
13 275 793980000
13 275 793980000
13 275 5000000
13 275 5000000
13 275 793980000
13 275 5000000
13 275 5000000
13 275 5000000
13 275 792000000
13 275 793980000
13 275 793980000
13 275 5000000
13 275 5000000
13 275 5000000
13 275 5000000
13 275 5000000
13 275 5000000
13 275 792000000
13 275 5000000
13 275 5000000
13 275 5000000
13 275 793980000
13 275 5000000
13 275 792000000
13 275 793980000
13 275 5000000
13 275 793980000
13 275 792000000
13 275 5000000
13 275 5000000
13 275 792000000
13 275 792000000
13 275 5000000
13 275 5000000
13 275 5000000
13 275 5000000
13 275 5000000
13 275 5000000
13 275 5000000
13 275 792000000
13 275 792000000
13 275 792000000
13 275 5000000
13 275 792000000
13 275 5000000
13 275 5000000
13 275 792000000
13 275 5000000
13 275 793980000
13 275 792000000
13 275 5000000
13 275 5000000
13 275 5000000
13 275 5000000
13 275 5000000
13 275 792000000
13 275 5000000
13 275 5000000
13 275 5000000
13 275 792000000
13 275 792000000
13 275 5000000
13 275 792000000
13 275 793980000
13 275 5000000
13 275 5000000
13 275 793980000
13 275 5000000
13 275 5000000
13 275 793980000
13 275 793980000
13 275 5000000
13 275 5000000
13 275 5000000
13 275 5000000
13 275 792000000
13 275 5000000
13 275 5000000
13 275 793980000
13 275 792000000
13 275 5000000
13 275 793980000
13 275 5000000
13 275 792000000
13 275 5000000
13 275 5000000
13 275 5000000
13 275 5000000
13 275 792000000
13 275 793980000
13 275 793980000
13 275 5000000
13 275 5000000
13 275 5000000
13 275 5000000
13 275 793980000
13 275 5000000
13 275 5000000
13 275 793980000
13 275 792000000
13 275 5000000
13 275 793980000
13 275 792000000
13 275 792000000
13 275 5000000
13 275 5000000
13 275 793980000
13 275 792000000
13 275 792000000
13 275 5000000
13 275 792000000
13 275 792000000
13 275 5000000
13 275 5000000
13 275 5000000
13 275 5000000
13 275 5000000
13 275 5000000
13 275 793980000
13 275 5000000
13 275 5000000
13 275 5000000
13 275 5000000
13 275 5000000
13 275 792000000
13 275 793980000
13 275 792000000
13 275 5000000
13 275 5000000
13 275 793980000
13 275 5000000
13 275 792000000
13 275 5000000
13 275 5000000
13 275 5000000
13 275 793980000
13 275 792000000
13 275 5000000
13 275 5000000
13 275 793980000
13 275 5000000
13 275 5000000
13 275 5000000
13 275 792000000
13 275 5000000
13 275 5000000
13 275 792000000
13 275 5000000
13 275 5000000
13 275 792000000
13 275 5000000
13 275 792000000
13 275 5000000
13 275 5000000
13 275 5000000
13 275 5000000
13 275 5000000
13 275 5000000
13 275 793980000
13 275 5000000
13 275 5000000
13 275 793980000
13 275 5000000
13 275 793980000
13 275 5000000
13 275 5000000
13 275 5000000
13 275 5000000
13 275 5000000
13 275 792000000
13 275 793980000
13 275 5000000
13 275 793980000
13 275 5000000
13 275 5000000
13 275 793980000
13 275 5000000
13 275 793980000
13 275 5000000
13 275 5000000
13 275 5000000
13 275 5000000
13 275 5000000
13 275 5000000
13 275 5000000
13 275 5000000
13 275 5000000
13 275 792000000
13 275 792000000
13 275 5000000
13 275 5000000
13 275 793980000
13 275 5000000
13 275 5000000
13 275 793980000
13 275 793980000
13 275 5000000
13 275 5000000
13 275 5000000
13 275 793980000
13 275 792000000
13 275 5000000
13 275 5000000
13 275 5000000
13 275 5000000
13 275 5000000
13 275 5000000
13 275 5000000
13 275 5000000
13 275 5000000
13 275 5000000
13 275 5000000
13 275 5000000
13 275 792000000
13 275 793980000
13 275 5000000
13 275 5000000
13 275 793980000
13 275 5000000
13 275 5000000
13 275 5000000
13 275 793980000
13 275 5000000
13 275 5000000
13 275 5000000
13 275 793980000
13 275 5000000
13 275 5000000
13 275 5000000
13 275 5000000
13 275 5000000
13 275 792000000
13 275 793980000
13 275 5000000
13 275 793980000
13 275 5000000
13 275 792000000
13 275 5000000
13 275 5000000
13 275 793980000
13 275 793980000
13 275 5000000
13 275 5000000
13 275 792000000
13 275 792000000
13 275 5000000
13 275 5000000
13 275 5000000
13 275 5000000
13 275 5000000
13 275 792000000
13 275 5000000
13 275 5000000
13 275 792000000
13 275 793980000
13 275 5000000
13 275 5000000
13 275 5000000
13 275 5000000
13 275 5000000
13 275 792000000
13 275 5000000
13 275 5000000
13 275 792000000
13 275 5000000
13 275 5000000
13 275 5000000
13 275 5000000
13 275 793980000
13 275 5000000
13 275 792000000
13 275 793980000
13 275 793980000
13 275 5000000
13 275 793980000
13 275 5000000
13 275 793980000
13 275 5000000
13 275 5000000
13 275 793980000
13 275 5000000
13 275 5000000
13 275 5000000
13 275 5000000
13 275 792000000
13 275 792000000
13 275 5000000
13 275 5000000
13 275 5000000
13 275 5000000
13 275 5000000
13 275 5000000
13 275 5000000
13 275 5000000
13 275 5000000
13 275 5000000
13 275 5000000
13 275 793980000
13 275 5000000
13 275 792000000
13 275 5000000
13 275 5000000
13 275 793980000
13 275 5000000
13 275 792000000
13 275 5000000
13 275 793980000
13 275 5000000
13 275 5000000
13 275 5000000
13 275 5000000
13 275 5000000
13 275 793980000
13 275 5000000
13 275 5000000
13 275 5000000
13 275 793980000
13 275 5000000
13 275 792000000
13 275 5000000
13 275 5000000
13 275 792000000
13 275 5000000
13 275 5000000
13 275 793980000
13 275 5000000
13 275 5000000
13 275 5000000
13 275 5000000
13 275 5000000
13 275 5000000
13 275 5000000
13 275 5000000
13 275 793980000
13 275 793980000
13 275 793980000
13 275 5000000
13 275 5000000
13 275 793980000
13 275 5000000
13 275 793980000
13 275 5000000
13 275 792000000
13 275 5000000
13 275 5000000
13 275 793980000
13 275 793980000
13 275 793980000
13 275 793980000
13 275 792000000
13 275 5000000
13 275 5000000
13 275 5000000
13 275 5000000
13 275 5000000
13 275 5000000
13 275 5000000
13 275 792000000
13 275 5000000
13 275 5000000
13 275 793980000
13 275 792000000
13 275 5000000
13 275 5000000
13 275 793980000
13 275 5000000
13 275 5000000
13 275 792000000
13 275 793980000
13 275 5000000
13 275 5000000
13 275 5000000
13 275 5000000
13 275 5000000
13 275 793980000
13 275 792000000
13 275 792000000
13 275 792000000
13 275 5000000
13 275 5000000
13 275 5000000
13 275 5000000
13 275 792000000
13 275 5000000
13 275 793980000
13 275 5000000
13 275 793980000
13 275 5000000
13 275 5000000
13 275 5000000
13 275 5000000
13 275 5000000
13 275 5000000
13 275 5000000
13 275 5000000
13 275 5000000
13 275 5000000
13 275 792000000
13 275 5000000
13 275 5000000
13 275 792000000
13 275 5000000
13 275 5000000
13 275 5000000
13 275 793980000
13 275 5000000
13 275 5000000
13 275 5000000
13 275 5000000
13 275 5000000
13 275 792000000
13 275 5000000
13 275 5000000
13 275 5000000
13 275 792000000
13 275 792000000
13 275 5000000
13 275 793980000
13 275 5000000
13 275 792000000
13 275 5000000
13 275 5000000
13 275 792000000
13 275 5000000
13 275 793980000
13 275 5000000
13 275 792000000
13 275 5000000
13 275 793980000
13 275 5000000
13 275 5000000
13 275 5000000
13 275 5000000
13 275 5000000
13 275 5000000
13 275 5000000
13 275 793980000
13 275 792000000
13 275 792000000
13 275 5000000
13 275 792000000
13 275 5000000
13 275 792000000
13 275 5000000
13 275 5000000
13 275 5000000
13 275 5000000
13 275 5000000
13 275 5000000
13 275 792000000
13 275 5000000
13 275 5000000
13 275 5000000
13 275 5000000
13 275 793980000
13 275 792000000
13 275 5000000
13 275 5000000
13 275 793980000
13 275 5000000
13 275 5000000
13 275 5000000
13 275 792000000
13 275 793980000
13 275 5000000
13 275 5000000
13 275 5000000
13 275 5000000
13 275 792000000
13 275 5000000
13 275 792000000
13 275 5000000
13 275 5000000
13 275 793980000
13 275 5000000
13 275 5000000
13 275 793980000
13 275 5000000
13 275 5000000
13 275 792000000
13 275 793980000
13 275 5000000
13 275 5000000
13 275 5000000
13 275 793980000
13 275 5000000
13 275 5000000
13 275 5000000
13 275 5000000
13 275 793980000
13 275 5000000
13 275 5000000
13 275 5000000
13 275 5000000
13 275 5000000
13 275 5000000
13 275 5000000
13 275 792000000
13 275 793980000
13 275 793980000
13 275 5000000
13 275 792000000
13 275 793980000
13 275 793980000
13 275 792000000
13 275 792000000
13 275 793980000
13 275 5000000
13 275 5000000
13 275 792000000
13 275 792000000
13 275 5000000
13 275 5000000
13 275 792000000
13 275 5000000
13 275 792000000
13 275 792000000
13 275 5000000
13 275 5000000
13 275 5000000
13 275 5000000
13 275 792000000
13 275 792000000
13 275 5000000
13 275 5000000
13 275 5000000
13 275 5000000
13 275 5000000
13 275 5000000
13 275 5000000
13 275 5000000
13 275 793980000
13 275 5000000
13 275 5000000
13 275 5000000
13 275 5000000
13 275 793980000
13 275 5000000
13 275 792000000
13 275 5000000
13 275 5000000
13 275 5000000
13 275 5000000
13 275 5000000
13 275 5000000
13 275 793980000
13 275 793980000
13 275 5000000
13 275 792000000
13 275 5000000
13 275 5000000
13 275 5000000
13 275 792000000
13 275 5000000
13 275 5000000
13 275 5000000
13 275 5000000
13 275 793980000
13 275 5000000
13 275 792000000
13 275 5000000
13 275 793980000
13 275 793980000
13 275 5000000
13 275 792000000
13 275 5000000
13 275 793980000
13 275 5000000
13 275 5000000
13 275 793980000
13 275 792000000
13 275 792000000
13 275 5000000
13 275 792000000
13 275 5000000
13 275 5000000
13 275 5000000
13 275 5000000
13 275 5000000
13 275 5000000
13 275 5000000
13 275 5000000
13 275 793980000
13 275 5000000
13 275 793980000
13 275 5000000
13 275 5000000
13 275 5000000
13 275 5000000
13 275 5000000
13 275 5000000
13 275 5000000
13 275 5000000
13 275 5000000
13 275 5000000
13 275 5000000
13 275 5000000
13 275 5000000
13 275 793980000
13 275 5000000
13 275 793980000
13 275 5000000
13 275 792000000
13 275 792000000
13 275 793980000
13 275 793980000
13 275 5000000
13 275 793980000
13 275 5000000
13 275 5000000
13 275 5000000
13 275 5000000
13 275 793980000
13 275 5000000
13 275 5000000
13 275 5000000
13 275 793980000
13 275 5000000
13 275 5000000
13 275 5000000
13 275 793980000
13 275 793980000
13 275 5000000
13 275 792000000
13 275 5000000
13 275 5000000
13 275 5000000
13 275 792000000
13 275 5000000
13 275 5000000
13 275 5000000
13 275 5000000
13 275 5000000
13 275 5000000
13 275 793980000
13 275 5000000
13 275 5000000
13 275 5000000
13 275 793980000
13 275 5000000
13 275 792000000
13 275 5000000
13 275 5000000
13 275 792000000
13 275 5000000
13 275 793980000
13 275 792000000
13 275 5000000
13 275 5000000
13 275 793980000
13 275 792000000
13 275 792000000
13 275 5000000
13 275 792000000
13 275 5000000
13 275 5000000
13 275 793980000
13 275 5000000
13 275 793980000
13 275 5000000
13 275 792000000
13 275 5000000
13 275 793980000
13 275 792000000
13 275 5000000
13 275 792000000
13 275 5000000
13 275 793980000
13 275 5000000
13 275 792000000
13 275 793980000
13 275 793980000
13 275 5000000
13 275 5000000
13 275 5000000
13 275 5000000
13 275 5000000
13 275 5000000
13 275 5000000
13 275 5000000
13 275 5000000
13 275 5000000
13 275 792000000
13 275 5000000
13 275 5000000
13 275 5000000
13 275 792000000
13 275 793980000
13 275 793980000
13 275 792000000
13 275 793980000
13 275 5000000
13 275 793980000
13 275 5000000
13 275 5000000
13 275 5000000
13 275 5000000
13 275 5000000
13 275 5000000
13 275 5000000
13 275 5000000
13 275 5000000
13 275 793980000
13 275 792000000
13 275 792000000
13 275 793980000
13 275 5000000
13 275 5000000
13 275 793980000
13 275 5000000
13 275 5000000
13 275 5000000
13 275 793980000
13 275 792000000
13 275 792000000
13 275 5000000
13 275 5000000
13 275 5000000
13 275 5000000
13 275 5000000
13 275 5000000
13 275 5000000
13 275 5000000
13 275 5000000
13 275 5000000
13 275 5000000
13 275 5000000
13 275 792000000
13 275 5000000
13 275 5000000
13 275 5000000
13 275 793980000
13 275 5000000
13 275 5000000
13 275 5000000
13 275 5000000
13 275 5000000
13 275 5000000
13 275 5000000
13 275 5000000
13 275 5000000
13 275 792000000
13 275 5000000
13 275 793980000
13 275 5000000
13 275 792000000
13 275 792000000
13 275 5000000
13 275 5000000
13 275 5000000
13 275 5000000
13 275 5000000
13 275 5000000
13 275 5000000
13 275 5000000
13 275 5000000
13 275 5000000
13 275 5000000
13 275 5000000
13 275 5000000
13 275 5000000
13 275 5000000
13 275 5000000
13 275 5000000
13 275 792000000
13 275 793980000
13 275 5000000
13 275 5000000
13 275 792000000
13 275 5000000
13 275 5000000
13 275 5000000
13 275 5000000
13 275 5000000
13 275 5000000
13 275 5000000
13 275 792000000
13 275 5000000
13 275 5000000
13 275 5000000
13 275 5000000
13 275 792000000
13 275 792000000
13 275 792000000
13 275 5000000
13 275 5000000
13 275 793980000
13 275 792000000
13 275 793980000
13 275 5000000
13 275 793980000
13 275 792000000
13 275 5000000
13 275 792000000
13 275 793980000
13 275 793980000
13 275 5000000
13 275 793980000
13 275 5000000
13 275 5000000
13 275 793980000
13 275 792000000
13 275 793980000
13 275 793980000
13 275 5000000
13 275 5000000
13 275 5000000
13 275 793980000
13 275 792000000
13 275 792000000
13 275 5000000
13 275 5000000
13 275 5000000
13 275 5000000
13 275 5000000
13 275 792000000
13 275 5000000
13 275 792000000
13 275 5000000
13 275 5000000
13 275 793980000
13 275 5000000
13 275 793980000
13 275 5000000
13 275 5000000
13 275 5000000
13 275 5000000
13 275 793980000
13 275 5000000
13 275 5000000
13 275 5000000
13 275 792000000
13 275 5000000
13 275 5000000
13 275 5000000
13 275 5000000
13 275 5000000
13 275 5000000
13 275 792000000
13 275 5000000
13 275 792000000
13 275 793980000
13 275 793980000
13 275 792000000
13 275 5000000
13 275 5000000
13 275 5000000
13 275 5000000
13 275 5000000
13 275 793980000
13 275 793980000
13 275 5000000
13 275 793980000
13 275 792000000
13 275 792000000
13 275 5000000
13 275 5000000
13 275 5000000
13 275 5000000
13 275 793980000
13 275 5000000
13 275 792000000
13 275 5000000
13 275 5000000
13 275 5000000
13 275 792000000
13 275 5000000
13 275 5000000
13 275 5000000
13 275 5000000
13 275 5000000
13 275 793980000
13 275 5000000
13 275 5000000
13 275 5000000
13 275 792000000
13 275 5000000
13 275 5000000
13 275 792000000
13 275 792000000
13 275 793980000
13 275 793980000
13 275 793980000
13 275 792000000
13 275 5000000
13 275 5000000
13 275 792000000
13 275 5000000
13 275 792000000
13 275 5000000
13 275 5000000
13 275 5000000
13 275 793980000
13 275 792000000
13 275 792000000
13 275 792000000
13 275 5000000
13 275 5000000
13 275 5000000
13 275 5000000
13 275 5000000
13 275 792000000
13 275 5000000
13 275 793980000
13 275 5000000
13 275 5000000
13 275 793980000
13 275 793980000
13 275 5000000
13 275 5000000
13 275 5000000
13 275 5000000
13 275 793980000
13 275 5000000
13 275 792000000
13 275 5000000
13 275 5000000
13 275 5000000
13 275 792000000
13 275 5000000
13 275 792000000
13 275 5000000
13 275 792000000
13 275 5000000
13 275 5000000
13 275 5000000
13 275 5000000
13 275 5000000
13 275 793980000
13 275 5000000
13 275 5000000
13 275 5000000
13 275 793980000
13 275 792000000
13 275 792000000
13 275 5000000
13 275 5000000
13 275 5000000
13 275 5000000
13 275 5000000
13 275 5000000
13 275 5000000
13 275 793980000
13 275 5000000
13 275 5000000
13 275 5000000
13 275 5000000
13 275 792000000
13 275 5000000
13 275 5000000
13 275 792000000
13 275 5000000
13 275 5000000
13 275 5000000
13 275 5000000
13 275 5000000
13 275 5000000
13 275 793980000
13 275 793980000
13 275 5000000
13 275 793980000
13 275 5000000
13 275 793980000
13 275 793980000
13 275 5000000
13 275 5000000
13 275 793980000
13 275 5000000
13 275 5000000
13 275 793980000
13 275 792000000
13 275 793980000
13 275 5000000
13 275 5000000
13 275 5000000
13 275 5000000
13 275 5000000
13 275 793980000
13 275 793980000
13 275 792000000
13 275 5000000
13 275 792000000
13 275 5000000
13 275 793980000
13 275 793980000
13 275 5000000
13 275 792000000
13 275 5000000
13 275 5000000
13 275 5000000
13 275 793980000
13 275 5000000
13 275 792000000
13 275 5000000
13 275 793980000
13 275 5000000
13 275 5000000
13 275 5000000
13 275 5000000
13 275 5000000
13 275 792000000
13 275 5000000
13 275 792000000
13 275 5000000
13 275 5000000
13 275 5000000
13 275 5000000
13 275 5000000
13 275 5000000
13 275 5000000
13 275 5000000
13 275 792000000
13 275 5000000
13 275 5000000
13 275 5000000
13 275 5000000
13 275 5000000
13 275 5000000
13 275 5000000
13 275 5000000
13 275 5000000
13 275 793980000
13 275 793980000
13 275 793980000
13 275 5000000
13 275 793980000
13 275 792000000
13 275 5000000
13 275 5000000
13 275 792000000
13 275 5000000
13 275 5000000
13 275 5000000
13 275 792000000
13 275 5000000
13 275 793980000
13 275 5000000
13 275 792000000
13 275 5000000
13 275 792000000
13 275 5000000
13 275 5000000
13 275 5000000
13 275 5000000
13 275 793980000
13 275 5000000
13 275 5000000
13 275 792000000
13 275 792000000
13 275 792000000
13 275 792000000
13 275 792000000
13 275 5000000
13 275 792000000
13 275 5000000
13 275 792000000
13 275 5000000
13 275 5000000
13 275 793980000
13 275 5000000
13 275 5000000
13 275 5000000
13 275 5000000
13 275 5000000
13 275 5000000
13 275 793980000
13 275 5000000
13 275 792000000
13 275 5000000
13 275 793980000
13 275 5000000
13 275 5000000
13 275 5000000
13 275 792000000
13 275 5000000
13 275 5000000
13 275 5000000
13 275 5000000
13 275 5000000
13 275 5000000
13 275 5000000
13 275 5000000
13 275 792000000
13 275 792000000
13 275 5000000
13 275 5000000
13 275 792000000
13 275 5000000
13 275 5000000
13 275 792000000
13 275 5000000
13 275 5000000
13 275 792000000
13 275 792000000
13 275 793980000
13 275 5000000
13 275 5000000
13 275 5000000
13 275 5000000
13 275 5000000
13 275 5000000
13 275 5000000
13 275 5000000
13 275 5000000
13 275 5000000
13 275 5000000
13 275 5000000
13 275 5000000
13 275 5000000
13 275 793980000
13 275 5000000
13 275 792000000
13 275 5000000
13 275 5000000
13 275 792000000
13 275 793980000
13 275 793980000
13 275 5000000
13 275 792000000
13 275 5000000
13 275 5000000
13 275 5000000
13 275 5000000
13 275 5000000
13 275 5000000
13 275 5000000
13 275 5000000
13 275 5000000
13 275 5000000
13 275 5000000
13 275 5000000
13 275 5000000
13 275 793980000
13 275 792000000
13 275 793980000
13 275 793980000
13 275 5000000
13 275 5000000
13 275 5000000
13 275 793980000
13 275 5000000
13 275 5000000
13 275 5000000
13 275 793980000
13 275 792000000
13 275 793980000
13 275 5000000
13 275 5000000
13 275 5000000
13 275 792000000
13 275 5000000
13 275 792000000
13 275 5000000
13 275 793980000
13 275 5000000
13 275 5000000
13 275 5000000
13 275 5000000
13 275 5000000
13 275 5000000
13 275 5000000
13 275 5000000
13 275 5000000
13 275 793980000
13 275 792000000
13 275 5000000
13 275 793980000
13 275 793980000
13 275 5000000
13 275 793980000
13 275 5000000
13 275 792000000
13 275 5000000
13 275 5000000
13 275 5000000
13 275 5000000
13 275 792000000
13 275 792000000
13 275 5000000
13 275 5000000
13 275 5000000
13 275 792000000
13 275 5000000
13 275 5000000
13 275 5000000
13 275 5000000
13 275 793980000
13 275 792000000
13 275 5000000
13 275 5000000
13 275 5000000
13 275 792000000
13 275 793980000
13 275 5000000
13 275 793980000
13 275 5000000
13 275 5000000
13 275 793980000
13 275 793980000
13 275 5000000
13 275 5000000
13 275 5000000
13 275 5000000
13 275 793980000
13 275 793980000
13 275 5000000
13 275 793980000
13 275 792000000
13 275 5000000
13 275 5000000
13 275 5000000
13 275 5000000
13 275 5000000
13 275 792000000
13 275 5000000
13 275 793980000
13 275 792000000
13 275 5000000
13 275 5000000
13 275 5000000
13 275 793980000
13 275 5000000
13 275 5000000
13 275 5000000
13 275 5000000
13 275 5000000
13 275 5000000
13 275 5000000
13 275 5000000
13 275 793980000
13 275 5000000
13 275 792000000
13 275 792000000
13 275 5000000
13 275 792000000
13 275 5000000
13 275 793980000
13 275 5000000
13 275 793980000
13 275 792000000
13 275 792000000
13 275 5000000
13 275 792000000
13 275 5000000
13 275 5000000
13 275 5000000
13 275 792000000
13 275 5000000
13 275 792000000
13 275 792000000
13 275 5000000
13 275 5000000
13 275 792000000
13 275 792000000
13 275 5000000
13 275 5000000
13 275 5000000
13 275 792000000
13 275 5000000
13 275 792000000
13 275 5000000
13 275 5000000
13 275 5000000
13 275 792000000
13 275 5000000
13 275 793980000
13 275 5000000
13 275 792000000
13 275 5000000
13 275 793980000
13 275 5000000
13 275 5000000
13 275 5000000
13 275 792000000
13 275 5000000
13 275 5000000
13 275 792000000
13 275 5000000
13 275 5000000
13 275 5000000
13 275 5000000
13 275 5000000
13 275 5000000
13 275 792000000
13 275 5000000
13 275 5000000
13 275 793980000
13 275 5000000
13 275 5000000
13 275 5000000
13 275 5000000
13 275 792000000
13 275 5000000
13 275 5000000
13 275 5000000
13 275 5000000
13 275 5000000
13 275 792000000
13 275 5000000
13 275 5000000
13 275 5000000
13 275 5000000
13 275 5000000
13 275 5000000
13 275 5000000
13 275 793980000
13 275 793980000
13 275 793980000
13 275 5000000
13 275 5000000
13 275 5000000
13 275 793980000
13 275 793980000
13 275 793980000
13 275 5000000
13 275 5000000
13 275 5000000
13 275 5000000
13 275 5000000
13 275 5000000
13 275 5000000
13 275 792000000
13 275 792000000
13 275 5000000
13 275 5000000
13 275 793980000
13 275 793980000
13 275 5000000
13 275 792000000
13 275 792000000
13 275 792000000
13 275 5000000
13 275 793980000
13 275 5000000
13 275 792000000
13 275 5000000
13 275 793980000
13 275 5000000
13 275 793980000
13 275 5000000
13 275 5000000
13 275 793980000
13 275 5000000
13 275 5000000
13 275 5000000
13 275 5000000
13 275 5000000
13 275 5000000
13 275 5000000
13 275 5000000
13 275 5000000
13 275 5000000
13 275 792000000
13 275 792000000
13 275 5000000
13 275 5000000
13 275 5000000
13 275 792000000
13 275 5000000
13 275 5000000
13 275 5000000
13 275 5000000
13 275 5000000
13 275 5000000
13 275 5000000
13 275 792000000
13 275 793980000
13 275 5000000
13 275 5000000
13 275 793980000
13 275 792000000
13 275 5000000
13 275 793980000
13 275 5000000
13 275 5000000
13 275 5000000
13 275 5000000
13 275 793980000
13 275 5000000
13 275 5000000
13 275 5000000
13 275 793980000
13 275 5000000
13 275 793980000
13 275 5000000
13 275 793980000
13 275 5000000
13 275 792000000
13 275 5000000
13 275 5000000
13 275 792000000
13 275 5000000
13 275 5000000
13 275 792000000
13 275 792000000
13 275 793980000
13 275 5000000
13 275 5000000
13 275 792000000
13 275 5000000
13 275 5000000
13 275 5000000
13 275 5000000
13 275 5000000
13 275 5000000
13 275 5000000
13 275 793980000
13 275 5000000
13 275 793980000
13 275 5000000
13 275 5000000
13 275 5000000
13 275 793980000
13 275 5000000
13 275 5000000
13 275 5000000
13 275 5000000
13 275 793980000
13 275 793980000
13 275 5000000
13 275 5000000
13 275 5000000
13 275 793980000
13 275 5000000
13 275 793980000
13 275 5000000
13 275 792000000
13 275 792000000
13 275 793980000
13 275 792000000
13 275 5000000
13 275 5000000
13 275 5000000
13 275 5000000
13 275 5000000
13 275 5000000
13 275 5000000
13 275 5000000
13 275 5000000
13 275 5000000
13 275 793980000
13 275 5000000
13 275 792000000
13 275 5000000
13 275 5000000
13 275 5000000
13 275 793980000
13 275 5000000
13 275 5000000
13 275 5000000
13 275 5000000
13 275 793980000
13 275 792000000
13 275 5000000
13 275 792000000
13 275 5000000
13 275 5000000
13 275 793980000
13 275 5000000
13 275 5000000
13 275 5000000
13 275 792000000
13 275 5000000
13 275 793980000
13 275 5000000
13 275 5000000
13 275 5000000
13 275 793980000
13 275 5000000
13 275 793980000
13 275 5000000
13 275 5000000
13 275 5000000
13 275 5000000
13 275 792000000
13 275 5000000
13 275 792000000
13 275 5000000
13 263 5000000
13 263 5000000
13 263 5000000
13 263 5000000
13 263 5000000
13 263 5000000
13 263 5000000
13 263 5000000
13 263 5000000
13 263 5000000
13 263 5000000
13 263 5000000
13 263 5000000
13 263 5000000
13 263 5000000
13 263 5000000
13 263 5000000
13 263 5000000
13 263 5000000
13 263 5000000
13 263 5000000
13 263 5000000
13 263 5000000
13 263 5000000
13 263 481140000
13 263 5000000
13 263 275220000
13 263 5000000
13 263 5000000
13 263 5000000
13 263 5000000
13 263 5000000
13 263 5000000
13 263 5000000
13 263 5000000
13 263 5000000
13 263 5000000
13 263 5000000
13 263 5000000
13 263 5000000
13 263 5000000
13 263 5000000
13 263 5000000
13 263 5000000
13 263 5000000
13 263 5000000
13 263 5000000
13 263 5000000
13 263 5000000
13 263 5000000
13 263 5000000
13 263 5000000
13 263 5000000
13 263 5000000
13 263 5000000
13 263 5000000
13 263 5000000
13 263 5000000
13 263 5000000
13 263 5000000
13 263 5000000
13 263 5000000
13 263 5000000
13 263 5000000
13 263 5000000
13 263 5000000
13 263 5000000
13 263 5000000
13 263 5000000
13 263 5000000
13 263 5000000
13 263 5000000
13 263 5000000
13 263 5000000
13 263 5000000
13 263 5000000
13 263 5000000
13 263 5000000
13 263 5000000
13 263 5000000
13 263 5000000
13 263 5000000
13 263 5000000
13 263 5000000
13 263 1209780000
13 263 5000000
13 263 5000000
13 263 5000000
13 263 5000000
13 263 5000000
13 263 5000000
13 263 5000000
13 263 5000000
13 263 5000000
13 263 5000000
13 263 5000000
13 263 5000000
13 263 5000000
13 263 5000000
13 263 5000000
13 263 5000000
13 263 5000000
13 263 5000000
13 263 5000000
13 263 5000000
13 263 5000000
13 263 5000000
13 263 5000000
13 263 5000000
13 263 5000000
13 263 5000000
13 263 5000000
13 263 5000000
13 263 5000000
13 263 5000000
13 263 5000000
13 263 5000000
13 263 5000000
13 263 5000000
13 263 5000000
13 263 5000000
13 263 5000000
13 263 5000000
13 263 5000000
13 263 5000000
13 263 5000000
13 263 5000000
13 263 5000000
13 263 5000000
13 263 5000000
13 263 5000000
13 263 5000000
13 263 5000000
13 263 5000000
13 263 5000000
13 263 5000000
13 263 5000000
13 263 5000000
13 263 5000000
13 263 5000000
13 263 5000000
13 263 5000000
13 263 5000000
13 263 5000000
13 263 5000000
13 263 5000000
13 263 5000000
13 263 5000000
13 263 5000000
13 263 5000000
13 263 5000000
13 263 5000000
13 263 5000000
13 263 5000000
13 263 5000000
13 263 5000000
13 263 5000000
13 263 5000000
13 263 5000000
13 263 5000000
13 263 766260000
13 263 5000000
13 263 5000000
13 263 5000000
13 263 5000000
13 263 5000000
13 263 5000000
13 263 5000000
13 263 5000000
13 263 5000000
13 263 5000000
13 263 5000000
13 263 5000000
13 263 5000000
13 263 5000000
13 263 5000000
13 263 5000000
13 263 5000000
13 263 5000000
13 263 5000000
13 263 5000000
13 263 5000000
13 263 5000000
13 263 5000000
13 263 5000000
13 263 5000000
13 263 5000000
13 263 5000000
13 263 5000000
13 263 5000000
13 263 5000000
13 263 5000000
13 263 5000000
13 263 5000000
13 263 5000000
13 263 5000000
13 263 5000000
13 263 5000000
13 263 5000000
13 263 5000000
13 263 5000000
13 263 663300000
13 263 5000000
13 263 5000000
13 263 5000000
13 263 5000000
13 263 5000000
13 263 5000000
13 263 5000000
13 263 5000000
13 263 5000000
13 263 5000000
13 263 5000000
13 263 5000000
13 263 5000000
13 263 5000000
13 263 5000000
13 263 5000000
13 263 5000000
13 263 5000000
13 263 5000000
13 263 5000000
13 263 5000000
13 263 5000000
13 263 5000000
13 263 5000000
13 263 5000000
13 263 5000000
13 263 5000000
13 263 5000000
13 263 5000000
13 263 5000000
13 263 5000000
13 263 5000000
13 263 5000000
13 263 5000000
13 263 5000000
13 263 5000000
13 263 5000000
13 263 5000000
13 263 5000000
13 263 5000000
13 263 5000000
13 263 5000000
13 263 5000000
13 263 5000000
13 263 5000000
13 263 5000000
13 263 5000000
13 263 5000000
13 263 5000000
13 263 5000000
13 263 5000000
13 263 340560000
13 263 5000000
13 263 5000000
13 263 5000000
13 263 5000000
13 263 5000000
13 263 5000000
13 263 5000000
13 263 5000000
13 263 5000000
13 263 5000000
13 263 5000000
13 263 5000000
13 263 5000000
13 263 5000000
13 263 5000000
13 263 5000000
13 263 5000000
13 263 5000000
13 263 5000000
13 263 5000000
13 263 5000000
13 263 5000000
13 263 5000000
13 263 5000000
13 263 5000000
13 263 5000000
13 263 5000000
13 263 5000000
13 263 5000000
13 263 5000000
13 263 5000000
13 263 5000000
13 263 5000000
13 263 5000000
13 263 5000000
13 263 485100000
13 263 5000000
13 263 5000000
13 263 5000000
13 263 5000000
13 263 5000000
13 263 5000000
13 263 5000000
13 263 5000000
13 263 5000000
13 263 5000000
13 263 5000000
13 263 5000000
13 263 5000000
13 263 5000000
13 263 5000000
13 263 5000000
13 263 5000000
13 263 5000000
13 263 302940000
13 263 5000000
13 263 5000000
13 263 5000000
13 263 5000000
13 263 5000000
13 263 5000000
13 263 1316700000
13 263 5000000
13 263 5000000
13 263 5000000
13 263 5000000
13 263 5000000
13 263 5000000
13 263 5000000
13 263 5000000
13 263 5000000
13 263 5000000
13 263 5000000
13 263 5000000
13 263 5000000
13 263 5000000
13 263 5000000
13 263 5000000
13 263 5000000
13 263 5000000
13 263 5000000
13 263 5000000
13 263 5000000
13 263 5000000
13 263 5000000
13 263 5000000
13 263 5000000
13 263 5000000
13 263 5000000
13 263 5000000
13 263 5000000
13 263 5000000
13 263 5000000
13 263 5000000
13 263 995940000
13 263 5000000
13 263 5000000
13 263 5000000
13 263 5000000
13 263 5000000
13 263 5000000
13 263 5000000
13 263 5000000
13 263 5000000
13 263 5000000
13 263 5000000
13 263 5000000
13 263 5000000
13 263 5000000
13 263 5000000
13 263 5000000
13 263 5000000
13 263 960300000
13 263 5000000
13 263 5000000
13 263 5000000
13 263 5000000
13 263 5000000
13 263 5000000
13 263 5000000
13 263 5000000
13 263 5000000
13 263 5000000
13 263 5000000
13 263 5000000
13 263 5000000
13 263 5000000
13 263 5000000
13 263 5000000
13 263 5000000
13 263 5000000
13 263 5000000
13 263 5000000
13 263 5000000
13 263 5000000
13 263 5000000
13 263 5000000
13 263 5000000
13 263 5000000
13 263 5000000
13 263 5000000
13 263 5000000
13 263 5000000
13 263 5000000
13 263 990000000
13 263 5000000
13 263 5000000
13 263 5000000
13 263 5000000
13 263 5000000
13 263 386100000
13 263 5000000
13 263 5000000
13 263 5000000
13 263 5000000
13 263 5000000
13 263 5000000
13 263 5000000
13 263 5000000
13 263 5000000
13 263 5000000
13 263 5000000
13 263 5000000
13 263 5000000
13 263 5000000
13 263 5000000
13 263 5000000
13 263 5000000
13 263 5000000
13 263 5000000
13 263 5000000
13 263 5000000
13 263 5000000
13 263 5000000
13 263 5000000
13 263 5000000
13 263 5000000
13 263 5000000
13 263 5000000
13 263 5000000
13 263 5000000
13 263 5000000
13 263 5000000
13 263 5000000
13 263 5000000
13 263 5000000
13 263 5000000
13 263 5000000
13 263 5000000
13 263 5000000
13 263 5000000
13 263 5000000
13 263 5000000
13 263 5000000
13 263 5000000
13 263 5000000
13 263 5000000
13 263 5000000
13 263 5000000
13 263 5000000
13 263 5000000
13 263 5000000
13 263 5000000
13 263 5000000
13 263 5000000
13 263 5000000
13 263 5000000
13 263 5000000
13 263 5000000
13 263 5000000
13 263 5000000
13 263 5000000
13 263 900900000
13 263 5000000
13 263 5000000
13 263 5000000
13 263 5000000
13 263 5000000
13 263 5000000
13 263 5000000
13 263 5000000
13 263 5000000
13 263 5000000
13 263 5000000
13 263 5000000
13 263 5000000
13 263 5000000
13 263 5000000
13 263 5000000
13 263 5000000
13 263 5000000
13 263 5000000
13 263 5000000
13 263 5000000
13 263 5000000
13 263 5000000
13 263 5000000
13 263 5000000
13 263 5000000
13 263 5000000
13 263 5000000
13 263 481140000
13 263 5000000
13 263 5000000
13 263 5000000
13 263 5000000
13 263 5000000
13 263 275220000
13 263 5000000
13 263 5000000
13 263 5000000
13 263 5000000
13 263 5000000
13 263 5000000
13 263 5000000
13 263 5000000
13 263 5000000
13 263 5000000
13 263 5000000
13 263 5000000
13 263 5000000
13 263 5000000
13 263 5000000
13 263 5000000
13 263 5000000
13 263 5000000
13 263 5000000
13 263 5000000
13 263 5000000
13 263 5000000
13 263 5000000
13 263 5000000
13 263 5000000
13 263 5000000
13 263 5000000
13 263 5000000
13 263 5000000
13 263 5000000
13 263 5000000
13 263 5000000
13 263 5000000
13 263 5000000
13 263 5000000
13 263 5000000
13 263 5000000
13 263 5000000
13 263 5000000
13 263 5000000
13 263 5000000
13 263 5000000
13 263 5000000
13 263 5000000
13 263 5000000
13 263 5000000
13 263 5000000
13 263 5000000
13 263 5000000
13 263 5000000
13 263 5000000
13 263 5000000
13 263 1209780000
13 263 5000000
13 263 5000000
13 263 5000000
13 263 5000000
13 263 5000000
13 263 5000000
13 263 5000000
13 263 5000000
13 263 5000000
13 263 5000000
13 263 5000000
13 263 5000000
13 263 5000000
13 263 5000000
13 263 5000000
13 263 5000000
13 263 5000000
13 263 5000000
13 263 5000000
13 263 5000000
13 263 5000000
13 263 5000000
13 263 5000000
13 263 5000000
13 263 5000000
13 263 5000000
13 263 5000000
13 263 5000000
13 263 5000000
13 263 5000000
13 263 5000000
13 263 5000000
13 263 5000000
13 263 5000000
13 263 5000000
13 263 5000000
13 263 5000000
13 263 5000000
13 263 5000000
13 263 5000000
13 263 5000000
13 263 5000000
13 263 5000000
13 263 5000000
13 263 5000000
13 263 5000000
13 263 5000000
13 263 5000000
13 263 5000000
13 263 5000000
13 263 5000000
13 263 5000000
13 263 5000000
13 263 5000000
13 263 5000000
13 263 5000000
13 263 5000000
13 263 5000000
13 263 5000000
13 263 5000000
13 263 5000000
13 263 5000000
13 263 5000000
13 263 5000000
13 263 5000000
13 263 5000000
13 263 5000000
13 263 5000000
13 263 5000000
13 263 5000000
13 263 5000000
13 263 5000000
13 263 766260000
13 263 5000000
13 263 5000000
13 263 5000000
13 263 5000000
13 263 5000000
13 263 5000000
13 263 5000000
13 263 5000000
13 263 5000000
13 263 5000000
13 263 5000000
13 263 5000000
13 263 5000000
13 263 5000000
13 263 5000000
13 263 5000000
13 263 5000000
13 263 5000000
13 263 5000000
13 263 5000000
13 263 5000000
13 263 5000000
13 263 5000000
13 263 5000000
13 263 5000000
13 263 5000000
13 263 5000000
13 263 663300000
13 263 5000000
13 263 5000000
13 263 5000000
13 263 5000000
13 263 5000000
13 263 5000000
13 263 5000000
13 263 5000000
13 263 5000000
13 263 5000000
13 263 5000000
13 263 5000000
13 263 5000000
13 263 5000000
13 263 5000000
13 263 5000000
13 263 5000000
13 263 5000000
13 263 5000000
13 263 5000000
13 263 5000000
13 263 5000000
13 263 5000000
13 263 5000000
13 263 5000000
13 263 5000000
13 263 5000000
13 263 5000000
13 263 5000000
13 263 5000000
13 263 5000000
13 263 5000000
13 263 5000000
13 263 5000000
13 263 5000000
13 263 5000000
13 263 5000000
13 263 5000000
13 263 5000000
13 263 5000000
13 263 5000000
13 263 5000000
13 263 5000000
13 263 5000000
13 263 5000000
13 263 5000000
13 263 5000000
13 263 5000000
13 263 5000000
13 263 5000000
13 263 5000000
13 263 5000000
13 263 5000000
13 263 5000000
13 263 5000000
13 263 5000000
13 263 5000000
13 263 5000000
13 263 5000000
13 263 5000000
13 263 5000000
13 263 5000000
13 263 5000000
13 263 5000000
13 263 5000000
13 263 5000000
13 263 5000000
13 263 5000000
13 263 5000000
13 263 5000000
13 263 5000000
13 263 5000000
13 263 5000000
13 263 5000000
13 263 5000000
13 263 5000000
13 263 5000000
13 263 5000000
13 263 5000000
13 263 5000000
13 263 5000000
13 263 5000000
13 263 5000000
13 263 5000000
13 263 5000000
13 263 5000000
13 263 5000000
13 263 5000000
13 263 5000000
13 263 5000000
13 263 5000000
13 263 5000000
13 263 5000000
13 263 5000000
13 263 5000000
13 263 5000000
13 263 5000000
13 263 5000000
13 263 5000000
13 263 5000000
13 263 960300000
13 263 5000000
13 263 5000000
13 263 5000000
13 263 1316700000
13 263 5000000
13 263 5000000
13 263 5000000
13 263 5000000
13 263 5000000
13 263 5000000
13 263 5000000
13 263 5000000
13 263 5000000
13 263 5000000
13 263 5000000
13 263 302940000
13 263 5000000
13 263 5000000
13 263 5000000
13 263 5000000
13 263 5000000
13 263 5000000
13 263 5000000
13 263 5000000
13 263 5000000
13 263 5000000
13 263 5000000
13 263 5000000
13 263 5000000
13 263 5000000
13 263 5000000
13 263 5000000
13 263 386100000
13 263 5000000
13 263 5000000
13 263 5000000
13 263 5000000
13 263 5000000
13 263 5000000
13 263 5000000
13 263 5000000
13 263 5000000
13 263 5000000
13 263 5000000
13 263 5000000
13 263 5000000
13 263 5000000
13 263 5000000
13 263 900900000
13 263 5000000
13 263 5000000
13 263 5000000
13 263 5000000
13 263 5000000
13 263 5000000
13 263 5000000
13 263 5000000
13 263 5000000
13 263 5000000
13 263 5000000
13 263 5000000
13 263 5000000
13 263 5000000
13 263 5000000
13 263 5000000
13 263 5000000
13 263 5000000
13 263 5000000
13 263 5000000
13 263 5000000
13 263 5000000
13 263 5000000
13 263 5000000
13 263 5000000
13 263 5000000
13 263 5000000
13 263 5000000
13 263 5000000
13 263 990000000
13 263 5000000
13 263 5000000
13 263 5000000
13 263 5000000
13 263 5000000
13 263 5000000
13 263 5000000
13 263 5000000
13 263 5000000
13 263 5000000
13 263 5000000
13 263 5000000
13 263 5000000
13 263 5000000
13 263 5000000
13 263 5000000
13 263 5000000
13 263 5000000
13 263 5000000
13 263 5000000
13 263 5000000
13 263 5000000
13 263 5000000
13 263 5000000
13 263 5000000
13 263 5000000
13 263 5000000
13 263 5000000
13 263 5000000
13 263 5000000
13 263 5000000
13 263 5000000
13 263 5000000
13 263 5000000
13 263 5000000
13 263 5000000
13 263 5000000
13 263 5000000
13 263 5000000
13 263 5000000
13 263 5000000
13 263 5000000
13 263 5000000
13 263 5000000
13 263 5000000
13 263 5000000
13 263 5000000
13 263 5000000
13 263 5000000
13 263 5000000
13 263 5000000
13 263 5000000
13 263 5000000
13 263 5000000
13 263 5000000
13 263 995940000
13 263 5000000
13 263 5000000
13 263 5000000
13 263 5000000
13 263 5000000
13 263 5000000
13 263 485100000
13 263 5000000
13 263 5000000
13 263 5000000
13 263 5000000
13 263 5000000
13 263 5000000
13 263 5000000
13 263 5000000
13 263 5000000
13 263 5000000
13 263 5000000
13 263 5000000
13 263 5000000
13 263 5000000
13 263 5000000
13 263 5000000
13 263 5000000
13 263 5000000
13 263 5000000
13 263 5000000
13 263 5000000
13 263 5000000
13 263 5000000
13 263 5000000
13 263 5000000
13 263 5000000
13 263 5000000
13 263 5000000
13 263 5000000
13 263 5000000
13 263 5000000
13 263 5000000
13 263 5000000
13 263 5000000
13 263 5000000
13 263 5000000
13 263 5000000
13 263 5000000
13 263 5000000
13 263 340560000
13 263 5000000
13 263 5000000
13 263 5000000
13 263 5000000
13 263 5000000
13 263 5000000
13 263 5000000
13 263 5000000
13 263 5000000
13 7 5000000
13 7 5000000
13 7 5000000
13 7 5000000
13 7 5000000
13 7 5000000
13 7 5000000
13 7 5000000
13 7 5000000
13 7 5000000
13 7 5000000
13 7 5000000
13 7 5000000
13 7 5000000
13 7 5000000
13 7 5000000
13 7 5000000
13 7 5000000
13 7 5000000
13 7 5000000
13 7 5000000
13 7 5000000
13 7 5000000
13 7 5000000
13 7 5000000
13 7 5000000
13 7 5000000
13 7 5000000
13 7 5000000
13 7 5000000
13 7 5000000
13 7 5000000
13 7 5000000
13 7 5000000
13 7 5000000
13 7 5000000
13 7 5000000
13 7 5000000
13 7 5000000
13 7 5000000
13 7 5000000
13 7 5000000
13 7 5000000
13 7 5000000
13 7 5000000
13 7 5000000
13 7 5000000
13 7 5000000
13 7 5000000
13 7 5000000
13 7 5000000
13 7 5000000
13 7 5000000
13 7 5000000
13 7 5000000
13 7 5000000
13 7 5000000
13 7 5000000
13 7 5000000
13 7 5000000
13 7 5000000
13 7 5000000
13 7 5000000
13 7 5000000
13 7 5000000
13 7 5000000
13 7 5000000
13 7 5000000
13 7 5000000
13 7 5000000
13 7 5000000
13 7 5000000
13 7 5000000
13 7 5000000
13 7 5000000
13 7 5000000
13 7 5000000
13 7 5000000
13 7 5000000
13 7 5000000
13 7 5000000
13 7 5000000
13 7 5000000
13 7 5000000
13 7 5000000
13 7 5000000
13 7 5000000
13 7 5000000
13 7 5000000
13 7 5000000
13 7 5000000
13 7 5000000
13 7 5000000
13 7 5000000
13 7 5000000
13 7 5000000
13 7 5000000
13 7 5000000
13 7 5000000
13 7 5000000
13 7 5000000
13 7 5000000
13 7 5000000
13 7 5000000
13 7 5000000
13 7 5000000
13 7 5000000
13 7 5000000
13 7 5000000
13 7 5000000
13 7 5000000
13 7 5000000
13 7 5000000
13 7 5000000
13 7 5000000
13 7 5000000
13 7 5000000
13 7 5000000
13 7 5000000
13 7 5000000
13 7 5000000
13 7 5000000
13 7 5000000
13 7 5000000
13 7 5000000
13 7 5000000
13 7 5000000
13 7 5000000
13 7 5000000
13 7 5000000
13 7 5000000
13 7 5000000
13 7 5000000
13 7 5000000
13 7 5000000
13 7 5000000
13 7 5000000
13 7 5000000
13 7 5000000
13 7 5000000
13 7 5000000
13 7 5000000
13 7 5000000
13 7 5000000
13 7 5000000
13 7 5000000
13 7 5000000
13 7 5000000
13 7 5000000
13 7 5000000
13 7 5000000
13 7 5000000
13 7 5000000
13 7 5000000
13 7 5000000
13 7 5000000
13 7 5000000
13 7 5000000
13 7 5000000
13 7 5000000
13 7 5000000
13 7 5000000
13 7 5000000
13 7 5000000
13 7 5000000
13 7 5000000
13 7 5000000
13 7 5000000
13 7 5000000
13 7 5000000
13 7 5000000
13 7 5000000
13 7 5000000
13 7 5000000
13 7 5000000
13 7 5000000
13 7 5000000
13 7 5000000
13 7 5000000
13 7 5000000
13 7 5000000
13 7 5000000
13 7 5000000
13 7 5000000
13 7 5000000
13 7 5000000
13 7 5000000
13 7 5000000
13 7 5000000
13 7 5000000
13 7 5000000
13 7 5000000
13 7 5000000
13 7 5000000
13 7 5000000
13 7 5000000
13 7 5000000
13 7 5000000
13 7 5000000
13 7 5000000
13 7 5000000
13 7 5000000
13 7 5000000
13 7 5000000
13 7 5000000
13 7 5000000
13 7 5000000
13 7 5000000
13 7 5000000
13 7 5000000
13 7 5000000
13 7 5000000
13 7 5000000
13 7 5000000
13 7 5000000
13 7 5000000
13 7 5000000
13 7 5000000
13 7 5000000
13 7 5000000
13 7 5000000
13 7 5000000
13 7 5000000
13 7 5000000
13 7 5000000
13 7 5000000
13 7 5000000
13 7 5000000
13 7 5000000
13 7 5000000
13 7 5000000
13 7 5000000
13 7 5000000
13 7 5000000
13 7 5000000
13 7 5000000
13 7 5000000
13 7 5000000
13 7 5000000
13 7 5000000
13 7 5000000
13 7 5000000
13 7 5000000
13 7 5000000
13 7 5000000
13 7 5000000
13 7 5000000
13 7 5000000
13 7 5000000
13 7 5000000
13 7 5000000
13 7 5000000
13 7 5000000
13 7 5000000
13 7 5000000
13 7 5000000
13 7 5000000
13 7 5000000
13 7 5000000
13 7 5000000
13 7 5000000
13 7 5000000
13 7 5000000
13 7 5000000
13 7 5000000
13 7 5000000
13 7 5000000
13 7 5000000
13 7 5000000
13 7 5000000
13 7 5000000
13 7 5000000
13 7 5000000
13 7 5000000
13 7 5000000
13 7 5000000
13 7 5000000
13 7 5000000
13 7 5000000
13 7 5000000
13 7 5000000
13 7 5000000
13 7 5000000
13 7 5000000
13 7 5000000
13 7 5000000
13 7 5000000
13 7 5000000
13 7 5000000
13 7 5000000
13 7 5000000
13 7 5000000
13 7 5000000
13 7 5000000
13 7 5000000
13 7 5000000
13 7 5000000
13 7 5000000
13 7 5000000
13 7 5000000
13 7 5000000
13 7 5000000
13 7 5000000
13 7 5000000
13 7 5000000
13 7 5000000
13 7 5000000
13 7 5000000
13 7 5000000
13 7 5000000
13 7 5000000
13 7 5000000
13 7 5000000
13 7 5000000
13 7 5000000
13 7 5000000
13 7 5000000
13 7 5000000
13 7 5000000
13 7 5000000
13 7 5000000
13 7 5000000
13 7 5000000
13 7 5000000
13 7 5000000
13 7 5000000
13 7 5000000
13 7 5000000
13 7 5000000
13 7 5000000
13 7 5000000
13 7 5000000
13 7 5000000
13 7 5000000
13 7 5000000
13 7 5000000
13 7 5000000
13 7 5000000
13 7 5000000
13 7 5000000
13 7 5000000
13 7 5000000
13 7 5000000
13 7 5000000
13 7 5000000
13 7 5000000
13 7 5000000
13 7 5000000
13 7 5000000
13 7 5000000
13 7 5000000
13 7 5000000
13 7 5000000
13 7 5000000
13 7 5000000
13 7 5000000
13 7 5000000
13 7 5000000
13 7 5000000
13 7 5000000
13 7 5000000
13 7 5000000
13 7 5000000
13 7 5000000
13 7 5000000
13 7 5000000
13 7 5000000
13 7 5000000
13 7 5000000
13 7 5000000
13 7 5000000
13 7 5000000
13 7 5000000
13 7 5000000
13 7 5000000
13 7 5000000
13 7 5000000
13 7 5000000
13 7 5000000
13 7 5000000
13 7 5000000
13 7 5000000
13 7 5000000
13 7 5000000
13 7 5000000
13 7 5000000
13 7 5000000
13 7 5000000
13 7 5000000
13 7 5000000
13 7 5000000
13 7 5000000
13 7 5000000
13 7 5000000
13 7 5000000
13 7 5000000
13 7 5000000
13 7 5000000
13 7 5000000
13 7 5000000
13 7 5000000
13 7 5000000
13 7 5000000
13 7 5000000
13 7 5000000
13 7 5000000
13 7 5000000
13 7 5000000
13 7 5000000
13 7 5000000
13 7 5000000
13 7 5000000
13 7 5000000
13 7 5000000
13 7 5000000
13 7 5000000
13 7 5000000
13 7 5000000
13 7 5000000
13 7 5000000
13 7 5000000
13 7 5000000
13 7 5000000
13 7 5000000
13 7 5000000
13 7 5000000
13 7 5000000
13 7 5000000
13 7 5000000
13 7 5000000
13 7 5000000
13 7 5000000
13 7 5000000
13 7 5000000
13 7 5000000
13 7 5000000
13 7 5000000
13 7 5000000
13 7 5000000
13 7 5000000
13 7 5000000
13 7 5000000
13 7 5000000
13 7 5000000
13 7 5000000
13 7 5000000
13 7 5000000
13 7 5000000
13 7 5000000
13 7 5000000
13 7 5000000
13 7 5000000
13 7 5000000
13 7 5000000
13 7 5000000
13 7 5000000
13 7 5000000
13 7 5000000
13 7 5000000
13 7 5000000
13 7 5000000
13 7 5000000
13 7 5000000
13 7 5000000
13 7 5000000
13 7 5000000
13 7 5000000
13 7 5000000
13 7 5000000
13 7 5000000
13 7 5000000
13 7 5000000
13 7 5000000
13 7 5000000
13 7 5000000
13 7 5000000
13 7 5000000
13 7 5000000
13 7 5000000
13 7 5000000
13 7 5000000
13 7 5000000
13 7 5000000
13 7 5000000
13 7 5000000
13 7 5000000
13 7 5000000
13 7 5000000
13 7 5000000
13 7 5000000
13 7 5000000
13 7 5000000
13 7 5000000
13 7 5000000
13 7 5000000
13 7 5000000
13 7 5000000
13 7 5000000
13 7 5000000
13 7 5000000
13 7 5000000
13 7 5000000
13 7 5000000
13 7 5000000
13 7 5000000
13 7 5000000
13 7 5000000
13 7 5000000
13 7 5000000
13 7 5000000
13 7 5000000
13 7 5000000
13 7 5000000
13 7 5000000
13 7 5000000
13 7 5000000
13 7 5000000
13 7 5000000
13 7 5000000
13 7 5000000
13 7 5000000
13 7 5000000
13 7 5000000
13 7 5000000
13 7 5000000
13 7 5000000
13 7 5000000
13 7 5000000
13 7 5000000
13 7 5000000
13 7 5000000
13 7 5000000
13 7 5000000
13 7 5000000
13 7 5000000
13 7 5000000
13 7 5000000
13 7 5000000
13 7 5000000
13 7 5000000
13 7 5000000
13 7 5000000
13 7 5000000
13 7 5000000
13 7 5000000
13 7 5000000
13 7 5000000
13 7 5000000
13 7 5000000
13 7 5000000
13 7 5000000
13 7 5000000
13 7 5000000
13 7 5000000
13 7 5000000
13 7 5000000
13 7 5000000
13 7 5000000
13 7 5000000
13 7 5000000
13 7 5000000
13 7 5000000
13 7 5000000
13 7 5000000
13 7 5000000
13 7 5000000
13 7 5000000
13 7 5000000
13 7 5000000
13 7 5000000
13 7 5000000
13 7 5000000
13 7 5000000
13 7 5000000
13 7 5000000
13 7 5000000
13 7 5000000
13 7 5000000
13 7 5000000
13 7 5000000
13 7 5000000
13 7 5000000
13 7 5000000
13 7 5000000
13 7 5000000
13 7 5000000
13 7 5000000
13 7 5000000
13 7 5000000
13 7 5000000
13 7 5000000
13 7 5000000
13 7 5000000
13 7 5000000
13 7 5000000
13 7 5000000
13 7 5000000
13 7 5000000
13 7 5000000
13 7 5000000
13 7 5000000
13 7 5000000
13 7 5000000
13 7 5000000
13 7 5000000
13 7 5000000
13 7 5000000
13 7 5000000
13 7 5000000
13 7 5000000
13 7 5000000
13 7 5000000
13 7 5000000
13 7 5000000
13 7 5000000
13 7 5000000
13 7 5000000
13 7 5000000
13 7 5000000
13 7 5000000
13 7 5000000
13 7 5000000
13 7 5000000
13 7 5000000
13 7 5000000
13 7 5000000
13 7 5000000
13 7 5000000
13 7 5000000
13 7 5000000
13 7 5000000
13 7 5000000
13 7 5000000
13 7 5000000
13 7 5000000
13 7 5000000
13 7 5000000
13 7 5000000
13 7 5000000
13 7 5000000
13 7 5000000
13 7 5000000
13 7 5000000
13 7 5000000
13 7 5000000
13 7 5000000
13 7 5000000
13 7 5000000
13 7 5000000
13 7 5000000
13 7 5000000
13 7 5000000
13 7 5000000
13 7 5000000
13 7 5000000
13 7 5000000
13 7 5000000
13 7 5000000
13 7 5000000
13 7 5000000
13 7 5000000
13 7 5000000
13 7 5000000
13 7 5000000
13 7 5000000
13 7 5000000
13 7 5000000
13 7 5000000
13 7 5000000
13 7 5000000
13 7 5000000
13 7 5000000
13 7 5000000
13 7 5000000
13 7 5000000
13 7 5000000
13 7 5000000
13 7 5000000
13 7 5000000
13 7 5000000
13 7 5000000
13 7 5000000
13 7 5000000
13 7 5000000
13 7 5000000
13 7 5000000
13 7 5000000
13 7 5000000
13 7 5000000
13 7 5000000
13 7 5000000
13 7 5000000
13 7 5000000
13 7 5000000
13 7 5000000
13 7 5000000
13 7 5000000
13 7 5000000
13 7 5000000
13 7 5000000
13 7 5000000
13 7 5000000
13 7 5000000
13 7 5000000
13 7 5000000
13 7 5000000
13 7 5000000
13 7 5000000
13 7 5000000
13 7 5000000
13 7 5000000
13 7 5000000
13 7 5000000
13 7 5000000
13 7 5000000
13 7 5000000
13 7 5000000
13 7 5000000
13 7 5000000
13 7 5000000
13 7 5000000
13 7 5000000
13 7 5000000
13 7 5000000
13 7 5000000
13 7 5000000
13 7 5000000
13 7 5000000
13 7 5000000
13 7 5000000
13 7 5000000
13 7 5000000
13 7 5000000
13 7 5000000
13 7 5000000
13 7 5000000
13 7 5000000
13 7 5000000
13 7 5000000
13 7 5000000
13 7 5000000
13 7 5000000
13 7 5000000
13 7 5000000
13 7 5000000
13 7 5000000
13 7 5000000
13 7 5000000
13 7 5000000
13 7 5000000
13 7 5000000
13 7 5000000
13 7 5000000
13 7 5000000
13 7 5000000
13 7 5000000
13 7 5000000
13 7 5000000
13 7 5000000
13 7 5000000
13 7 5000000
13 7 5000000
13 7 5000000
13 7 5000000
13 7 5000000
13 7 5000000
13 7 5000000
13 7 5000000
13 7 5000000
13 7 5000000
13 7 5000000
13 7 5000000
13 7 5000000
13 7 5000000
13 7 5000000
13 7 5000000
13 7 5000000
13 7 5000000
13 7 5000000
13 7 5000000
13 7 5000000
13 7 5000000
13 7 5000000
13 7 5000000
13 7 5000000
13 7 5000000
13 7 5000000
13 7 5000000
13 7 5000000
13 7 5000000
13 7 5000000
13 7 5000000
13 7 5000000
13 7 5000000
13 7 5000000
13 7 5000000
13 7 5000000
13 7 5000000
13 7 5000000
13 7 5000000
13 7 5000000
13 7 5000000
13 7 5000000
13 7 5000000
13 7 5000000
13 7 5000000
13 7 5000000
13 7 5000000
13 7 5000000
13 7 5000000
13 7 5000000
13 7 5000000
13 7 5000000
13 7 5000000
13 7 5000000
13 7 5000000
13 7 5000000
13 7 5000000
13 7 5000000
13 7 5000000
13 7 5000000
13 7 5000000
13 7 5000000
13 7 5000000
13 7 5000000
13 7 5000000
13 7 5000000
13 7 5000000
13 7 5000000
13 7 5000000
13 7 5000000
13 7 5000000
13 7 5000000
13 7 5000000
13 7 5000000
13 7 5000000
13 7 5000000
13 7 5000000
13 7 5000000
13 7 5000000
13 7 5000000
13 7 5000000
13 7 5000000
13 7 5000000
13 7 5000000
13 7 5000000
13 7 5000000
13 7 5000000
13 7 5000000
13 7 5000000
13 7 5000000
13 7 5000000
13 7 5000000
13 7 5000000
13 7 5000000
13 7 5000000
13 7 5000000
13 7 5000000
13 7 5000000
13 7 5000000
13 7 5000000
13 7 5000000
13 7 5000000
13 7 5000000
13 7 5000000
13 7 5000000
13 7 5000000
13 7 5000000
13 7 5000000
13 7 5000000
13 7 5000000
13 7 5000000
13 7 5000000
13 7 5000000
13 7 5000000
13 7 5000000
13 7 5000000
13 7 5000000
13 7 5000000
13 7 5000000
13 7 5000000
13 7 5000000
13 7 5000000
13 7 5000000
13 7 5000000
13 7 5000000
13 7 5000000
13 7 5000000
13 7 5000000
13 7 5000000
13 7 5000000
13 7 5000000
13 7 5000000
13 7 5000000
13 7 5000000
13 7 5000000
13 7 5000000
13 7 5000000
13 7 5000000
13 7 5000000
13 7 5000000
13 7 5000000
13 7 5000000
13 7 5000000
13 7 5000000
13 7 5000000
13 7 5000000
13 7 5000000
13 7 5000000
13 7 5000000
13 7 5000000
13 7 5000000
13 7 5000000
13 7 5000000
13 7 5000000
13 7 5000000
13 7 5000000
13 7 5000000
13 7 5000000
13 7 5000000
13 7 5000000
13 7 5000000
13 7 5000000
13 7 5000000
13 7 5000000
13 7 5000000
13 7 5000000
13 7 5000000
13 7 5000000
13 7 5000000
13 7 5000000
13 7 5000000
13 7 5000000
13 7 5000000
13 7 5000000
13 7 5000000
13 7 5000000
13 7 5000000
13 7 5000000
13 7 5000000
13 7 5000000
13 7 5000000
13 7 5000000
13 7 5000000
13 7 5000000
13 7 5000000
13 7 5000000
13 7 5000000
13 7 5000000
13 7 5000000
13 7 5000000
13 7 5000000
13 7 5000000
13 7 5000000
13 7 5000000
13 7 5000000
13 7 5000000
13 7 5000000
13 7 5000000
13 7 5000000
13 7 5000000
13 7 5000000
13 7 5000000
13 7 5000000
13 7 5000000
13 7 5000000
13 7 5000000
13 7 5000000
13 7 5000000
13 7 5000000
13 7 5000000
13 7 5000000
13 7 5000000
13 7 5000000
13 7 5000000
13 7 5000000
13 7 5000000
13 7 5000000
13 7 5000000
13 7 5000000
13 7 5000000
13 7 5000000
13 7 5000000
13 7 5000000
13 7 5000000
13 7 5000000
13 7 5000000
13 7 5000000
13 7 5000000
13 7 5000000
13 7 5000000
13 7 5000000
13 7 5000000
13 7 5000000
13 7 5000000
13 7 5000000
13 7 5000000
13 7 5000000
13 7 5000000
13 7 5000000
13 7 5000000
13 7 5000000
13 7 5000000
13 7 5000000
13 7 5000000
13 7 5000000
13 7 5000000
13 7 5000000
13 7 5000000
13 7 5000000
13 7 5000000
13 7 5000000
13 7 5000000
13 7 5000000
13 7 5000000
13 7 5000000
13 7 5000000
13 7 5000000
13 7 5000000
13 7 5000000
13 7 5000000
13 7 5000000
13 7 5000000
13 7 5000000
13 7 5000000
13 7 5000000
13 7 5000000
13 7 5000000
13 7 5000000
13 7 5000000
13 7 5000000
13 7 5000000
13 7 5000000
13 7 5000000
13 7 5000000
13 7 5000000
13 7 5000000
13 7 5000000
13 7 5000000
13 7 5000000
13 7 5000000
13 7 5000000
13 7 5000000
13 7 5000000
13 7 5000000
13 7 5000000
13 7 5000000
13 7 5000000
13 7 5000000
13 7 5000000
13 7 5000000
13 7 5000000
13 7 5000000
13 7 5000000
13 7 5000000
13 7 5000000
13 7 5000000
13 7 5000000
13 7 5000000
13 7 5000000
13 7 5000000
13 7 5000000
13 7 5000000
13 7 5000000
13 7 5000000
13 7 5000000
13 7 5000000
13 7 5000000
13 7 5000000
13 7 5000000
13 7 5000000
13 7 5000000
13 7 5000000
13 7 5000000
13 7 5000000
13 7 5000000
13 7 5000000
13 7 5000000
13 7 5000000
13 7 5000000
13 7 5000000
13 7 5000000
13 7 5000000
13 7 5000000
13 7 5000000
13 7 5000000
13 7 5000000
13 7 5000000
13 7 5000000
13 7 5000000
13 7 5000000
13 7 5000000
13 7 5000000
13 7 5000000
13 7 5000000
13 7 5000000
13 7 5000000
13 7 5000000
13 7 5000000
13 7 5000000
13 7 5000000
13 7 5000000
13 7 5000000
13 7 5000000
13 7 5000000
13 7 5000000
13 7 5000000
13 7 5000000
13 7 5000000
13 7 5000000
13 7 5000000
13 7 5000000
13 7 5000000
13 7 5000000
13 7 5000000
13 7 5000000
13 7 5000000
13 7 5000000
13 7 5000000
13 7 5000000
13 7 5000000
13 7 5000000
13 7 5000000
13 7 5000000
13 7 5000000
13 7 5000000
13 7 5000000
13 7 5000000
13 7 5000000
13 7 5000000
13 7 5000000
13 7 5000000
13 7 5000000
13 7 5000000
13 7 5000000
13 7 5000000
13 7 5000000
13 7 5000000
13 7 5000000
13 7 5000000
13 7 5000000
13 7 5000000
13 7 5000000
13 7 5000000
13 7 5000000
13 7 5000000
13 7 5000000
13 7 5000000
13 7 5000000
13 7 5000000
13 7 5000000
13 7 5000000
13 7 5000000
13 7 5000000
13 7 5000000
13 7 5000000
13 7 5000000
13 7 5000000
13 7 5000000
13 7 5000000
13 7 5000000
13 7 5000000
13 7 5000000
13 7 5000000
13 7 5000000
13 7 5000000
13 7 5000000
13 7 5000000
13 7 5000000
13 7 5000000
13 7 5000000
13 7 5000000
13 7 5000000
13 7 5000000
13 7 5000000
13 7 5000000
13 7 5000000
13 7 5000000
13 7 5000000
13 7 5000000
13 7 5000000
13 7 5000000
13 7 5000000
13 7 5000000
13 7 5000000
13 7 5000000
13 7 5000000
13 7 5000000
13 7 5000000
13 7 5000000
13 7 5000000
13 7 5000000
13 7 5000000
13 7 5000000
13 7 5000000
13 7 5000000
13 7 5000000
13 7 5000000
13 7 5000000
13 7 5000000
13 7 5000000
13 7 5000000
13 7 5000000
13 7 5000000
13 7 5000000
13 7 5000000
13 7 5000000
13 7 5000000
13 7 5000000
13 7 5000000
13 7 5000000
13 7 5000000
13 7 5000000
13 7 5000000
13 7 5000000
13 7 5000000
13 7 5000000
13 7 5000000
13 7 5000000
13 7 5000000
13 7 5000000
13 7 5000000
13 7 5000000
13 7 5000000
13 7 5000000
13 7 5000000
13 7 5000000
13 7 5000000
13 7 5000000
13 7 5000000
13 7 5000000
13 7 5000000
13 7 5000000
13 7 5000000
13 7 5000000
13 7 5000000
13 7 5000000
13 7 5000000
13 7 5000000
13 7 5000000
13 7 5000000
13 7 5000000
13 7 5000000
13 7 5000000
13 7 5000000
13 7 5000000
13 7 5000000
13 7 5000000
13 7 5000000
13 7 5000000
13 7 5000000
13 7 5000000
13 7 5000000
13 7 5000000
13 7 5000000
13 7 5000000
13 7 5000000
13 7 5000000
13 7 5000000
13 7 5000000
13 7 5000000
13 7 5000000
13 7 5000000
13 7 5000000
13 7 5000000
13 7 5000000
13 7 5000000
13 7 5000000
13 7 5000000
13 7 5000000
13 7 5000000
13 7 5000000
13 7 5000000
13 7 5000000
13 7 5000000
13 7 5000000
13 7 5000000
13 7 5000000
13 7 5000000
13 7 5000000
13 7 5000000
13 7 5000000
13 7 5000000
13 7 5000000
13 7 5000000
13 7 5000000
13 7 5000000
13 7 5000000
13 7 5000000
13 7 5000000
13 7 5000000
13 7 5000000
13 7 5000000
13 7 5000000
13 7 5000000
13 7 5000000
13 7 5000000
13 7 5000000
13 7 5000000
13 7 5000000
13 7 5000000
13 7 5000000
13 7 5000000
13 7 5000000
13 7 5000000
13 7 5000000
13 7 5000000
13 7 5000000
13 7 5000000
13 7 5000000
13 7 5000000
13 7 5000000
13 7 5000000
13 7 5000000
13 7 5000000
13 7 5000000
13 7 5000000
13 7 5000000
13 7 5000000
13 7 5000000
13 7 5000000
13 7 5000000
13 7 5000000
13 7 5000000
13 7 5000000
13 7 5000000
13 7 5000000
13 7 5000000
13 7 5000000
13 7 5000000
13 7 5000000
13 7 5000000
13 7 5000000
13 7 5000000
13 7 5000000
13 7 5000000
13 7 5000000
13 7 5000000
13 7 5000000
13 7 5000000
13 7 5000000
13 7 5000000
13 7 5000000
13 7 5000000
13 7 5000000
13 7 5000000
13 7 5000000
13 7 5000000
13 7 5000000
13 7 5000000
13 7 5000000
13 7 5000000
13 7 5000000
13 7 5000000
13 7 5000000
13 7 5000000
13 7 5000000
13 7 5000000
13 7 5000000
13 7 5000000
13 7 5000000
13 7 5000000
13 7 5000000
13 7 5000000
13 7 5000000
13 7 5000000
13 7 5000000
13 7 5000000
13 7 5000000
13 7 5000000
13 7 5000000
13 7 5000000
13 7 5000000
13 7 5000000
13 7 5000000
13 7 5000000
13 7 5000000
13 7 5000000
13 7 5000000
13 7 5000000
13 7 5000000
13 7 5000000
13 7 5000000
13 7 5000000
13 7 5000000
13 7 5000000
13 7 5000000
13 7 5000000
13 7 5000000
13 7 5000000
13 7 5000000
13 7 5000000
13 7 5000000
13 7 5000000
13 7 5000000
13 7 5000000
13 7 5000000
13 7 5000000
13 7 5000000
13 7 5000000
13 7 5000000
13 7 5000000
13 7 5000000
13 7 5000000
13 7 5000000
13 7 5000000
13 7 5000000
13 7 5000000
13 7 5000000
13 7 5000000
13 7 5000000
13 7 5000000
13 7 5000000
13 7 5000000
13 7 5000000
13 7 5000000
13 7 5000000
13 7 5000000
13 7 5000000
13 7 5000000
13 7 5000000
13 7 5000000
13 7 5000000
13 7 5000000
13 7 5000000
13 7 5000000
13 7 5000000
13 7 5000000
13 7 5000000
13 7 5000000
13 7 5000000
13 7 5000000
13 7 5000000
13 7 5000000
13 7 5000000
13 7 5000000
13 7 5000000
13 7 5000000
13 7 5000000
13 7 5000000
13 7 5000000
13 7 5000000
13 7 5000000
13 7 5000000
13 7 5000000
13 7 5000000
13 7 5000000
13 7 5000000
13 7 5000000
13 7 5000000
13 7 5000000
13 7 5000000
13 7 5000000
13 7 5000000
13 7 5000000
13 7 5000000
13 7 5000000
13 7 5000000
13 7 5000000
13 7 5000000
13 7 5000000
13 7 5000000
13 7 5000000
13 7 5000000
13 7 5000000
13 7 5000000
13 7 5000000
13 7 5000000
13 7 5000000
13 7 5000000
13 7 5000000
13 7 5000000
13 7 5000000
13 7 5000000
13 7 5000000
13 7 5000000
13 7 5000000
13 7 5000000
13 7 5000000
13 7 5000000
13 7 5000000
13 7 5000000
13 7 5000000
13 7 5000000
13 7 5000000
13 7 5000000
13 7 5000000
13 7 5000000
13 7 5000000
13 7 5000000
13 7 5000000
13 7 5000000
13 7 5000000
13 7 5000000
13 7 5000000
13 7 5000000
13 7 5000000
13 7 5000000
13 7 5000000
13 7 5000000
13 7 5000000
13 7 5000000
13 7 5000000
13 7 5000000
13 7 5000000
13 7 5000000
13 7 5000000
13 7 5000000
13 7 5000000
13 7 5000000
13 7 5000000
13 7 5000000
13 7 5000000
13 7 5000000
13 7 5000000
13 7 5000000
13 7 5000000
13 7 5000000
13 7 5000000
13 7 5000000
13 7 5000000
13 7 5000000
13 7 5000000
13 7 5000000
13 7 5000000
13 7 5000000
13 7 5000000
13 7 5000000
13 7 5000000
13 7 5000000
13 7 5000000
13 7 5000000
13 7 5000000
13 7 5000000
13 7 5000000
13 7 5000000
13 7 5000000
13 7 5000000
13 7 5000000
13 7 5000000
13 7 5000000
13 7 5000000
13 7 5000000
13 7 5000000
13 7 5000000
13 7 5000000
13 7 5000000
13 7 5000000
13 7 5000000
13 7 5000000
13 7 5000000
13 7 5000000
13 7 5000000
13 7 5000000
13 7 5000000
13 7 5000000
13 7 5000000
13 7 5000000
13 7 5000000
13 7 5000000
13 7 5000000
13 7 5000000
13 7 5000000
13 7 5000000
13 7 5000000
13 7 5000000
13 7 5000000
13 7 5000000
13 7 5000000
13 7 5000000
13 7 5000000
13 7 5000000
13 7 5000000
13 7 5000000
13 7 5000000
13 7 5000000
13 7 5000000
13 7 5000000
13 7 5000000
13 7 5000000
13 7 5000000
13 7 5000000
13 7 5000000
13 7 5000000
13 7 5000000
13 7 5000000
13 7 5000000
13 7 5000000
13 7 5000000
13 7 5000000
13 7 5000000
13 7 5000000
13 7 5000000
13 7 5000000
13 7 5000000
13 7 5000000
13 7 5000000
13 7 5000000
13 7 5000000
13 7 5000000
13 7 5000000
13 7 5000000
13 7 5000000
13 7 5000000
13 7 5000000
13 7 5000000
13 7 5000000
13 7 5000000
13 7 5000000
13 7 5000000
13 7 5000000
13 7 5000000
13 7 5000000
13 7 5000000
13 7 5000000
13 7 5000000
13 7 5000000
13 7 5000000
13 7 5000000
13 7 5000000
13 7 5000000
13 7 5000000
13 7 5000000
13 7 5000000
13 7 5000000
13 7 5000000
13 7 5000000
13 7 5000000
13 7 5000000
13 7 5000000
13 7 5000000
13 7 5000000
13 7 5000000
13 7 5000000
13 7 5000000
13 7 5000000
13 7 5000000
13 7 5000000
13 7 5000000
13 7 5000000
13 7 5000000
13 7 5000000
13 7 5000000
13 7 5000000
13 7 5000000
13 7 5000000
13 7 5000000
13 7 5000000
13 7 5000000
13 7 5000000
13 7 5000000
13 7 5000000
13 7 5000000
13 7 5000000
13 7 5000000
13 7 5000000
13 7 5000000
13 7 5000000
13 7 5000000
13 7 5000000
13 7 5000000
13 7 5000000
13 7 5000000
13 7 5000000
13 7 5000000
13 7 5000000
13 7 5000000
13 7 5000000
13 7 5000000
13 7 5000000
13 7 5000000
13 7 5000000
13 7 5000000
13 7 5000000
13 7 5000000
13 7 5000000
13 7 5000000
13 7 5000000
13 7 5000000
13 7 5000000
13 7 5000000
13 7 5000000
13 7 5000000
13 7 5000000
13 7 5000000
13 7 5000000
13 7 5000000
13 7 5000000
13 7 5000000
13 7 5000000
13 7 5000000
13 7 5000000
13 7 5000000
13 7 5000000
13 7 5000000
13 7 5000000
13 7 5000000
13 7 5000000
13 7 5000000
13 7 5000000
13 7 5000000
13 7 5000000
13 7 5000000
13 7 5000000
13 7 5000000
13 7 5000000
13 7 5000000
13 7 5000000
13 7 5000000
13 7 5000000
13 7 5000000
13 7 5000000
13 7 5000000
13 7 5000000
13 7 5000000
13 7 5000000
13 7 5000000
13 7 5000000
13 7 5000000
13 7 5000000
13 7 5000000
13 7 5000000
13 7 5000000
13 7 5000000
13 7 5000000
13 7 5000000
13 7 5000000
13 7 5000000
13 7 5000000
13 7 5000000
13 7 5000000
13 7 5000000
13 7 5000000
13 7 5000000
13 7 5000000
13 7 5000000
13 7 5000000
13 7 5000000
13 7 5000000
13 7 5000000
13 7 5000000
13 7 5000000
13 7 5000000
13 7 5000000
13 7 5000000
13 7 5000000
13 7 5000000
13 7 5000000
13 7 5000000
13 7 5000000
13 7 5000000
13 7 5000000
13 7 5000000
13 7 5000000
13 7 5000000
13 7 5000000
13 7 5000000
13 7 5000000
13 7 5000000
13 7 5000000
13 7 5000000
13 7 5000000
13 7 5000000
13 7 5000000
13 7 5000000
13 7 5000000
13 7 5000000
13 7 5000000
13 7 5000000
13 7 5000000
13 7 5000000
13 7 5000000
13 7 5000000
13 7 5000000
13 7 5000000
13 7 5000000
13 7 5000000
13 7 5000000
13 7 5000000
13 7 5000000
13 7 5000000
13 7 5000000
13 7 5000000
13 7 5000000
13 7 5000000
13 7 5000000
13 7 5000000
13 7 5000000
13 7 5000000
13 7 5000000
13 7 5000000
13 7 5000000
13 7 5000000
13 7 5000000
13 7 5000000
13 7 5000000
13 7 5000000
13 7 5000000
13 7 5000000
13 7 5000000
13 7 5000000
13 7 5000000
13 7 5000000
13 7 5000000
13 7 5000000
13 7 5000000
13 7 5000000
13 7 5000000
13 7 5000000
13 7 5000000
13 7 5000000
13 7 5000000
13 7 5000000
13 7 5000000
13 7 5000000
13 7 5000000
13 7 5000000
13 7 5000000
13 7 5000000
13 7 5000000
13 7 5000000
13 7 5000000
13 7 5000000
13 7 5000000
13 7 5000000
13 7 5000000
13 7 5000000
13 7 5000000
13 7 5000000
13 7 5000000
13 7 5000000
13 7 5000000
13 7 5000000
13 7 5000000
13 7 5000000
13 7 5000000
13 7 5000000
13 7 5000000
13 7 5000000
13 7 5000000
13 7 5000000
13 7 5000000
13 7 5000000
13 7 5000000
13 7 5000000
13 7 5000000
13 7 5000000
13 7 5000000
13 7 5000000
13 7 5000000
13 7 5000000
13 7 5000000
13 7 5000000
13 7 5000000
13 7 5000000
13 7 5000000
13 7 5000000
13 7 5000000
13 7 5000000
13 7 5000000
13 7 5000000
13 7 5000000
13 7 5000000
13 7 5000000
13 7 5000000
13 7 5000000
13 7 5000000
13 7 5000000
13 7 5000000
13 7 5000000
13 7 5000000
13 7 5000000
13 7 5000000
13 7 5000000
13 7 5000000
13 7 5000000
13 7 5000000
13 7 5000000
13 7 5000000
13 7 5000000
13 7 5000000
13 7 5000000
13 7 5000000
13 7 5000000
13 7 5000000
13 7 5000000
13 7 5000000
13 7 5000000
13 7 5000000
13 7 5000000
13 7 5000000
13 7 5000000
13 7 5000000
13 7 5000000
13 7 5000000
13 7 5000000
13 7 5000000
13 7 5000000
13 7 5000000
13 7 5000000
13 7 5000000
13 7 5000000
13 7 5000000
13 7 5000000
13 7 5000000
13 7 5000000
13 7 5000000
13 7 5000000
13 7 5000000
13 7 5000000
13 7 5000000
13 7 5000000
13 7 5000000
13 7 5000000
13 7 5000000
13 7 5000000
13 7 5000000
13 7 5000000
13 7 5000000
13 7 5000000
13 7 5000000
13 7 5000000
13 7 5000000
13 7 5000000
13 7 5000000
13 7 5000000
13 7 5000000
13 7 5000000
13 7 5000000
13 7 5000000
13 7 5000000
13 7 5000000
13 7 5000000
13 7 5000000
13 7 5000000
13 7 5000000
13 7 5000000
13 7 5000000
13 7 5000000
13 7 5000000
13 7 5000000
13 7 5000000
13 7 5000000
13 7 5000000
13 7 5000000
13 7 5000000
13 7 5000000
13 7 5000000
13 7 5000000
13 7 5000000
13 7 5000000
13 7 5000000
13 7 5000000
13 7 5000000
13 7 5000000
13 7 5000000
13 7 5000000
13 7 5000000
13 7 5000000
13 7 5000000
13 7 5000000
13 7 5000000
13 7 5000000
13 7 5000000
13 7 5000000
13 7 5000000
13 7 5000000
13 7 5000000
13 7 5000000
13 7 5000000
13 7 5000000
13 7 5000000
13 7 5000000
13 7 5000000
13 7 5000000
13 7 5000000
13 7 5000000
13 7 5000000
13 7 5000000
13 7 5000000
13 7 5000000
13 7 5000000
13 7 5000000
13 7 5000000
13 7 5000000
13 7 5000000
13 7 5000000
13 7 5000000
13 7 5000000
13 7 5000000
13 7 5000000
13 7 5000000
13 7 5000000
13 7 5000000
13 7 5000000
13 7 5000000
13 7 5000000
13 7 5000000
13 7 5000000
13 7 5000000
13 7 5000000
13 7 5000000
13 7 5000000
13 7 5000000
13 7 5000000
13 7 5000000
13 7 5000000
13 7 5000000
13 7 5000000
13 7 5000000
13 7 5000000
13 7 5000000
13 7 5000000
13 7 5000000
13 7 5000000
13 7 5000000
13 7 5000000
13 7 5000000
13 7 5000000
13 7 5000000
13 7 5000000
13 7 5000000
13 7 5000000
13 7 5000000
13 7 5000000
13 7 5000000
13 7 5000000
13 7 5000000
13 7 5000000
13 7 5000000
13 7 5000000
13 7 5000000
13 7 5000000
13 7 5000000
13 7 5000000
13 7 5000000
13 7 5000000
13 7 5000000
13 7 5000000
13 7 5000000
13 7 5000000
13 7 5000000
13 7 5000000
13 7 5000000
13 7 5000000
13 7 5000000
13 7 5000000
13 7 5000000
13 7 5000000
13 7 5000000
13 7 5000000
13 7 5000000
13 7 5000000
13 7 5000000
13 7 5000000
13 7 5000000
13 7 5000000
13 7 5000000
13 7 5000000
13 7 5000000
13 7 5000000
13 7 5000000
13 7 5000000
13 7 5000000
13 7 5000000
13 7 5000000
13 7 5000000
13 7 5000000
13 7 5000000
13 7 5000000
13 7 5000000
13 7 5000000
13 7 5000000
13 7 5000000
13 7 5000000
13 7 5000000
13 7 5000000
13 7 5000000
13 7 5000000
13 7 5000000
13 7 5000000
13 7 5000000
13 7 5000000
13 7 5000000
13 7 5000000
13 7 5000000
13 7 5000000
13 7 5000000
13 7 5000000
13 7 5000000
13 7 5000000
13 7 5000000
13 7 5000000
13 7 5000000
13 7 5000000
13 7 5000000
13 7 5000000
13 7 5000000
13 7 5000000
13 7 5000000
13 7 5000000
13 7 5000000
13 7 5000000
13 7 5000000
13 7 5000000
13 7 5000000
13 7 5000000
13 7 5000000
13 7 5000000
13 7 5000000
13 7 5000000
13 7 5000000
13 7 5000000
13 7 5000000
13 7 5000000
13 7 5000000
13 7 5000000
13 7 5000000
13 7 5000000
13 7 5000000
13 7 5000000
13 7 5000000
13 7 5000000
13 7 5000000
13 7 5000000
13 7 5000000
13 7 5000000
13 7 5000000
13 7 5000000
13 7 5000000
13 7 5000000
13 7 5000000
13 7 5000000
13 7 5000000
13 7 5000000
13 7 5000000
13 7 5000000
13 7 5000000
13 7 5000000
13 7 5000000
13 7 5000000
13 7 5000000
13 7 5000000
13 7 5000000
13 7 5000000
13 7 5000000
13 7 5000000
13 7 5000000
13 7 5000000
13 7 5000000
13 7 5000000
13 7 5000000
13 7 5000000
13 7 5000000
13 7 5000000
13 7 5000000
13 7 5000000
13 7 5000000
13 7 5000000
13 7 5000000
13 7 5000000
13 7 5000000
13 7 5000000
13 7 5000000
13 7 5000000
13 7 5000000
13 7 5000000
13 7 5000000
13 7 5000000
13 7 5000000
13 7 5000000
13 7 5000000
13 7 5000000
13 7 5000000
13 7 5000000
13 7 5000000
13 7 5000000
13 7 5000000
13 7 5000000
13 7 5000000
13 7 5000000
13 7 5000000
13 7 5000000
13 7 5000000
13 7 5000000
13 7 5000000
13 7 5000000
13 7 5000000
13 7 5000000
13 7 5000000
13 7 5000000
13 7 5000000
13 7 5000000
13 7 5000000
13 7 5000000
13 7 5000000
13 7 5000000
13 7 5000000
13 7 5000000
13 7 5000000
13 7 5000000
13 7 5000000
13 7 5000000
13 7 5000000
13 7 5000000
13 7 5000000
13 7 5000000
13 7 5000000
13 7 5000000
13 7 5000000
13 7 5000000
13 7 5000000
13 7 5000000
13 7 5000000
13 7 5000000
13 7 5000000
13 7 5000000
13 7 5000000
13 7 5000000
13 7 5000000
13 7 5000000
13 7 5000000
13 7 5000000
13 7 5000000
13 7 5000000
13 7 5000000
13 7 5000000
13 7 5000000
13 7 5000000
13 7 5000000
13 7 5000000
13 7 5000000
13 7 5000000
13 7 5000000
13 7 5000000
13 7 5000000
13 7 5000000
13 7 5000000
13 7 5000000
13 7 5000000
13 7 5000000
13 7 5000000
13 7 5000000
13 7 5000000
13 7 5000000
13 7 5000000
13 7 5000000
13 7 5000000
13 7 5000000
13 7 5000000
13 7 5000000
13 7 5000000
13 7 5000000
13 7 5000000
13 7 5000000
13 7 5000000
13 7 5000000
13 7 5000000
13 7 5000000
13 7 5000000
13 7 5000000
13 7 5000000
13 7 5000000
13 7 5000000
13 7 5000000
13 7 5000000
13 7 5000000
13 7 5000000
13 7 5000000
13 7 5000000
13 7 5000000
13 7 5000000
13 7 5000000
13 7 5000000
13 7 5000000
13 7 5000000
13 7 5000000
13 7 5000000
13 7 5000000
13 7 5000000
13 7 5000000
13 7 5000000
13 7 5000000
13 7 5000000
13 7 5000000
13 7 5000000
13 7 5000000
13 7 5000000
13 7 5000000
13 7 5000000
13 7 5000000
13 7 5000000
13 7 5000000
13 7 5000000
13 7 5000000
13 7 5000000
13 7 5000000
13 7 5000000
13 7 5000000
13 7 5000000
13 7 5000000
13 7 5000000
13 7 5000000
13 7 5000000
13 7 5000000
13 7 5000000
13 7 5000000
13 7 5000000
13 7 5000000
13 7 5000000
13 7 5000000
13 7 5000000
13 7 5000000
13 7 5000000
13 7 5000000
13 7 5000000
13 7 5000000
13 7 5000000
13 7 5000000
13 7 5000000
13 7 5000000
13 7 5000000
13 7 5000000
13 7 5000000
13 7 5000000
13 7 5000000
13 7 5000000
13 7 5000000
13 7 5000000
13 7 5000000
13 7 5000000
13 7 5000000
13 7 5000000
13 7 5000000
13 7 5000000
13 7 5000000
13 7 5000000
13 7 5000000
13 7 5000000
13 7 5000000
13 7 5000000
13 7 5000000
13 7 5000000
13 7 5000000
13 7 5000000
13 7 5000000
13 7 5000000
13 7 5000000
13 7 5000000
13 7 5000000
13 7 5000000
13 7 5000000
13 7 5000000
13 7 5000000
13 7 5000000
13 7 5000000
13 7 5000000
13 7 5000000
13 7 5000000
13 7 5000000
13 7 5000000
13 7 5000000
13 7 5000000
13 7 5000000
13 7 5000000
13 7 5000000
13 7 5000000
13 7 5000000
13 7 5000000
13 7 5000000
13 7 5000000
13 7 5000000
13 7 5000000
13 7 5000000
13 7 5000000
13 7 5000000
13 7 5000000
13 7 5000000
13 7 5000000
13 7 5000000
13 7 5000000
13 7 5000000
13 7 5000000
13 7 5000000
13 7 5000000
13 7 5000000
13 7 5000000
13 7 5000000
13 7 5000000
13 7 5000000
13 7 5000000
13 7 5000000
13 7 5000000
13 7 5000000
13 7 5000000
13 7 5000000
13 7 5000000
13 7 5000000
13 7 5000000
13 7 5000000
13 7 5000000
13 7 5000000
13 7 5000000
13 7 5000000
13 7 5000000
13 7 5000000
13 7 5000000
13 7 5000000
13 7 5000000
13 7 5000000
13 7 5000000
13 7 5000000
13 7 5000000
13 7 5000000
13 7 5000000
13 7 5000000
13 7 5000000
13 7 5000000
13 7 5000000
13 7 5000000
13 7 5000000
13 7 5000000
13 7 5000000
13 7 5000000
13 7 5000000
13 7 5000000
13 7 5000000
13 7 5000000
13 7 5000000
13 7 5000000
13 7 5000000
13 7 5000000
13 7 5000000
13 7 5000000
13 7 5000000
13 7 5000000
13 7 5000000
13 7 5000000
13 7 5000000
13 7 5000000
13 7 5000000
13 7 5000000
13 7 5000000
13 7 5000000
13 7 5000000
13 7 5000000
13 7 5000000
13 7 5000000
13 7 5000000
13 7 5000000
13 7 5000000
13 7 5000000
13 7 5000000
13 7 5000000
13 7 5000000
13 7 5000000
13 7 5000000
13 7 5000000
13 7 5000000
13 7 5000000
13 7 5000000
13 7 5000000
13 7 5000000
13 7 5000000
13 7 5000000
13 7 5000000
13 7 5000000
13 7 5000000
13 7 5000000
13 7 5000000
13 7 5000000
13 7 5000000
13 7 5000000
13 7 5000000
13 7 5000000
13 7 5000000
13 7 5000000
13 7 5000000
13 7 5000000
13 7 5000000
13 7 5000000
13 7 5000000
13 7 5000000
13 7 5000000
13 7 5000000
13 7 5000000
13 7 5000000
13 7 5000000
13 7 5000000
13 7 5000000
13 7 5000000
13 7 5000000
13 7 5000000
13 7 5000000
13 7 5000000
13 7 5000000
13 7 5000000
13 7 5000000
13 7 5000000
13 7 5000000
13 7 5000000
13 7 5000000
13 7 5000000
13 7 5000000
13 7 5000000
13 7 5000000
13 7 5000000
13 7 5000000
13 7 5000000
13 7 5000000
13 7 5000000
13 7 5000000
13 7 5000000
13 7 5000000
13 7 5000000
13 7 5000000
13 7 5000000
13 7 5000000
13 7 5000000
13 7 5000000
13 7 5000000
13 7 5000000
13 7 5000000
13 7 5000000
13 7 5000000
13 7 5000000
13 7 5000000
13 7 5000000
13 7 5000000
13 7 5000000
13 7 5000000
13 7 5000000
13 7 5000000
13 7 5000000
13 7 5000000
13 7 5000000
13 7 5000000
13 7 5000000
13 7 5000000
13 7 5000000
13 7 5000000
13 7 5000000
13 7 5000000
13 7 5000000
13 7 5000000
13 7 5000000
13 7 5000000
13 7 5000000
13 7 5000000
13 7 5000000
13 7 5000000
13 7 5000000
13 7 5000000
13 7 5000000
13 7 5000000
13 7 5000000
13 7 5000000
13 7 5000000
13 7 5000000
13 7 5000000
13 7 5000000
13 7 5000000
13 7 5000000
13 7 5000000
13 7 5000000
13 7 5000000
13 7 5000000
13 7 5000000
13 7 5000000
13 7 5000000
13 7 5000000
13 7 5000000
13 7 5000000
13 7 5000000
13 7 5000000
13 7 5000000
13 7 5000000
13 7 5000000
13 7 5000000
13 7 5000000
13 7 5000000
13 7 5000000
13 7 5000000
13 7 5000000
13 7 5000000
13 7 5000000
13 7 5000000
13 7 5000000
13 7 5000000
13 7 5000000
13 7 5000000
13 7 5000000
13 7 5000000
13 7 5000000
13 7 5000000
13 7 5000000
13 7 5000000
13 7 5000000
13 7 5000000
13 7 5000000
13 7 5000000
13 7 5000000
13 7 5000000
13 7 5000000
13 7 5000000
13 7 5000000
13 7 5000000
13 7 5000000
13 7 5000000
13 7 5000000
13 7 5000000
13 7 5000000
13 7 5000000
13 7 5000000
13 7 5000000
13 7 5000000
13 7 5000000
13 7 5000000
13 7 5000000
13 7 5000000
13 7 5000000
13 7 5000000
13 7 5000000
13 7 5000000
13 7 5000000
13 7 5000000
13 7 5000000
13 7 5000000
13 7 5000000
13 7 5000000
13 7 5000000
13 7 5000000
13 7 5000000
13 7 5000000
13 7 5000000
13 7 5000000
13 7 5000000
13 7 5000000
13 7 5000000
13 7 5000000
13 7 5000000
13 7 5000000
13 7 5000000
13 7 5000000
13 7 5000000
13 7 5000000
13 7 5000000
13 7 5000000
13 7 5000000
13 7 5000000
13 7 5000000
13 7 5000000
13 7 5000000
13 7 5000000
13 7 5000000
13 7 5000000
13 7 5000000
13 7 5000000
13 7 5000000
13 7 5000000
13 7 5000000
13 7 5000000
13 7 5000000
13 7 5000000
13 7 5000000
13 7 5000000
13 7 5000000
13 7 5000000
13 7 5000000
13 7 5000000
13 7 5000000
13 7 5000000
13 7 5000000
13 7 5000000
13 7 5000000
13 7 5000000
13 7 5000000
13 7 5000000
13 7 5000000
13 7 5000000
13 7 5000000
13 7 5000000
13 7 5000000
13 7 5000000
13 7 5000000
13 7 5000000
13 7 5000000
13 7 5000000
13 7 5000000
13 7 5000000
13 7 5000000
13 7 5000000
13 7 5000000
13 7 5000000
13 7 5000000
13 7 5000000
13 7 5000000
13 7 5000000
13 7 5000000
13 7 5000000
13 7 5000000
13 7 5000000
13 7 5000000
13 7 5000000
13 7 5000000
13 7 5000000
13 7 5000000
13 7 5000000
13 7 5000000
13 7 5000000
13 7 5000000
13 7 5000000
13 7 5000000
13 7 5000000
13 7 5000000
13 7 5000000
13 7 5000000
13 7 5000000
13 7 5000000
13 7 5000000
13 7 5000000
13 7 5000000
13 7 5000000
13 7 5000000
13 7 5000000
13 7 5000000
13 7 5000000
13 7 5000000
13 7 5000000
13 7 5000000
13 7 5000000
13 7 5000000
13 7 5000000
13 7 5000000
13 7 5000000
13 7 5000000
13 7 5000000
13 7 5000000
13 7 5000000
13 7 5000000
13 7 5000000
13 7 5000000
13 7 5000000
13 7 5000000
13 7 5000000
13 7 5000000
13 7 5000000
13 7 5000000
13 7 5000000
13 7 5000000
13 7 5000000
13 7 5000000
13 7 5000000
13 7 5000000
13 7 5000000
13 7 5000000
13 7 5000000
13 7 5000000
13 7 5000000
13 7 5000000
13 7 5000000
13 7 5000000
13 7 5000000
13 7 5000000
13 7 5000000
13 7 5000000
13 7 5000000
13 7 5000000
13 7 5000000
13 7 5000000
13 7 5000000
13 7 5000000
13 7 5000000
13 7 5000000
13 7 5000000
13 7 5000000
13 7 5000000
13 7 5000000
13 7 5000000
13 7 5000000
13 7 5000000
13 7 5000000
13 7 5000000
13 7 5000000
13 7 5000000
13 7 5000000
13 7 5000000
13 7 5000000
13 7 5000000
13 7 5000000
13 7 5000000
13 7 5000000
13 7 5000000
13 7 5000000
13 7 5000000
13 7 5000000
13 7 5000000
13 7 5000000
13 7 5000000
13 7 5000000
13 7 5000000
13 7 5000000
13 7 5000000
13 7 5000000
13 7 5000000
13 7 5000000
13 7 5000000
13 7 5000000
13 7 5000000
13 7 5000000
13 7 5000000
13 7 5000000
13 7 5000000
13 7 5000000
13 7 5000000
13 7 5000000
13 7 5000000
13 7 5000000
13 7 5000000
13 7 5000000
13 7 5000000
13 7 5000000
13 7 5000000
13 7 5000000
13 7 5000000
13 7 5000000
13 7 5000000
13 7 5000000
13 7 5000000
13 7 5000000
13 7 5000000
13 7 5000000
13 7 5000000
13 7 5000000
13 7 5000000
13 7 5000000
13 7 5000000
13 7 5000000
13 7 5000000
13 7 5000000
13 7 5000000
13 7 5000000
13 7 5000000
13 7 5000000
13 7 5000000
13 7 5000000
13 7 5000000
13 7 5000000
13 7 5000000
13 7 5000000
13 7 5000000
13 7 5000000
13 7 5000000
13 7 5000000
13 7 5000000
13 7 5000000
13 7 5000000
13 7 5000000
13 7 5000000
13 7 5000000
13 7 5000000
13 7 5000000
13 7 5000000
13 7 5000000
13 7 5000000
13 7 5000000
13 7 5000000
13 7 5000000
13 7 5000000
13 7 5000000
13 7 5000000
13 7 5000000
13 7 5000000
13 7 5000000
13 7 5000000
13 7 5000000
13 7 5000000
13 7 5000000
13 7 5000000
13 7 5000000
13 7 5000000
13 7 5000000
13 7 5000000
13 7 5000000
13 7 5000000
13 7 5000000
13 7 5000000
13 7 5000000
13 7 5000000
13 7 5000000
13 7 5000000
13 7 5000000
13 7 5000000
13 7 5000000
13 7 5000000
13 7 5000000
13 7 5000000
13 7 5000000
13 7 5000000
13 7 5000000
13 7 5000000
13 7 5000000
13 7 5000000
13 7 5000000
13 7 5000000
13 7 5000000
13 7 5000000
13 7 5000000
13 7 5000000
13 7 5000000
13 7 5000000
13 7 5000000
13 7 5000000
13 7 5000000
13 7 5000000
13 7 5000000
13 7 5000000
13 7 5000000
13 7 5000000
13 7 5000000
13 7 5000000
13 7 5000000
13 7 5000000
13 7 5000000
13 7 5000000
13 7 5000000
13 7 5000000
13 7 5000000
13 7 5000000
13 7 5000000
13 7 5000000
13 7 5000000
13 7 5000000
13 7 5000000
13 7 5000000
13 7 5000000
13 7 5000000
13 7 5000000
13 7 5000000
13 7 5000000
13 7 5000000
13 7 5000000
13 7 5000000
13 7 5000000
13 7 5000000
13 7 5000000
13 7 5000000
13 7 5000000
13 7 5000000
13 7 5000000
13 7 5000000
13 7 5000000
13 7 5000000
13 7 5000000
13 7 5000000
13 7 5000000
13 7 5000000
13 7 5000000
13 7 5000000
13 7 5000000
13 7 5000000
13 7 5000000
13 7 5000000
13 7 5000000
13 7 5000000
13 7 5000000
13 7 5000000
13 7 5000000
13 7 5000000
13 7 5000000
13 7 5000000
13 7 5000000
13 7 5000000
13 7 5000000
13 7 5000000
13 7 5000000
13 7 5000000
13 7 5000000
13 7 5000000
13 7 5000000
13 7 5000000
13 7 5000000
13 7 5000000
13 7 5000000
13 7 5000000
13 7 5000000
13 7 5000000
13 7 5000000
13 7 5000000
13 7 5000000
13 7 5000000
13 7 5000000
13 7 5000000
13 7 5000000
13 7 5000000
13 7 5000000
13 7 5000000
13 7 5000000
13 7 5000000
13 7 5000000
13 7 5000000
13 7 5000000
13 7 5000000
13 7 5000000
13 7 5000000
13 7 5000000
13 7 5000000
13 7 5000000
13 7 5000000
13 7 5000000
13 7 5000000
13 7 5000000
13 7 5000000
13 7 5000000
13 7 5000000
13 7 5000000
13 7 5000000
13 7 5000000
13 7 5000000
13 7 5000000
13 7 5000000
13 7 5000000
13 7 5000000
13 7 5000000
13 7 5000000
13 7 5000000
13 7 5000000
13 7 5000000
13 7 5000000
13 7 5000000
13 7 5000000
13 7 5000000
13 7 5000000
13 7 5000000
13 7 5000000
13 7 5000000
13 7 5000000
13 7 5000000
13 7 5000000
13 7 5000000
13 7 5000000
13 7 5000000
13 7 5000000
13 7 5000000
13 7 5000000
13 7 5000000
13 7 5000000
13 7 5000000
13 7 5000000
13 7 5000000
13 7 5000000
13 7 5000000
13 7 5000000
13 7 5000000
13 7 5000000
13 7 5000000
13 7 5000000
13 7 5000000
13 7 5000000
13 7 5000000
13 7 5000000
13 7 5000000
13 7 5000000
13 7 5000000
13 7 5000000
13 7 5000000
13 7 5000000
13 7 5000000
13 7 5000000
13 7 5000000
13 7 5000000
13 7 5000000
13 7 5000000
13 7 5000000
13 7 5000000
13 7 5000000
13 7 5000000
13 7 5000000
13 7 5000000
13 7 5000000
13 7 5000000
13 7 5000000
13 7 5000000
13 7 5000000
13 7 5000000
13 7 5000000
13 7 5000000
13 7 5000000
13 7 5000000
13 7 5000000
13 7 5000000
13 7 5000000
13 7 5000000
13 7 5000000
13 7 5000000
13 7 5000000
13 7 5000000
13 7 5000000
13 7 5000000
13 7 5000000
13 7 5000000
13 7 5000000
13 7 5000000
13 7 5000000
13 7 5000000
13 7 5000000
13 7 5000000
13 7 5000000
13 7 5000000
13 7 5000000
13 7 5000000
13 7 5000000
13 7 5000000
13 7 5000000
13 7 5000000
13 7 5000000
13 7 5000000
13 7 5000000
13 7 5000000
13 7 5000000
13 7 5000000
13 7 5000000
13 7 5000000
13 7 5000000
13 7 5000000
13 7 5000000
13 7 5000000
13 7 5000000
13 7 5000000
13 7 5000000
13 7 5000000
13 7 5000000
13 7 5000000
13 7 5000000
13 7 5000000
13 7 5000000
13 7 5000000
13 7 5000000
13 7 5000000
13 7 5000000
13 7 5000000
13 7 5000000
13 7 5000000
13 7 5000000
13 7 5000000
13 7 5000000
13 7 5000000
13 7 5000000
13 7 5000000
13 7 5000000
13 7 5000000
13 7 5000000
13 7 5000000
13 7 5000000
13 7 5000000
13 7 5000000
13 7 5000000
13 7 5000000
13 7 5000000
13 7 5000000
13 7 5000000
13 7 5000000
13 7 5000000
13 7 5000000
13 7 5000000
13 7 5000000
13 7 5000000
13 7 5000000
13 7 5000000
13 7 5000000
13 7 5000000
13 7 5000000
13 7 5000000
13 7 5000000
13 7 5000000
13 7 5000000
13 7 5000000
13 7 5000000
13 7 5000000
13 7 5000000
13 7 5000000
13 7 5000000
13 7 5000000
13 7 5000000
13 7 5000000
13 7 5000000
13 7 5000000
13 7 5000000
13 7 5000000
13 7 5000000
13 7 5000000
13 7 5000000
13 7 5000000
13 7 5000000
13 7 5000000
13 7 5000000
13 7 5000000
13 7 5000000
13 7 5000000
13 7 5000000
13 7 5000000
13 7 5000000
13 7 5000000
13 7 5000000
13 7 5000000
13 7 5000000
13 7 5000000
13 7 5000000
13 7 5000000
13 7 5000000
13 7 5000000
13 7 5000000
13 7 5000000
13 7 5000000
13 7 5000000
13 7 5000000
13 7 5000000
13 7 5000000
13 7 5000000
13 7 5000000
13 7 5000000
13 7 5000000
13 7 5000000
13 7 5000000
13 7 5000000
13 7 5000000
13 7 5000000
13 7 5000000
13 7 5000000
13 7 5000000
13 7 5000000
13 7 5000000
13 7 5000000
13 7 5000000
13 7 5000000
13 7 5000000
13 7 5000000
13 7 5000000
13 7 5000000
13 7 5000000
13 7 5000000
13 7 5000000
13 7 5000000
13 7 5000000
13 7 5000000
13 7 5000000
13 7 5000000
13 7 5000000
13 7 5000000
13 7 5000000
13 7 5000000
13 7 5000000
13 7 5000000
13 7 5000000
13 7 5000000
13 7 5000000
13 7 5000000
13 7 5000000
13 7 5000000
13 7 5000000
13 7 5000000
13 7 5000000
13 7 5000000
13 7 5000000
13 7 5000000
13 7 5000000
13 7 5000000
13 7 5000000
13 7 5000000
13 7 5000000
13 7 5000000
13 7 5000000
13 7 5000000
13 7 5000000
13 7 5000000
13 7 5000000
13 7 5000000
13 7 5000000
13 7 5000000
13 7 5000000
13 7 5000000
13 7 5000000
13 7 5000000
13 7 5000000
13 7 5000000
13 7 5000000
13 7 5000000
13 7 5000000
13 7 5000000
13 7 5000000
13 7 5000000
13 7 5000000
13 7 5000000
13 7 5000000
13 7 5000000
13 7 5000000
13 7 5000000
13 7 5000000
13 7 5000000
13 7 5000000
13 7 5000000
13 7 5000000
13 7 5000000
13 7 5000000
13 7 5000000
13 7 5000000
13 7 5000000
13 7 5000000
13 7 5000000
13 7 5000000
13 7 5000000
13 7 5000000
13 7 5000000
13 7 5000000
13 7 5000000
13 7 5000000
13 7 5000000
13 7 5000000
13 7 5000000
13 7 5000000
13 7 5000000
13 7 5000000
13 7 5000000
13 7 5000000
13 7 5000000
13 7 5000000
13 7 5000000
13 7 5000000
13 7 5000000
13 7 5000000
13 7 5000000
13 7 5000000
13 7 5000000
13 7 5000000
13 7 5000000
13 7 5000000
13 7 5000000
13 7 5000000
13 7 5000000
13 7 5000000
13 7 5000000
13 7 5000000
13 7 5000000
13 7 5000000
13 7 5000000
13 7 5000000
13 7 5000000
13 7 5000000
13 7 5000000
13 7 5000000
13 7 5000000
13 7 5000000
13 7 5000000
13 7 5000000
13 7 5000000
13 7 5000000
13 7 5000000
13 7 5000000
13 7 5000000
13 7 5000000
13 7 5000000
13 7 5000000
13 7 5000000
13 7 5000000
13 7 5000000
13 7 5000000
13 7 5000000
13 7 5000000
13 7 5000000
13 7 5000000
13 7 5000000
13 7 5000000
13 7 5000000
13 7 5000000
13 7 5000000
13 7 5000000
13 7 5000000
13 7 5000000
13 7 5000000
13 7 5000000
13 7 5000000
13 7 5000000
13 7 5000000
13 7 5000000
13 7 5000000
13 7 5000000
13 7 5000000
13 7 5000000
13 7 5000000
13 7 5000000
13 7 5000000
13 7 5000000
13 7 5000000
13 7 5000000
13 7 5000000
13 7 5000000
13 7 5000000
13 7 5000000
13 7 5000000
13 7 5000000
13 7 5000000
13 7 5000000
13 7 5000000
13 7 5000000
13 7 5000000
13 7 5000000
13 7 5000000
13 7 5000000
13 7 5000000
13 7 5000000
13 7 5000000
13 7 5000000
13 7 5000000
13 7 5000000
13 7 5000000
13 7 5000000
13 7 5000000
13 7 5000000
13 7 5000000
13 7 5000000
13 7 5000000
13 7 5000000
13 7 5000000
13 7 5000000
13 7 5000000
13 7 5000000
13 7 5000000
13 7 5000000
13 7 5000000
13 7 5000000
13 7 5000000
13 7 5000000
13 7 5000000
13 7 5000000
13 7 5000000
13 7 5000000
13 7 5000000
13 7 5000000
13 7 5000000
13 7 5000000
13 7 5000000
13 7 5000000
13 7 5000000
13 7 5000000
13 7 5000000
13 7 5000000
13 7 5000000
13 7 5000000
13 7 5000000
13 7 5000000
13 7 5000000
13 7 5000000
13 7 5000000
13 7 5000000
13 7 5000000
13 7 5000000
13 7 5000000
13 7 5000000
13 7 5000000
13 7 5000000
13 7 5000000
13 7 5000000
13 7 5000000
13 7 5000000
13 7 5000000
13 7 5000000
13 7 5000000
13 7 5000000
13 7 5000000
13 7 5000000
13 7 5000000
13 7 5000000
13 7 5000000
13 7 5000000
13 7 5000000
13 7 5000000
13 7 5000000
13 7 5000000
13 7 5000000
13 7 5000000
13 7 5000000
13 7 5000000
13 7 5000000
13 7 5000000
13 7 5000000
13 7 5000000
13 7 5000000
13 7 5000000
13 7 5000000
13 7 5000000
13 7 5000000
13 7 5000000
13 7 5000000
13 7 5000000
13 7 5000000
13 7 5000000
13 7 5000000
13 7 5000000
13 7 5000000
13 7 5000000
13 7 5000000
13 7 5000000
13 7 5000000
13 7 5000000
13 7 5000000
13 7 5000000
13 7 5000000
13 7 5000000
13 7 5000000
13 7 5000000
13 7 5000000
13 7 5000000
13 7 5000000
13 7 5000000
13 7 5000000
13 7 5000000
13 7 5000000
13 7 5000000
13 7 5000000
13 7 5000000
13 7 5000000
13 7 5000000
13 7 5000000
13 7 5000000
13 7 5000000
13 7 5000000
13 7 5000000
13 7 5000000
13 7 5000000
13 7 5000000
13 7 5000000
13 7 5000000
13 7 5000000
13 7 5000000
13 7 5000000
13 7 5000000
13 7 5000000
13 7 5000000
13 7 5000000
13 7 5000000
13 7 5000000
13 7 5000000
13 7 5000000
13 7 5000000
13 7 5000000
13 7 5000000
13 7 5000000
13 7 5000000
13 7 5000000
13 7 5000000
13 7 5000000
13 7 5000000
13 7 5000000
13 7 5000000
13 7 5000000
13 7 5000000
13 7 5000000
13 7 5000000
13 7 5000000
13 7 5000000
13 7 5000000
13 7 5000000
13 7 5000000
13 7 5000000
13 7 5000000
13 7 5000000
13 7 5000000
13 7 5000000
13 7 5000000
13 7 5000000
13 7 5000000
13 7 5000000
13 7 5000000
13 7 5000000
13 7 5000000
13 7 5000000
13 7 5000000
13 7 5000000
13 7 5000000
13 7 5000000
13 7 5000000
13 7 5000000
13 7 5000000
13 7 5000000
13 7 5000000
13 7 5000000
13 7 5000000
13 7 5000000
13 7 5000000
13 7 5000000
13 7 5000000
13 7 5000000
13 7 5000000
13 7 5000000
13 7 5000000
13 7 5000000
13 7 5000000
13 7 5000000
13 7 5000000
13 7 5000000
13 7 5000000
13 7 5000000
13 7 5000000
13 7 5000000
13 7 5000000
13 7 5000000
13 7 5000000
13 7 5000000
13 7 5000000
13 7 5000000
13 7 5000000
13 7 5000000
13 7 5000000
13 7 5000000
13 7 5000000
13 7 5000000
13 7 5000000
13 7 5000000
13 7 5000000
13 7 5000000
13 7 5000000
13 7 5000000
13 7 5000000
13 7 5000000
13 7 5000000
13 7 5000000
13 7 5000000
13 7 5000000
13 7 5000000
13 7 5000000
13 7 5000000
13 7 5000000
13 7 5000000
13 7 5000000
13 7 5000000
13 7 5000000
13 7 5000000
13 7 5000000
13 7 5000000
13 7 5000000
13 7 5000000
13 7 5000000
13 7 5000000
13 7 5000000
13 7 5000000
13 7 5000000
13 7 5000000
13 7 5000000
13 7 5000000
13 7 5000000
13 7 5000000
13 7 5000000
13 7 5000000
13 7 5000000
13 7 5000000
13 7 5000000
13 7 5000000
13 7 5000000
13 7 5000000
13 7 5000000
13 7 5000000
13 7 5000000
13 7 5000000
13 7 5000000
13 7 5000000
13 7 5000000
13 7 5000000
13 7 5000000
13 7 5000000
13 7 5000000
13 7 5000000
13 7 5000000
13 7 5000000
13 7 5000000
13 7 5000000
13 7 5000000
13 7 5000000
13 7 5000000
13 7 5000000
13 7 5000000
13 7 5000000
13 7 5000000
13 7 5000000
13 7 5000000
13 7 5000000
13 7 5000000
13 7 5000000
13 7 5000000
13 7 5000000
13 7 5000000
13 7 5000000
13 7 5000000
13 7 5000000
13 7 5000000
13 7 5000000
13 7 5000000
13 7 5000000
13 7 5000000
13 7 5000000
13 7 5000000
13 7 5000000
13 7 5000000
13 7 5000000
13 7 5000000
13 7 5000000
13 7 5000000
13 7 5000000
13 7 5000000
13 7 5000000
13 7 5000000
13 7 5000000
13 7 5000000
13 7 5000000
13 7 5000000
13 7 5000000
13 7 5000000
13 7 5000000
13 7 5000000
13 7 5000000
13 7 5000000
13 7 5000000
13 7 5000000
13 7 5000000
13 7 5000000
13 7 5000000
13 7 5000000
13 7 5000000
13 7 5000000
13 7 5000000
13 7 5000000
13 7 5000000
13 7 5000000
13 7 5000000
13 7 5000000
13 7 5000000
13 7 5000000
13 7 5000000
13 7 5000000
13 7 5000000
13 7 5000000
13 7 5000000
13 7 5000000
13 7 5000000
13 7 5000000
13 7 5000000
13 7 5000000
13 7 5000000
13 7 5000000
13 7 5000000
13 7 5000000
13 7 5000000
13 7 5000000
13 7 5000000
13 7 5000000
13 7 5000000
13 7 5000000
13 7 5000000
13 7 5000000
13 7 5000000
13 7 5000000
13 7 5000000
13 7 5000000
13 7 5000000
13 7 5000000
13 7 5000000
13 7 5000000
13 7 5000000
13 7 5000000
13 7 5000000
13 7 5000000
13 7 5000000
13 7 5000000
13 7 5000000
13 7 5000000
13 7 5000000
13 7 5000000
13 7 5000000
13 7 5000000
13 7 5000000
13 7 5000000
13 7 5000000
13 7 5000000
13 7 5000000
13 7 5000000
13 7 5000000
13 7 5000000
13 7 5000000
13 7 5000000
13 7 5000000
13 7 5000000
13 7 5000000
13 7 5000000
13 7 5000000
13 7 5000000
13 7 5000000
13 7 5000000
13 7 5000000
13 7 5000000
13 7 5000000
13 7 5000000
13 7 5000000
13 7 5000000
13 7 5000000
13 7 5000000
13 7 5000000
13 7 5000000
13 7 5000000
13 7 5000000
13 7 5000000
13 7 5000000
13 7 5000000
13 7 5000000
13 7 5000000
13 7 5000000
13 7 5000000
13 7 5000000
13 7 5000000
13 7 5000000
13 7 5000000
13 7 5000000
13 7 5000000
13 7 5000000
13 7 5000000
13 7 5000000
13 7 5000000
13 7 5000000
13 7 5000000
13 7 5000000
13 7 5000000
13 7 5000000
13 7 5000000
13 7 5000000
13 7 5000000
13 7 5000000
13 7 5000000
13 7 5000000
13 7 5000000
13 7 5000000
13 7 5000000
13 7 5000000
13 7 5000000
13 7 5000000
13 7 5000000
13 7 5000000
13 7 5000000
13 7 5000000
13 7 5000000
13 7 5000000
13 7 5000000
13 7 5000000
13 7 5000000
13 7 5000000
13 7 5000000
13 7 5000000
13 7 5000000
13 7 5000000
13 7 5000000
13 7 5000000
13 7 5000000
13 7 5000000
13 7 5000000
13 7 5000000
13 7 5000000
13 7 5000000
13 7 5000000
13 7 5000000
13 7 5000000
13 7 5000000
13 7 5000000
13 7 5000000
13 7 5000000
13 7 5000000
13 7 5000000
13 7 5000000
13 7 5000000
13 7 5000000
13 7 5000000
13 7 5000000
13 7 5000000
13 7 5000000
13 7 5000000
13 7 5000000
13 7 5000000
13 7 5000000
13 7 5000000
13 7 5000000
13 7 5000000
13 7 5000000
13 7 5000000
13 7 5000000
13 7 5000000
13 7 5000000
13 7 5000000
13 7 5000000
13 7 5000000
13 7 5000000
13 7 5000000
13 7 5000000
13 7 5000000
13 7 5000000
13 7 5000000
13 7 5000000
13 7 5000000
13 7 5000000
13 7 5000000
13 7 5000000
13 7 5000000
13 7 5000000
13 7 5000000
13 7 5000000
13 7 5000000
13 7 5000000
13 7 5000000
13 7 5000000
13 7 5000000
13 7 5000000
13 7 5000000
13 7 5000000
13 7 5000000
13 7 5000000
13 7 5000000
13 7 5000000
13 7 5000000
13 7 5000000
13 7 5000000
13 7 5000000
13 7 5000000
13 7 5000000
13 7 5000000
13 7 5000000
13 7 5000000
13 7 5000000
13 7 5000000
13 7 5000000
13 7 5000000
13 7 5000000
13 7 5000000
13 7 5000000
13 7 5000000
13 7 5000000
13 7 5000000
13 7 5000000
13 7 5000000
13 7 5000000
13 7 5000000
13 7 5000000
13 7 5000000
13 7 5000000
13 7 5000000
13 7 5000000
13 7 5000000
13 7 5000000
13 7 5000000
13 7 5000000
13 7 5000000
13 7 5000000
13 7 5000000
13 7 5000000
13 7 5000000
13 7 5000000
13 7 5000000
13 7 5000000
13 7 5000000
13 7 5000000
13 7 5000000
13 7 5000000
13 7 5000000
13 7 5000000
13 7 5000000
13 7 5000000
13 7 5000000
13 7 5000000
13 7 5000000
13 7 5000000
13 7 5000000
13 7 5000000
13 7 5000000
13 7 5000000
13 7 5000000
13 7 5000000
13 7 5000000
13 7 5000000
13 7 5000000
13 7 5000000
13 7 5000000
13 7 5000000
13 7 5000000
13 7 5000000
13 7 5000000
13 7 5000000
13 7 5000000
13 7 5000000
13 7 5000000
13 7 5000000
13 7 5000000
13 7 5000000
13 7 5000000
13 7 5000000
13 7 5000000
13 7 5000000
13 7 5000000
13 7 5000000
13 7 5000000
13 7 5000000
13 7 5000000
13 7 5000000
13 7 5000000
13 7 5000000
13 7 5000000
13 7 5000000
13 7 5000000
13 7 5000000
13 7 5000000
13 7 5000000
13 7 5000000
13 7 5000000
13 7 5000000
13 7 5000000
13 7 5000000
13 7 5000000
13 7 5000000
13 7 5000000
13 7 5000000
13 7 5000000
13 7 5000000
13 7 5000000
13 7 5000000
13 7 5000000
13 7 5000000
13 7 5000000
13 7 5000000
13 7 5000000
13 7 5000000
13 7 5000000
13 7 5000000
13 7 5000000
13 7 5000000
13 7 5000000
13 7 5000000
13 7 5000000
13 7 5000000
13 7 5000000
13 7 5000000
13 7 5000000
13 7 5000000
13 7 5000000
13 7 5000000
13 7 5000000
13 7 5000000
13 7 5000000
13 7 5000000
13 7 5000000
13 7 5000000
13 7 5000000
13 7 5000000
13 7 5000000
13 7 5000000
13 7 5000000
13 7 5000000
13 7 5000000
13 7 5000000
13 7 5000000
13 7 5000000
13 7 5000000
13 7 5000000
13 7 5000000
13 7 5000000
13 7 5000000
13 7 5000000
13 7 5000000
13 7 5000000
13 7 5000000
13 7 5000000
13 7 5000000
13 7 5000000
13 7 5000000
13 7 5000000
13 7 5000000
13 7 5000000
13 7 5000000
13 7 5000000
13 7 5000000
13 7 5000000
13 7 5000000
13 7 5000000
13 7 5000000
13 7 5000000
13 7 5000000
13 7 5000000
13 7 5000000
13 7 5000000
13 7 5000000
13 7 5000000
13 7 5000000
13 7 5000000
13 7 5000000
13 7 5000000
13 7 5000000
13 7 5000000
13 7 5000000
13 7 5000000
13 7 5000000
13 7 5000000
13 7 5000000
13 7 5000000
13 7 5000000
13 7 5000000
13 7 5000000
13 7 5000000
13 7 5000000
13 7 5000000
13 7 5000000
13 7 5000000
13 7 5000000
13 7 5000000
13 7 5000000
13 7 5000000
13 7 5000000
13 7 5000000
13 7 5000000
13 7 5000000
13 7 5000000
13 7 5000000
13 7 5000000
13 7 5000000
13 7 5000000
13 7 5000000
13 7 5000000
13 7 5000000
13 7 5000000
13 7 5000000
13 7 5000000
13 7 5000000
13 7 5000000
13 7 5000000
13 7 5000000
13 7 5000000
13 7 5000000
13 7 5000000
13 7 5000000
13 7 5000000
13 7 5000000
13 7 5000000
13 7 5000000
13 7 5000000
13 7 5000000
13 7 5000000
13 7 5000000
13 7 5000000
13 7 5000000
13 7 5000000
13 7 5000000
13 7 5000000
13 7 5000000
13 7 5000000
13 7 5000000
13 7 5000000
13 7 5000000
13 7 5000000
13 7 5000000
13 7 5000000
13 7 5000000
13 7 5000000
13 7 5000000
13 7 5000000
13 7 5000000
13 7 5000000
13 7 5000000
13 7 5000000
13 7 5000000
13 7 5000000
13 7 5000000
13 7 5000000
13 7 5000000
13 7 5000000
13 7 5000000
13 7 5000000
13 7 5000000
13 7 5000000
13 7 5000000
13 7 5000000
13 7 5000000
13 7 5000000
13 7 5000000
13 7 5000000
13 7 5000000
13 7 5000000
13 7 5000000
13 7 5000000
13 7 5000000
13 7 5000000
13 7 5000000
13 7 5000000
13 7 5000000
13 7 5000000
13 7 5000000
13 7 5000000
13 7 5000000
13 7 5000000
13 7 5000000
13 7 5000000
13 7 5000000
13 7 5000000
13 7 5000000
13 7 5000000
13 7 5000000
13 7 5000000
13 7 5000000
13 7 5000000
13 7 5000000
13 7 5000000
13 7 5000000
13 7 5000000
13 7 5000000
13 7 5000000
13 7 5000000
13 7 5000000
13 7 5000000
13 7 5000000
13 7 5000000
13 7 5000000
13 7 5000000
13 7 5000000
13 7 5000000
13 7 5000000
13 7 5000000
13 7 5000000
13 7 5000000
13 7 5000000
13 7 5000000
13 7 5000000
13 7 5000000
13 7 5000000
13 7 5000000
13 7 5000000
13 7 5000000
13 7 5000000
13 7 5000000
13 7 5000000
13 7 5000000
13 7 5000000
13 7 5000000
13 7 5000000
13 7 5000000
13 7 5000000
13 7 5000000
13 7 5000000
13 7 5000000
13 7 5000000
13 7 5000000
13 7 5000000
13 7 5000000
13 7 5000000
13 7 5000000
13 7 5000000
13 7 5000000
13 7 5000000
13 7 5000000
13 7 5000000
13 7 5000000
13 7 5000000
13 7 5000000
13 7 5000000
13 7 5000000
13 7 5000000
13 7 5000000
13 7 5000000
13 7 5000000
13 7 5000000
13 7 5000000
13 7 5000000
13 7 5000000
13 7 5000000
13 7 5000000
13 7 5000000
13 7 5000000
13 7 5000000
13 7 5000000
13 7 5000000
13 7 5000000
13 7 5000000
13 7 5000000
13 7 5000000
13 7 5000000
13 7 5000000
13 7 5000000
13 7 5000000
13 7 5000000
13 7 5000000
13 7 5000000
13 7 5000000
13 7 5000000
13 7 5000000
13 7 5000000
13 7 5000000
13 7 5000000
13 7 5000000
13 7 5000000
13 7 5000000
13 7 5000000
13 7 5000000
13 7 5000000
13 7 5000000
13 7 5000000
13 7 5000000
13 7 5000000
13 7 5000000
13 7 5000000
13 7 5000000
13 7 5000000
13 7 5000000
13 7 5000000
13 7 5000000
13 7 5000000
13 7 5000000
13 7 5000000
13 7 5000000
13 7 5000000
13 7 5000000
13 7 5000000
13 7 5000000
13 7 5000000
13 7 5000000
13 7 5000000
13 7 5000000
13 7 5000000
13 7 5000000
13 7 5000000
13 271 5000000
13 271 5000000
13 271 5000000
13 271 5000000
13 271 5000000
13 271 5000000
13 271 5000000
13 271 5000000
13 271 5000000
13 271 5000000
13 271 5000000
13 271 5000000
13 271 5000000
13 271 5000000
13 271 5000000
13 271 5000000
13 271 5000000
13 271 5000000
13 271 5000000
13 271 5000000
13 271 5000000
13 271 5000000
13 271 5000000
13 271 5000000
13 271 5000000
13 271 5000000
13 271 5000000
13 271 5000000
13 271 5000000
13 271 5000000
13 271 5000000
13 271 5000000
13 271 5000000
13 271 5000000
13 271 5000000
13 271 5000000
13 271 5000000
13 271 5000000
13 271 5000000
13 271 5000000
13 271 5000000
13 271 5000000
13 271 5000000
13 271 5000000
13 271 5000000
13 271 5000000
13 271 5000000
13 271 5000000
13 271 5000000
13 271 5000000
13 271 5000000
13 271 5000000
13 271 5000000
13 271 5000000
13 271 5000000
13 271 5000000
13 271 5000000
13 271 5000000
13 271 5000000
13 271 5000000
13 271 5000000
13 271 5000000
13 271 5000000
13 271 5000000
13 271 5000000
13 271 5000000
13 271 5000000
13 271 5000000
13 271 5000000
13 271 5000000
13 271 5000000
13 271 5000000
13 271 5000000
13 271 5000000
13 271 5000000
13 271 5000000
13 271 5000000
13 271 5000000
13 271 5000000
13 271 5000000
13 271 5000000
13 271 5000000
13 271 5000000
13 271 5000000
13 271 5000000
13 271 5000000
13 271 5000000
13 271 5000000
13 271 5000000
13 271 5000000
13 271 5000000
13 271 5000000
13 271 5000000
13 271 5000000
13 271 5000000
13 271 5000000
13 271 5000000
13 271 5000000
13 271 5000000
13 271 5000000
13 271 5000000
13 271 5000000
13 271 5000000
13 271 5000000
13 271 5000000
13 271 5000000
13 271 5000000
13 271 5000000
13 271 5000000
13 271 5000000
13 271 5000000
13 271 5000000
13 271 5000000
13 271 5000000
13 271 5000000
13 271 5000000
13 271 5000000
13 271 5000000
13 271 5000000
13 271 5000000
13 271 5000000
13 271 5000000
13 271 5000000
13 271 5000000
13 271 5000000
13 271 5000000
13 271 5000000
13 271 5000000
13 271 5000000
13 271 5000000
13 271 5000000
13 271 5000000
13 271 5000000
13 271 5000000
13 271 5000000
13 271 5000000
13 271 5000000
13 271 5000000
13 271 5000000
13 271 5000000
13 271 5000000
13 271 5000000
13 271 5000000
13 271 5000000
13 271 5000000
13 271 5000000
13 271 5000000
13 271 5000000
13 271 5000000
13 271 5000000
13 271 5000000
13 271 5000000
13 271 5000000
13 271 5000000
13 271 5000000
13 271 5000000
13 271 5000000
13 271 5000000
13 271 5000000
13 271 5000000
13 271 5000000
13 271 5000000
13 271 5000000
13 271 5000000
13 271 5000000
13 271 5000000
13 271 5000000
13 271 5000000
13 271 5000000
13 271 5000000
13 271 5000000
13 271 5000000
13 271 5000000
13 271 5000000
13 271 5000000
13 271 5000000
13 271 5000000
13 271 5000000
13 271 5000000
13 271 5000000
13 271 5000000
13 271 5000000
13 271 5000000
13 271 5000000
13 271 5000000
13 271 5000000
13 271 5000000
13 271 5000000
13 271 5000000
13 271 5000000
13 271 5000000
13 271 5000000
13 271 5000000
13 271 5000000
13 271 5000000
13 271 5000000
13 271 5000000
13 271 5000000
13 271 5000000
13 271 5000000
13 271 5000000
13 271 5000000
13 271 5000000
13 271 5000000
13 271 5000000
13 271 5000000
13 271 5000000
13 271 5000000
13 271 5000000
13 271 5000000
13 271 5000000
13 271 5000000
13 271 5000000
13 271 5000000
13 271 5000000
13 271 5000000
13 271 5000000
13 271 5000000
13 271 5000000
13 271 5000000
13 271 5000000
13 271 5000000
13 271 5000000
13 271 5000000
13 271 5000000
13 271 5000000
13 271 5000000
13 271 5000000
13 271 5000000
13 271 5000000
13 271 5000000
13 271 5000000
13 271 5000000
13 271 5000000
13 271 5000000
13 271 5000000
13 271 5000000
13 271 5000000
13 271 5000000
13 271 5000000
13 271 5000000
13 271 5000000
13 271 5000000
13 271 5000000
13 271 5000000
13 271 5000000
13 271 5000000
13 271 5000000
13 271 5000000
13 271 5000000
13 271 5000000
13 271 5000000
13 271 5000000
13 271 5000000
13 271 5000000
13 271 5000000
13 271 5000000
13 271 5000000
13 271 5000000
13 271 5000000
13 271 5000000
13 271 5000000
13 271 5000000
13 271 5000000
13 271 5000000
13 271 5000000
13 271 5000000
13 271 5000000
13 271 5000000
13 271 5000000
13 271 5000000
13 271 5000000
13 271 5000000
13 271 5000000
13 271 5000000
13 271 5000000
13 271 5000000
13 271 5000000
13 271 5000000
13 271 5000000
13 271 5000000
13 271 5000000
13 271 5000000
13 271 5000000
13 271 5000000
13 271 5000000
13 271 5000000
13 271 5000000
13 271 5000000
13 271 5000000
13 271 5000000
13 271 5000000
13 271 5000000
13 271 5000000
13 271 5000000
13 271 5000000
13 271 5000000
13 271 5000000
13 271 5000000
13 271 5000000
13 271 5000000
13 271 5000000
13 271 5000000
13 271 5000000
13 271 5000000
13 271 5000000
13 271 5000000
13 271 5000000
13 271 5000000
13 271 5000000
13 271 5000000
13 271 5000000
13 271 5000000
13 271 5000000
13 271 5000000
13 271 5000000
13 271 5000000
13 271 5000000
13 271 5000000
13 271 5000000
13 271 5000000
13 271 5000000
13 271 5000000
13 271 5000000
13 271 5000000
13 271 5000000
13 271 5000000
13 271 5000000
13 271 5000000
13 271 5000000
13 271 5000000
13 271 5000000
13 271 5000000
13 271 5000000
13 271 5000000
13 271 5000000
13 271 5000000
13 271 5000000
13 271 5000000
13 271 5000000
13 271 5000000
13 271 5000000
13 271 5000000
13 271 5000000
13 271 5000000
13 271 5000000
13 271 5000000
13 271 5000000
13 271 5000000
13 271 5000000
13 271 5000000
13 271 5000000
13 271 5000000
13 271 5000000
13 271 5000000
13 271 5000000
13 271 5000000
13 271 5000000
13 271 5000000
13 271 5000000
13 271 5000000
13 271 5000000
13 271 5000000
13 271 5000000
13 271 5000000
13 271 5000000
13 271 5000000
13 271 5000000
13 271 5000000
13 271 5000000
13 271 5000000
13 271 5000000
13 271 5000000
13 271 5000000
13 271 5000000
13 271 5000000
13 271 5000000
13 271 5000000
13 271 5000000
13 271 5000000
13 271 5000000
13 271 5000000
13 271 5000000
13 271 5000000
13 271 5000000
13 271 5000000
13 271 5000000
13 271 5000000
13 271 5000000
13 271 5000000
13 271 5000000
13 271 5000000
13 271 5000000
13 271 5000000
13 271 5000000
13 271 5000000
13 271 5000000
13 271 5000000
13 271 5000000
13 271 5000000
13 271 5000000
13 271 5000000
13 271 5000000
13 271 5000000
13 271 5000000
13 271 5000000
13 271 5000000
13 271 5000000
13 271 5000000
13 271 5000000
13 271 5000000
13 271 5000000
13 271 5000000
13 271 5000000
13 271 5000000
13 271 5000000
13 271 5000000
13 271 5000000
13 271 5000000
13 271 5000000
13 271 5000000
13 271 5000000
13 271 5000000
13 271 5000000
13 271 5000000
13 271 5000000
13 271 5000000
13 271 5000000
13 271 5000000
13 271 5000000
13 271 5000000
13 271 5000000
13 271 5000000
13 271 5000000
13 271 5000000
13 271 5000000
13 271 5000000
13 271 5000000
13 271 5000000
13 271 5000000
13 271 5000000
13 271 5000000
13 271 5000000
13 271 5000000
13 271 5000000
13 271 5000000
13 271 5000000
13 271 5000000
13 271 5000000
13 271 5000000
13 271 5000000
13 271 5000000
13 271 5000000
13 271 5000000
13 271 5000000
13 271 5000000
13 271 5000000
13 271 5000000
13 271 5000000
13 271 5000000
13 271 5000000
13 271 5000000
13 271 5000000
13 271 5000000
13 271 5000000
13 271 5000000
13 271 5000000
13 271 5000000
13 271 5000000
13 271 5000000
13 271 5000000
13 271 5000000
13 271 5000000
13 271 5000000
13 271 5000000
13 271 5000000
13 271 5000000
13 271 5000000
13 271 5000000
13 271 5000000
13 271 5000000
13 271 5000000
13 271 5000000
13 271 5000000
13 271 5000000
13 271 5000000
13 271 5000000
13 271 5000000
13 271 5000000
13 271 5000000
13 271 5000000
13 271 5000000
13 271 5000000
13 271 5000000
13 271 5000000
13 271 5000000
13 271 5000000
13 271 5000000
13 271 5000000
13 271 5000000
13 271 5000000
13 271 5000000
13 271 5000000
13 271 5000000
13 271 5000000
13 271 5000000
13 271 5000000
13 271 5000000
13 271 5000000
13 271 5000000
13 271 5000000
13 271 5000000
13 271 5000000
13 271 5000000
13 271 5000000
13 271 5000000
13 271 5000000
13 271 5000000
13 271 5000000
13 271 5000000
13 271 5000000
13 271 5000000
13 271 5000000
13 271 5000000
13 271 5000000
13 271 5000000
13 271 5000000
13 271 5000000
13 271 5000000
13 271 5000000
13 271 5000000
13 271 5000000
13 271 5000000
13 271 5000000
13 271 5000000
13 271 5000000
13 271 5000000
13 271 5000000
13 271 5000000
13 271 5000000
13 271 5000000
13 271 5000000
13 271 5000000
13 271 5000000
13 271 5000000
13 271 5000000
13 271 5000000
13 271 5000000
13 271 5000000
13 271 5000000
13 271 5000000
13 271 5000000
13 271 5000000
13 271 5000000
13 271 5000000
13 271 5000000
13 271 5000000
13 271 5000000
13 271 5000000
13 271 5000000
13 271 5000000
13 271 5000000
13 271 5000000
13 271 5000000
13 271 5000000
13 271 5000000
13 271 5000000
13 271 5000000
13 271 5000000
13 271 5000000
13 271 5000000
13 271 5000000
13 271 5000000
13 271 5000000
13 271 5000000
13 271 5000000
13 271 5000000
13 271 5000000
13 271 5000000
13 271 5000000
13 271 5000000
13 271 5000000
13 271 5000000
13 271 5000000
13 271 5000000
13 271 5000000
13 271 5000000
13 271 5000000
13 271 5000000
13 271 5000000
13 271 5000000
13 271 5000000
13 271 5000000
13 271 5000000
13 271 5000000
13 271 5000000
13 271 5000000
13 271 5000000
13 271 5000000
13 271 5000000
13 271 5000000
13 271 5000000
13 271 5000000
13 271 5000000
13 271 5000000
13 271 5000000
13 271 5000000
13 271 5000000
13 271 5000000
13 271 5000000
13 271 5000000
13 271 5000000
13 271 5000000
13 271 5000000
13 271 5000000
13 271 5000000
13 271 5000000
13 271 5000000
13 271 5000000
13 271 5000000
13 271 5000000
13 271 5000000
13 271 5000000
13 271 5000000
13 271 5000000
13 271 5000000
13 271 5000000
13 271 5000000
13 271 5000000
13 271 5000000
13 271 5000000
13 271 5000000
13 271 5000000
13 271 5000000
13 271 5000000
13 271 5000000
13 271 5000000
13 271 5000000
13 271 5000000
13 271 5000000
13 271 5000000
13 271 5000000
13 271 5000000
13 271 5000000
13 271 5000000
13 271 5000000
13 271 5000000
13 271 5000000
13 271 5000000
13 271 5000000
13 271 5000000
13 271 5000000
13 271 5000000
13 271 5000000
13 271 5000000
13 271 5000000
13 271 5000000
13 271 5000000
13 271 5000000
13 271 5000000
13 271 5000000
13 271 5000000
13 271 5000000
13 271 5000000
13 271 5000000
13 271 5000000
13 271 5000000
13 271 5000000
13 271 5000000
13 271 5000000
13 271 5000000
13 271 5000000
13 271 5000000
13 271 5000000
13 271 5000000
13 271 5000000
13 271 5000000
13 271 5000000
13 271 5000000
13 271 5000000
13 271 5000000
13 271 5000000
13 271 5000000
13 271 5000000
13 271 5000000
13 271 5000000
13 271 5000000
13 271 5000000
13 271 5000000
13 271 5000000
13 271 5000000
13 271 5000000
13 271 5000000
13 271 5000000
13 271 5000000
13 271 5000000
13 271 5000000
13 271 5000000
13 271 5000000
13 271 5000000
13 271 5000000
13 271 5000000
13 271 5000000
13 271 5000000
13 271 5000000
13 271 5000000
13 271 5000000
13 271 5000000
13 271 5000000
13 271 5000000
13 271 5000000
13 271 5000000
13 271 5000000
13 271 5000000
13 271 5000000
13 271 5000000
13 271 5000000
13 271 5000000
13 271 5000000
13 271 5000000
13 271 5000000
13 271 5000000
13 271 5000000
13 271 5000000
13 271 5000000
13 271 5000000
13 271 5000000
13 271 5000000
13 271 5000000
13 271 5000000
13 271 5000000
13 271 5000000
13 271 5000000
13 271 5000000
13 271 5000000
13 271 5000000
13 271 5000000
13 271 5000000
13 271 5000000
13 271 5000000
13 271 5000000
13 271 5000000
13 271 5000000
13 271 5000000
13 271 5000000
13 271 5000000
13 271 5000000
13 271 5000000
13 271 5000000
13 271 5000000
13 271 5000000
13 271 5000000
13 271 5000000
13 271 5000000
13 271 5000000
13 271 5000000
13 271 5000000
13 271 5000000
13 271 5000000
13 271 5000000
13 271 5000000
13 271 5000000
13 271 5000000
13 271 5000000
13 271 5000000
13 271 5000000
13 271 5000000
13 271 5000000
13 271 5000000
13 271 5000000
13 271 5000000
13 271 5000000
13 271 5000000
13 271 5000000
13 271 5000000
13 271 5000000
13 271 5000000
13 271 5000000
13 271 5000000
13 271 5000000
13 271 5000000
13 271 5000000
13 271 5000000
13 271 5000000
13 271 5000000
13 271 5000000
13 271 5000000
13 271 5000000
13 271 5000000
13 271 5000000
13 271 5000000
13 271 5000000
13 271 5000000
13 271 5000000
13 271 5000000
13 271 5000000
13 271 5000000
13 271 5000000
13 271 5000000
13 271 5000000
13 271 5000000
13 271 5000000
13 271 5000000
13 271 5000000
13 271 5000000
13 271 5000000
13 271 5000000
13 271 5000000
13 271 5000000
13 271 5000000
13 271 5000000
13 271 5000000
13 271 5000000
13 271 5000000
13 271 5000000
13 271 5000000
13 271 5000000
13 271 5000000
13 271 5000000
13 271 5000000
13 271 5000000
13 271 5000000
13 271 5000000
13 271 5000000
13 271 5000000
13 271 5000000
13 271 5000000
13 271 5000000
13 271 5000000
13 271 5000000
13 271 5000000
13 271 5000000
13 271 5000000
13 271 5000000
13 271 5000000
13 271 5000000
13 271 5000000
13 271 5000000
13 271 5000000
13 271 5000000
13 271 5000000
13 271 5000000
13 271 5000000
13 271 5000000
13 271 5000000
13 271 5000000
13 271 5000000
13 271 5000000
13 271 5000000
13 271 5000000
13 271 5000000
13 271 5000000
13 271 5000000
13 271 5000000
13 271 5000000
13 271 5000000
13 271 5000000
13 271 5000000
13 271 5000000
13 271 5000000
13 271 5000000
13 271 5000000
13 271 5000000
13 271 5000000
13 271 5000000
13 271 5000000
13 271 5000000
13 271 5000000
13 271 5000000
13 271 5000000
13 271 5000000
13 271 5000000
13 271 5000000
13 271 5000000
13 271 5000000
13 271 5000000
13 271 5000000
13 271 5000000
13 271 5000000
13 271 5000000
13 271 5000000
13 271 5000000
13 271 5000000
13 271 5000000
13 271 5000000
13 271 5000000
13 73 219780000
13 73 5000000
13 73 241560000
13 73 225720000
13 73 5000000
13 73 5000000
13 73 5000000
13 73 5000000
13 73 358380000
13 73 263340000
13 73 1312740000
13 73 203940000
13 73 5000000
13 73 5000000
13 73 5000000
13 73 778140000
13 73 201960000
13 73 219780000
13 73 5000000
13 73 5000000
13 73 213840000
13 73 215820000
13 73 5000000
13 73 1753250000
13 73 5000000
13 73 1803200000
13 73 5000000
13 73 5000000
13 73 5000000
13 73 227700000
13 73 419000000
13 73 101000000
13 73 1553750000
13 73 203940000
13 73 5000000
13 73 199980000
13 73 7000000
13 73 217800000
13 73 512820000
13 73 5000000
13 73 875160000
13 73 203940000
13 73 5000000
13 73 211860000
13 73 207900000
13 73 952380000
13 73 5000000
13 73 340560000
13 73 328680000
13 73 2052500000
13 73 207900000
13 73 5000000
13 73 245520000
13 73 229680000
13 73 940500000
13 73 5000000
13 73 422000000
13 73 225720000
13 73 1871100000
13 73 209880000
13 73 203940000
13 73 5000000
13 73 831000000
13 73 5000000
13 73 394020000
13 73 5000000
13 73 1594700000
13 73 1978500000
13 73 219000000
13 73 285120000
13 73 235620000
13 73 5000000
13 73 5000000
13 73 5000000
13 73 211860000
13 73 1027898000
13 73 5000000
13 73 5000000
13 73 5000000
13 73 5000000
13 73 1594700000
13 73 101000000
13 73 199980000
13 73 5000000
13 73 221760000
13 73 413000000
13 73 5000000
13 73 1075140000
13 73 1536150000
13 73 211860000
13 73 1000000
13 73 2015500000
13 73 5000000
13 73 5000000
13 73 5000000
13 73 275220000
13 73 1526250000
13 73 304920000
13 73 110000000
13 73 265320000
13 73 5000000
13 73 215000000
13 73 350460000
13 73 5000000
13 73 5000000
13 73 227700000
13 73 209880000
13 73 413000000
13 73 1964160000
13 73 203940000
13 73 5000000
13 73 243540000
13 73 2015500000
13 73 279180000
13 73 219780000
13 73 207900000
13 73 5000000
13 73 241560000
13 73 219780000
13 73 5000000
13 73 5000000
13 73 225720000
13 73 5000000
13 73 5000000
13 73 358380000
13 73 263340000
13 73 1312740000
13 73 5000000
13 73 5000000
13 73 203940000
13 73 5000000
13 73 778140000
13 73 5000000
13 73 219780000
13 73 5000000
13 73 201960000
13 73 213840000
13 73 215820000
13 73 1803200000
13 73 5000000
13 73 5000000
13 73 101000000
13 73 1553750000
13 73 203940000
13 73 199980000
13 73 1753250000
13 73 5000000
13 73 227700000
13 73 5000000
13 73 875160000
13 73 5000000
13 73 419000000
13 73 203940000
13 73 952380000
13 73 217800000
13 73 207900000
13 73 512820000
13 73 5000000
13 73 940500000
13 73 340560000
13 73 211860000
13 73 2052500000
13 73 328680000
13 73 5000000
13 73 5000000
13 73 422000000
13 73 7000000
13 73 209880000
13 73 5000000
13 73 235620000
13 73 5000000
13 73 5000000
13 73 199980000
13 73 5000000
13 73 219000000
13 73 229680000
13 73 5000000
13 73 211860000
13 73 394020000
13 73 215000000
13 73 5000000
13 73 831000000
13 73 211860000
13 73 1536150000
13 73 110000000
13 73 1526250000
13 73 5000000
13 73 227700000
13 73 5000000
13 73 225720000
13 73 1075140000
13 73 209880000
13 73 221760000
13 73 5000000
13 73 245520000
13 73 5000000
13 73 265320000
13 73 1964160000
13 73 5000000
13 73 5000000
13 73 203940000
13 73 203940000
13 73 5000000
13 73 207900000
13 73 5000000
13 73 413000000
13 73 101000000
13 73 5000000
13 73 1027898000
13 73 350460000
13 73 219780000
13 73 5000000
13 73 1594700000
13 73 1978500000
13 73 5000000
13 73 243540000
13 73 1594700000
13 73 5000000
13 73 2015500000
13 73 1871100000
13 73 5000000
13 73 279180000
13 73 285120000
13 73 5000000
13 73 2015500000
13 73 5000000
13 73 1000000
13 73 275220000
13 73 304920000
13 73 413000000
13 73 5000000
13 73 207900000
13 70 857340000
13 70 584100000
13 70 1758240000
13 70 881100000
13 70 1098900000
13 70 235620000
13 70 702900000
13 70 1237500000
13 70 1318680000
13 70 439560000
13 70 235620000
13 70 1098900000
13 70 962280000
13 70 1071180000
13 70 530640000
13 70 1318680000
13 70 1098900000
13 70 659340000
13 70 1233540000
13 70 659340000
13 70 659340000
13 70 659340000
13 70 2526480000
13 70 1722600000
13 70 1930500000
13 70 1098900000
13 70 1722600000
13 70 659340000
13 70 615780000
13 70 702900000
13 70 702900000
13 70 659340000
13 70 659340000
13 70 1318680000
13 70 1233540000
13 70 3702600000
13 70 659340000
13 70 1318680000
13 70 1136520000
13 70 673200000
13 70 1318680000
13 70 512820000
13 70 1098900000
13 70 659340000
13 70 1150380000
13 70 459360000
13 70 584100000
13 70 1841400000
13 70 1744380000
13 70 879120000
13 70 1233540000
13 70 659340000
13 70 1641420000
13 70 857340000
13 70 653400000
13 70 297000000
13 70 1758240000
13 70 1233540000
13 70 659340000
13 70 659340000
13 70 615780000
13 70 857340000
13 70 1318680000
13 70 1318680000
13 70 219780000
13 70 1318680000
13 70 1193940000
13 70 1233540000
13 70 962280000
13 70 659340000
13 70 241560000
13 70 962280000
13 70 584100000
13 70 413820000
13 70 659340000
13 70 673200000
13 70 1098900000
13 70 881100000
13 70 615780000
13 70 615780000
13 70 1071180000
13 70 1237500000
13 70 962280000
13 70 1318680000
13 70 1023660000
13 70 1520640000
13 70 285120000
13 70 1389960000
13 70 659340000
13 70 1140480000
13 70 653400000
13 70 857340000
13 70 673200000
13 70 1758240000
13 70 1758240000
13 70 1023660000
13 70 1237500000
13 70 2419560000
13 70 615780000
13 70 1803780000
13 70 1098900000
13 70 659340000
13 70 1978020000
13 70 3958020000
13 70 659340000
13 70 1504800000
13 70 1237500000
13 70 1760220000
13 70 659340000
13 70 1318680000
13 70 768240000
13 70 1233540000
13 70 673200000
13 70 615780000
13 70 1318680000
13 70 2655180000
13 70 1318680000
13 70 380160000
13 70 263340000
13 70 857340000
13 70 584100000
13 70 1758240000
13 70 881100000
13 70 235620000
13 70 1098900000
13 70 702900000
13 70 439560000
13 70 1237500000
13 70 962280000
13 70 1098900000
13 70 1318680000
13 70 235620000
13 70 530640000
13 70 1098900000
13 70 659340000
13 70 1318680000
13 70 1071180000
13 70 1233540000
13 70 659340000
13 70 1722600000
13 70 2526480000
13 70 659340000
13 70 659340000
13 70 1930500000
13 70 1722600000
13 70 1098900000
13 70 615780000
13 70 659340000
13 70 702900000
13 70 659340000
13 70 659340000
13 70 3702600000
13 70 659340000
13 70 1136520000
13 70 1318680000
13 70 1318680000
13 70 1233540000
13 70 702900000
13 70 673200000
13 70 659340000
13 70 1150380000
13 70 1098900000
13 70 459360000
13 70 1318680000
13 70 584100000
13 70 512820000
13 70 1841400000
13 70 879120000
13 70 1233540000
13 70 1744380000
13 70 659340000
13 70 1193940000
13 70 219780000
13 70 1318680000
13 70 881100000
13 70 1318680000
13 70 857340000
13 70 659340000
13 70 659340000
13 70 962280000
13 70 615780000
13 70 1233540000
13 70 962280000
13 70 1318680000
13 70 857340000
13 70 659340000
13 70 615780000
13 70 653400000
13 70 1098900000
13 70 857340000
13 70 1758240000
13 70 1318680000
13 70 659340000
13 70 659340000
13 70 673200000
13 70 615780000
13 70 1758240000
13 70 1318680000
13 70 673200000
13 70 1520640000
13 70 653400000
13 70 1237500000
13 70 263340000
13 70 1140480000
13 70 1504800000
13 70 1318680000
13 70 1803780000
13 70 413820000
13 70 3958020000
13 70 1237500000
13 70 1233540000
13 70 1760220000
13 70 1318680000
13 70 1978020000
13 70 285120000
13 70 1071180000
13 70 768240000
13 70 1023660000
13 70 962280000
13 70 1641420000
13 70 659340000
13 70 1233540000
13 70 584100000
13 70 2419560000
13 70 615780000
13 70 615780000
13 70 297000000
13 70 1237500000
13 70 659340000
13 70 1758240000
13 70 1023660000
13 70 1098900000
13 70 380160000
13 70 1389960000
13 70 2655180000
13 70 241560000
13 70 673200000
13 70 659340000
13 279 1980000000
13 279 1980000000
13 279 396000000
13 279 396000000
13 279 1980000000
13 279 990000000
13 279 396000000
13 279 7300260000
13 279 1980000000
13 279 3960000000
13 279 3960000000
13 279 5000000
13 279 5000000
13 279 5000000
13 279 396000000
13 279 5000000
13 279 7920000000
13 279 1980000000
13 279 1980000000
13 279 52485840000
13 279 5000000
13 279 3960000000
13 279 1980000000
13 279 5000000
13 279 990000000
13 279 990000000
13 279 3960000000
13 279 5000000
13 279 31680000000
13 279 1980000000
13 279 5000000
13 279 396000000
13 279 5000000
13 279 5000000
13 279 277200000
13 279 198000000
13 279 396000000
13 279 5000000
13 279 990000000
13 279 396000000
13 279 3960000000
13 279 792000000
13 279 5000000
13 279 1980000000
13 279 396000000
13 279 396000000
13 279 15840000000
13 279 990000000
13 279 5000000
13 279 396000000
13 279 1980000000
13 279 3960000000
13 279 990000000
13 279 5000000
13 279 1584000000
13 279 3960000000
13 279 5000000
13 279 1980000000
13 279 1980000000
13 279 15840000000
13 279 1980000000
13 279 5000000
13 279 5000000
13 279 396000000
13 279 990000000
13 279 1980000000
13 279 5000000
13 279 792000000
13 279 5000000
13 279 7920000000
13 279 5000000
13 279 5000000
13 279 1584000000
13 279 396000000
13 279 396000000
13 279 3960000000
13 279 5000000
13 279 5000000
13 279 5000000
13 279 990000000
13 279 5000000
13 279 396000000
13 279 1980000000
13 279 1584000000
13 279 7920000000
13 279 1980000000
13 279 1980000000
13 279 396000000
13 279 396000000
13 279 792000000
13 279 5000000
13 279 5000000
13 279 990000000
13 279 3960000000
13 279 5000000
13 279 5000000
13 279 5000000
13 279 5000000
13 279 5000000
13 279 8620920000
13 279 990000000
13 279 396000000
13 279 990000000
13 279 15840000000
13 279 1980000000
13 279 1980000000
13 279 7920000000
13 279 5000000
13 279 1140480000
13 279 5000000
13 279 990000000
13 279 5000000
13 279 1980000000
13 279 1980000000
13 279 1980000000
13 279 990000000
13 279 5000000
13 279 3960000000
13 279 9702000000
13 279 1980000000
13 279 1980000000
13 279 396000000
13 279 5000000
13 279 5000000
13 279 1584000000
13 279 5000000
13 279 396000000
13 279 7920000000
13 279 1980000000
13 279 5000000
13 279 5000000
13 279 990000000
13 279 5000000
13 279 5000000
13 279 990000000
13 279 5000000
13 279 1980000000
13 279 1584000000
13 279 5000000
13 279 7920000000
13 279 7920000000
13 279 3960000000
13 279 5000000
13 279 5000000
13 279 990000000
13 279 990000000
13 279 990000000
13 279 5000000
13 279 5000000
13 279 1980000000
13 279 39600000000
13 279 990000000
13 279 792000000
13 279 198000000
13 279 5000000
13 279 1980000000
13 279 5000000
13 279 84381660000
13 279 3960000000
13 279 396000000
13 279 990000000
13 279 5000000
13 279 5000000
13 279 5000000
13 279 1980000000
13 279 5000000
13 279 3960000000
13 279 1980000000
13 279 5000000
13 279 5000000
13 279 5000000
13 279 5000000
13 279 396000000
13 279 5000000
13 279 990000000
13 279 5000000
13 279 990000000
13 279 396000000
13 279 396000000
13 279 5000000
13 279 9304020000
13 279 39402000000
13 279 7920000000
13 279 19798020000
13 279 3168000000
13 279 5000000
13 279 5000000
13 279 31680000000
13 279 5000000
13 279 5000000
13 279 396000000
13 279 792000000
13 279 990000000
13 279 5000000
13 279 1584000000
13 279 990000000
13 279 5000000
13 279 5000000
13 279 396000000
13 279 792000000
13 279 990000000
13 279 396000000
13 279 1980000000
13 279 7920000000
13 279 198000000
13 279 5000000
13 279 3960000000
13 279 5000000
13 279 5000000
13 279 1980000000
13 279 792000000
13 279 990000000
13 279 396000000
13 279 990000000
13 279 3960000000
13 279 5000000
13 279 396000000
13 279 990000000
13 279 5000000
13 279 5000000
13 279 990000000
13 279 24354000000
13 279 1584000000
13 279 396000000
13 279 5000000
13 279 594000000
13 279 5000000
13 279 1980000000
13 279 1584000000
13 279 1980000000
13 279 1980000000
13 279 5000000
13 279 1003860000
13 279 5000000
13 279 1980000000
13 279 7920000000
13 279 5000000
13 279 5000000
13 279 1980000000
13 279 990000000
13 279 15840000000
13 279 3960000000
13 279 433620000
13 279 5000000
13 279 1980000000
13 279 5000000
13 279 3049200000
13 279 5000000
13 279 5000000
13 279 3960000000
13 279 990000000
13 279 990000000
13 279 63360000000
13 279 5000000
13 279 696960000
13 279 1980000000
13 279 990000000
13 279 5000000
13 279 396000000
13 279 3960000000
13 279 1980000000
13 279 5000000
13 279 5000000
13 279 5000000
13 279 5000000
13 279 396000000
13 279 396000000
13 279 277200000
13 279 1980000000
13 279 948420000
13 279 5100480000
13 279 3960000000
13 279 5000000
13 279 1980000000
13 279 1980000000
13 279 5000000
13 279 5000000
13 279 1980000000
13 279 5000000
13 279 5000000
13 279 5000000
13 279 5000000
13 279 1584000000
13 279 1144440000
13 279 396000000
13 279 5000000
13 279 1980000000
13 279 5000000
13 279 776160000
13 279 5000000
13 279 3960000000
13 279 5000000
13 279 5000000
13 279 792000000
13 279 990000000
13 279 1980000000
13 279 5000000
13 279 3960000000
13 279 990000000
13 279 1980000000
13 279 3960000000
13 279 5000000
13 279 1819620000
13 279 1980000000
13 279 990000000
13 279 5000000
13 279 990000000
13 279 271260000
13 279 3960000000
13 279 5000000
13 279 1980000000
13 279 7920000000
13 279 396000000
13 279 396000000
13 279 855360000
13 279 396000000
13 279 396000000
13 279 990000000
13 279 1980000000
13 279 1584000000
13 279 1980000000
13 279 5000000
13 279 792000000
13 279 990000000
13 279 396000000
13 279 59400000000
13 279 5000000
13 279 7920000000
13 279 3960000000
13 279 396000000
13 279 17069580000
13 279 5000000
13 279 1980000000
13 279 1584000000
13 279 5000000
13 279 5000000
13 279 1980000000
13 279 792000000
13 279 1980000000
13 279 990000000
13 279 396000000
13 279 5000000
13 279 396000000
13 279 1352340000
13 279 5000000
13 279 396000000
13 279 396000000
13 279 5000000
13 279 7920000000
13 279 5000000
13 279 1980000000
13 279 990000000
13 279 990000000
13 279 990000000
13 279 5000000
13 279 792000000
13 279 1584000000
13 279 3960000000
13 279 792000000
13 279 396000000
13 279 990000000
13 279 5000000
13 279 1980000000
13 279 1980000000
13 279 396000000
13 279 9108000000
13 279 1980000000
13 279 5000000
13 279 990000000
13 279 396000000
13 279 396000000
13 279 5000000
13 279 5000000
13 279 5000000
13 279 3960000000
13 279 5000000
13 279 9900000000
13 279 15840000000
13 279 5000000
13 279 990000000
13 279 5000000
13 279 29700000000
13 279 1980000000
13 279 5000000
13 279 5000000
13 279 10331640000
13 279 792000000
13 279 1980000000
13 279 1980000000
13 279 396000000
13 279 1980000000
13 279 396000000
13 279 396000000
13 279 396000000
13 279 990000000
13 279 5000000
13 279 3960000000
13 279 7300260000
13 279 1980000000
13 279 52485840000
13 279 3960000000
13 279 5000000
13 279 1980000000
13 279 1980000000
13 279 990000000
13 279 7920000000
13 279 5000000
13 279 3960000000
13 279 5000000
13 279 5000000
13 279 5000000
13 279 396000000
13 279 5000000
13 279 3960000000
13 279 990000000
13 279 5000000
13 279 31680000000
13 279 1980000000
13 279 3960000000
13 279 1980000000
13 279 396000000
13 279 5000000
13 279 5000000
13 279 277200000
13 279 990000000
13 279 396000000
13 279 5000000
13 279 5000000
13 279 1980000000
13 279 5000000
13 279 792000000
13 279 1980000000
13 279 396000000
13 279 1584000000
13 279 5000000
13 279 15840000000
13 279 990000000
13 279 396000000
13 279 990000000
13 279 3960000000
13 279 5000000
13 279 5000000
13 279 792000000
13 279 15840000000
13 279 1980000000
13 279 5000000
13 279 5000000
13 279 5000000
13 279 3960000000
13 279 990000000
13 279 5000000
13 279 396000000
13 279 1980000000
13 279 5000000
13 279 1584000000
13 279 1980000000
13 279 1980000000
13 279 5000000
13 279 396000000
13 279 396000000
13 279 5000000
13 279 198000000
13 279 396000000
13 279 396000000
13 279 396000000
13 279 7920000000
13 279 1980000000
13 279 7920000000
13 279 5000000
13 279 5000000
13 279 1980000000
13 279 1584000000
13 279 990000000
13 279 1980000000
13 279 5000000
13 279 990000000
13 279 1980000000
13 279 3960000000
13 279 792000000
13 279 3960000000
13 279 5000000
13 279 1980000000
13 279 990000000
13 279 1980000000
13 279 5000000
13 279 990000000
13 279 5000000
13 279 1980000000
13 279 5000000
13 279 396000000
13 279 5000000
13 279 990000000
13 279 5000000
13 279 5000000
13 279 8620920000
13 279 5000000
13 279 5000000
13 279 5000000
13 279 9702000000
13 279 396000000
13 279 5000000
13 279 5000000
13 279 3960000000
13 279 1140480000
13 279 990000000
13 279 15840000000
13 279 7920000000
13 279 1980000000
13 279 5000000
13 279 5000000
13 279 1980000000
13 279 5000000
13 279 5000000
13 279 1980000000
13 279 5000000
13 279 5000000
13 279 19798020000
13 279 990000000
13 279 990000000
13 279 1980000000
13 279 5000000
13 279 990000000
13 279 1584000000
13 279 1584000000
13 279 1980000000
13 279 5000000
13 279 198000000
13 279 5000000
13 279 7920000000
13 279 990000000
13 279 7920000000
13 279 5000000
13 279 990000000
13 279 7920000000
13 279 990000000
13 279 990000000
13 279 990000000
13 279 396000000
13 279 990000000
13 279 396000000
13 279 5000000
13 279 3168000000
13 279 5000000
13 279 696960000
13 279 5000000
13 279 5000000
13 279 5000000
13 279 3960000000
13 279 1980000000
13 279 5000000
13 279 198000000
13 279 39600000000
13 279 396000000
13 279 31680000000
13 279 396000000
13 279 396000000
13 279 1980000000
13 279 792000000
13 279 990000000
13 279 5000000
13 279 5000000
13 279 396000000
13 279 5000000
13 279 3960000000
13 279 5000000
13 279 3049200000
13 279 5000000
13 279 5000000
13 279 1980000000
13 279 5000000
13 279 1980000000
13 279 5000000
13 279 1980000000
13 279 5000000
13 279 5000000
13 279 5000000
13 279 5000000
13 279 792000000
13 279 990000000
13 279 5000000
13 279 3960000000
13 279 5000000
13 279 39402000000
13 279 5000000
13 279 396000000
13 279 1980000000
13 279 5000000
13 279 396000000
13 279 990000000
13 279 990000000
13 279 1003860000
13 279 1584000000
13 279 5000000
13 279 792000000
13 279 1584000000
13 279 3960000000
13 279 990000000
13 279 990000000
13 279 396000000
13 279 5000000
13 279 1980000000
13 279 5000000
13 279 396000000
13 279 5000000
13 279 990000000
13 279 7920000000
13 279 396000000
13 279 1980000000
13 279 3960000000
13 279 1980000000
13 279 948420000
13 279 990000000
13 279 5000000
13 279 792000000
13 279 5000000
13 279 990000000
13 279 396000000
13 279 5000000
13 279 3960000000
13 279 433620000
13 279 7920000000
13 279 396000000
13 279 5000000
13 279 5000000
13 279 5000000
13 279 5000000
13 279 24354000000
13 279 1584000000
13 279 5000000
13 279 1980000000
13 279 3960000000
13 279 5000000
13 279 1980000000
13 279 792000000
13 279 5000000
13 279 5000000
13 279 7920000000
13 279 5000000
13 279 1980000000
13 279 1819620000
13 279 5000000
13 279 1980000000
13 279 5000000
13 279 1980000000
13 279 776160000
13 279 396000000
13 279 5000000
13 279 990000000
13 279 396000000
13 279 1584000000
13 279 5000000
13 279 990000000
13 279 5000000
13 279 9304020000
13 279 1584000000
13 279 5000000
13 279 17069580000
13 279 1980000000
13 279 5000000
13 279 5000000
13 279 1980000000
13 279 396000000
13 279 5000000
13 279 5000000
13 279 3960000000
13 279 1980000000
13 279 990000000
13 279 1144440000
13 279 7920000000
13 279 5000000
13 279 3960000000
13 279 5000000
13 279 5000000
13 279 855360000
13 279 396000000
13 279 5000000
13 279 5000000
13 279 5000000
13 279 396000000
13 279 990000000
13 279 59400000000
13 279 1980000000
13 279 396000000
13 279 1980000000
13 279 5000000
13 279 1584000000
13 279 792000000
13 279 396000000
13 279 1980000000
13 279 5000000
13 279 5000000
13 279 990000000
13 279 5000000
13 279 792000000
13 279 1980000000
13 279 5000000
13 279 396000000
13 279 5000000
13 279 84381660000
13 279 396000000
13 279 5000000
13 279 396000000
13 279 396000000
13 279 792000000
13 279 5000000
13 279 792000000
13 279 10331640000
13 279 1980000000
13 279 5000000
13 279 7920000000
13 279 396000000
13 279 7920000000
13 279 990000000
13 279 3960000000
13 279 9900000000
13 279 792000000
13 279 396000000
13 279 3960000000
13 279 5000000
13 279 594000000
13 279 5000000
13 279 5000000
13 279 15840000000
13 279 1980000000
13 279 5000000
13 279 1980000000
13 279 5000000
13 279 63360000000
13 279 990000000
13 279 990000000
13 279 396000000
13 279 1980000000
13 279 5000000
13 279 396000000
13 279 277200000
13 279 3960000000
13 279 1980000000
13 279 5100480000
13 279 5000000
13 279 5000000
13 279 1980000000
13 279 3960000000
13 279 271260000
13 279 1980000000
13 279 990000000
13 279 1980000000
13 279 1980000000
13 279 990000000
13 279 3960000000
13 279 990000000
13 279 5000000
13 279 1980000000
13 279 5000000
13 279 1980000000
13 279 396000000
13 279 5000000
13 279 3960000000
13 279 5000000
13 279 1352340000
13 279 5000000
13 279 990000000
13 279 1584000000
13 279 396000000
13 279 5000000
13 279 9108000000
13 279 990000000
13 279 5000000
13 279 1980000000
13 279 990000000
13 279 15840000000
13 279 29700000000
13 279 5000000
13 279 3960000000
13 279 990000000
13 280 1758240000
13 280 1758240000
13 280 659340000
13 280 3738240000
13 280 3722400000
13 280 263340000
13 280 659340000
13 280 768240000
13 280 659340000
13 280 3958020000
13 280 570240000
13 280 570240000
13 280 263340000
13 280 439560000
13 280 1758240000
13 280 243540000
13 280 1538460000
13 280 1758240000
13 280 1978020000
13 280 3958020000
13 280 659340000
13 280 263340000
13 280 1186020000
13 280 659340000
13 280 548460000
13 280 768240000
13 280 655380000
13 280 263340000
13 280 659340000
13 280 3958020000
13 280 3958020000
13 280 1538460000
13 280 665280000
13 280 263340000
13 280 247500000
13 280 1758240000
13 280 570240000
13 280 3518460000
13 280 263340000
13 280 263340000
13 280 1538460000
13 280 3518460000
13 280 11878020000
13 280 372240000
13 280 263340000
13 280 1758240000
13 280 263340000
13 280 768240000
13 280 790020000
13 280 570240000
13 280 1164240000
13 280 724680000
13 280 790020000
13 280 1582020000
13 280 3518460000
13 280 790020000
13 280 548460000
13 280 1758240000
13 280 1186020000
13 280 1318680000
13 280 768240000
13 280 1186020000
13 280 570240000
13 280 3738240000
13 280 665280000
13 280 2639340000
13 280 1186020000
13 280 372240000
13 280 570240000
13 280 1318680000
13 280 790020000
13 280 3740220000
13 280 1978020000
13 280 7698240000
13 280 7918020000
13 280 394020000
13 280 1978020000
13 280 263340000
13 280 439560000
13 280 2639340000
13 280 5718240000
13 280 461340000
13 280 659340000
13 280 1098900000
13 280 1758240000
13 280 263340000
13 280 439560000
13 280 3738240000
13 280 263340000
13 280 659340000
13 280 659340000
13 280 1164240000
13 280 768240000
13 280 659340000
13 280 350460000
13 280 2859120000
13 280 1758240000
13 280 1372140000
13 280 1758240000
13 280 1164240000
13 280 659340000
13 280 11658240000
13 280 1092960000
13 280 1538460000
13 280 2639340000
13 280 441540000
13 280 669240000
13 280 1538460000
13 280 1100880000
13 280 570240000
13 280 768240000
13 280 3738240000
13 280 659340000
13 280 659340000
13 280 1538460000
13 280 7698240000
13 280 1978020000
13 280 6599340000
13 280 263340000
13 280 17598240000
13 280 768240000
13 280 263340000
13 280 548460000
13 280 1978020000
13 280 39598020000
13 280 3958020000
13 280 441540000
13 280 1758240000
13 280 1978020000
13 280 1758240000
13 280 1976040000
13 280 1758240000
13 280 2419560000
13 280 768240000
13 280 3738240000
13 280 1186020000
13 280 768240000
13 280 3958020000
13 280 2639340000
13 280 669240000
13 280 263340000
13 280 768240000
13 280 3958020000
13 280 1758240000
13 280 1538460000
13 280 1758240000
13 280 746460000
13 280 570240000
13 280 1104840000
13 280 659340000
13 280 394020000
13 280 570240000
13 280 263340000
13 280 659340000
13 280 671220000
13 280 1760220000
13 280 3300660000
13 280 768240000
13 280 1538460000
13 280 1098900000
13 280 374220000
13 280 570240000
13 280 1186020000
13 280 263340000
13 280 1033560000
13 280 659340000
13 280 332640000
13 280 1758240000
13 280 461340000
13 280 1164240000
13 280 659340000
13 280 219780000
13 280 7918020000
13 280 7918020000
13 280 746460000
13 280 570240000
13 280 372240000
13 280 768240000
13 280 3738240000
13 280 263340000
13 280 11004840000
13 280 1538460000
13 280 1758240000
13 280 659340000
13 280 1164240000
13 280 439560000
13 280 1100880000
13 280 3518460000
13 280 570240000
13 280 3958020000
13 280 1538460000
13 280 768240000
13 280 439560000
13 280 7698240000
13 280 768240000
13 280 7918020000
13 280 6599340000
13 280 6599340000
13 280 768240000
13 280 659340000
13 280 592020000
13 280 3298680000
13 280 439560000
13 280 7478460000
13 280 637560000
13 280 263340000
13 280 1976040000
13 280 350460000
13 280 7698240000
13 280 768240000
13 280 263340000
13 280 17598240000
13 280 768240000
13 280 1164240000
13 280 669240000
13 280 3518460000
13 280 671220000
13 280 1758240000
13 280 1758240000
13 280 1186020000
13 280 7918020000
13 280 3958020000
13 280 263340000
13 280 1758240000
13 280 241560000
13 280 570240000
13 280 790020000
13 280 312840000
13 280 461340000
13 280 592020000
13 280 3958020000
13 280 1164240000
13 280 1758240000
13 280 1758240000
13 280 659340000
13 280 3722400000
13 280 3738240000
13 280 263340000
13 280 659340000
13 280 768240000
13 280 3958020000
13 280 570240000
13 280 659340000
13 280 570240000
13 280 1758240000
13 280 439560000
13 280 1538460000
13 280 263340000
13 280 1758240000
13 280 3958020000
13 280 1978020000
13 280 243540000
13 280 1186020000
13 280 659340000
13 280 768240000
13 280 263340000
13 280 263340000
13 280 655380000
13 280 659340000
13 280 659340000
13 280 1538460000
13 280 3958020000
13 280 263340000
13 280 548460000
13 280 3958020000
13 280 665280000
13 280 247500000
13 280 1758240000
13 280 263340000
13 280 570240000
13 280 3518460000
13 280 1538460000
13 280 263340000
13 280 11878020000
13 280 263340000
13 280 372240000
13 280 1758240000
13 280 263340000
13 280 3518460000
13 280 570240000
13 280 768240000
13 280 790020000
13 280 724680000
13 280 1582020000
13 280 1164240000
13 280 768240000
13 280 790020000
13 280 790020000
13 280 1186020000
13 280 548460000
13 280 394020000
13 280 1758240000
13 280 2639340000
13 280 1318680000
13 280 1186020000
13 280 3518460000
13 280 570240000
13 280 665280000
13 280 7918020000
13 280 570240000
13 280 372240000
13 280 3740220000
13 280 790020000
13 280 3738240000
13 280 1186020000
13 280 1318680000
13 280 7698240000
13 280 1978020000
13 280 7698240000
13 280 768240000
13 280 439560000
13 280 768240000
13 280 461340000
13 280 1092960000
13 280 1978020000
13 280 659340000
13 280 1758240000
13 280 1164240000
13 280 39598020000
13 280 570240000
13 280 2639340000
13 280 3738240000
13 280 768240000
13 280 441540000
13 280 3958020000
13 280 6599340000
13 280 2639340000
13 280 1100880000
13 280 1164240000
13 280 1978020000
13 280 441540000
13 280 1538460000
13 280 659340000
13 280 1098900000
13 280 3958020000
13 280 669240000
13 280 570240000
13 280 263340000
13 280 1758240000
13 280 1758240000
13 280 1538460000
13 280 570240000
13 280 263340000
13 280 768240000
13 280 768240000
13 280 659340000
13 280 1760220000
13 280 3958020000
13 280 1978020000
13 280 659340000
13 280 3958020000
13 280 1976040000
13 280 263340000
13 280 592020000
13 280 1186020000
13 280 219780000
13 280 1758240000
13 280 263340000
13 280 263340000
13 280 768240000
13 280 1976040000
13 280 7698240000
13 280 768240000
13 280 439560000
13 280 1538460000
13 280 669240000
13 280 659340000
13 280 7918020000
13 280 659340000
13 280 263340000
13 280 6599340000
13 280 263340000
13 280 570240000
13 280 3518460000
13 280 439560000
13 280 241560000
13 280 3738240000
13 280 374220000
13 280 461340000
13 280 2859120000
13 280 439560000
13 280 671220000
13 280 1164240000
13 280 659340000
13 280 1033560000
13 280 1978020000
13 280 570240000
13 280 350460000
13 280 3958020000
13 280 461340000
13 280 768240000
13 280 1758240000
13 280 671220000
13 280 570240000
13 280 1538460000
13 280 570240000
13 280 3958020000
13 280 312840000
13 280 1164240000
13 280 768240000
13 280 746460000
13 280 659340000
13 280 659340000
13 280 11004840000
13 280 659340000
13 280 592020000
13 280 263340000
13 280 1538460000
13 280 2419560000
13 280 1758240000
13 280 3298680000
13 280 1538460000
13 280 1372140000
13 280 372240000
13 280 2639340000
13 280 5718240000
13 280 7698240000
13 280 1186020000
13 280 637560000
13 280 263340000
13 280 7478460000
13 280 3738240000
13 280 3518460000
13 280 350460000
13 280 7918020000
13 280 1164240000
13 280 3300660000
13 280 768240000
13 280 1758240000
13 280 1538460000
13 280 6599340000
13 280 790020000
13 280 746460000
13 280 263340000
13 280 1758240000
13 280 1758240000
13 280 3738240000
13 280 1758240000
13 280 1104840000
13 280 1758240000
13 280 7918020000
13 280 263340000
13 280 1100880000
13 280 659340000
13 280 1186020000
13 280 548460000
13 280 17598240000
13 280 768240000
13 280 659340000
13 280 1164240000
13 280 7918020000
13 280 1758240000
13 280 263340000
13 280 659340000
13 280 332640000
13 280 768240000
13 280 1098900000
13 280 439560000
13 280 11658240000
13 280 669240000
13 280 394020000
13 280 1758240000
13 280 17598240000
13 280 768240000
13 81 5000000
13 81 5000000
13 81 5000000
13 81 5000000
13 81 5000000
13 81 5000000
13 81 5000000
13 81 5000000
13 81 5000000
13 81 5000000
13 81 5000000
13 81 5000000
13 81 5000000
13 81 5000000
13 81 5000000
13 81 5000000
13 81 5000000
13 81 5000000
13 81 5000000
13 81 5000000
13 81 5000000
13 81 5000000
13 81 5000000
13 81 5000000
13 81 5000000
13 81 5000000
13 81 5000000
13 81 5000000
13 81 5000000
13 81 5000000
13 81 5000000
13 81 5000000
13 81 5000000
13 81 5000000
13 81 5000000
13 81 5000000
13 81 5000000
13 81 5000000
13 81 5000000
13 81 5000000
13 81 5000000
13 81 5000000
13 81 5000000
13 81 5000000
13 81 5000000
13 81 5000000
13 81 5000000
13 81 5000000
13 81 5000000
13 81 5000000
13 81 5000000
13 81 5000000
13 81 5000000
13 81 5000000
13 81 5000000
13 81 5000000
13 81 5000000
13 81 5000000
13 81 5000000
13 81 5000000
13 81 5000000
13 81 5000000
13 81 5000000
13 81 5000000
13 81 5000000
13 81 5000000
13 81 5000000
13 81 5000000
13 81 5000000
13 81 5000000
13 81 5000000
13 81 5000000
13 81 5000000
13 81 5000000
13 81 5000000
13 81 5000000
13 81 5000000
13 81 5000000
13 81 5000000
13 81 5000000
13 81 5000000
13 81 5000000
13 81 5000000
13 81 5000000
13 81 5000000
13 81 5000000
13 81 5000000
13 81 5000000
13 81 5000000
13 81 5000000
13 81 5000000
13 81 5000000
13 81 5000000
13 81 5000000
13 81 5000000
13 81 5000000
13 81 5000000
13 81 5000000
13 81 5000000
13 81 5000000
13 81 5000000
13 81 5000000
13 81 5000000
13 81 5000000
13 81 5000000
13 81 5000000
13 81 5000000
13 81 5000000
13 81 5000000
13 81 5000000
13 81 5000000
13 81 5000000
13 81 5000000
13 81 5000000
13 81 5000000
13 81 5000000
13 81 5000000
13 81 5000000
13 81 5000000
13 81 5000000
13 81 5000000
13 81 5000000
13 81 5000000
13 81 5000000
13 81 5000000
13 81 5000000
13 81 5000000
13 81 5000000
13 81 5000000
13 81 5000000
13 81 5000000
13 81 5000000
13 81 5000000
13 81 5000000
13 81 5000000
13 81 5000000
13 81 5000000
13 81 5000000
13 81 5000000
13 81 5000000
13 81 5000000
13 81 5000000
13 81 5000000
13 81 5000000
13 81 5000000
13 81 5000000
13 81 5000000
13 81 5000000
13 81 5000000
13 81 5000000
13 81 5000000
13 81 5000000
13 81 5000000
13 81 5000000
13 81 5000000
13 81 5000000
13 81 5000000
13 81 5000000
13 81 5000000
13 81 5000000
13 81 5000000
13 81 5000000
13 81 5000000
13 81 5000000
13 81 5000000
13 81 5000000
13 81 5000000
13 81 5000000
13 81 5000000
13 81 5000000
13 81 5000000
13 81 5000000
13 81 5000000
13 81 5000000
13 81 5000000
13 81 5000000
13 81 5000000
13 81 5000000
13 81 5000000
13 81 5000000
13 81 5000000
13 81 5000000
13 81 5000000
13 81 5000000
13 81 5000000
13 81 5000000
13 81 5000000
13 81 5000000
13 81 5000000
13 81 5000000
13 81 5000000
13 81 5000000
13 81 5000000
13 81 5000000
13 81 5000000
13 81 5000000
13 81 5000000
13 81 5000000
13 81 5000000
13 81 5000000
13 81 5000000
13 81 5000000
13 81 5000000
13 81 5000000
13 81 5000000
13 81 5000000
13 81 5000000
13 81 5000000
13 81 5000000
13 81 5000000
13 81 5000000
13 81 5000000
13 81 5000000
13 81 5000000
13 81 5000000
13 81 5000000
13 81 5000000
13 81 5000000
13 86 5000000
13 86 5000000
13 86 5000000
13 86 5000000
13 86 5000000
13 86 5000000
13 86 5000000
13 86 5000000
13 86 5000000
13 86 5000000
13 86 5000000
13 86 5000000
13 86 5000000
13 86 5000000
13 86 5000000
13 86 5000000
13 86 5000000
13 86 5000000
13 86 5000000
13 86 5000000
13 86 5000000
13 86 5000000
13 86 5000000
13 86 5000000
13 86 5000000
13 86 5000000
13 86 5000000
13 86 5000000
13 86 5000000
13 86 5000000
13 86 5000000
13 86 5000000
13 86 5000000
13 86 5000000
13 86 5000000
13 86 5000000
13 86 5000000
13 86 5000000
13 86 5000000
13 86 5000000
13 86 5000000
13 86 5000000
13 86 5000000
13 86 5000000
13 86 5000000
13 86 5000000
13 86 5000000
13 86 5000000
13 86 5000000
13 86 5000000
13 86 5000000
13 86 5000000
13 86 5000000
13 86 5000000
13 86 5000000
13 86 5000000
13 86 5000000
13 86 5000000
13 86 5000000
13 86 5000000
13 86 5000000
13 86 5000000
13 86 5000000
13 86 5000000
13 281 952380000
13 281 952380000
13 281 5000000
13 281 1142460000
13 281 1049400000
13 281 5000000
13 281 5000000
13 281 1015740000
13 281 1015740000
13 281 5000000
13 281 1269180000
13 281 5000000
13 281 5000000
13 281 1015740000
13 281 5000000
13 281 5000000
13 281 940500000
13 281 5000000
13 281 5000000
13 281 5000000
13 281 5000000
13 281 5000000
13 281 5000000
13 281 1049400000
13 281 952380000
13 281 5000000
13 281 5000000
13 281 5000000
13 281 5000000
13 281 5000000
13 281 5000000
13 281 1015740000
13 281 952380000
13 281 5000000
13 281 5000000
13 281 1142460000
13 281 5000000
13 281 5000000
13 281 5000000
13 281 5000000
13 281 5000000
13 281 1049400000
13 281 1049400000
13 281 1269180000
13 281 5000000
13 281 5000000
13 281 5000000
13 281 5000000
13 281 5000000
13 281 5000000
13 281 5000000
13 281 5000000
13 281 1142460000
13 281 5000000
13 281 1049400000
13 281 952380000
13 281 1015740000
13 281 5000000
13 281 5000000
13 281 5000000
13 281 952380000
13 281 5000000
13 281 5000000
13 281 952380000
13 281 952380000
13 281 952380000
13 281 1142460000
13 281 5000000
13 281 5000000
13 281 1049400000
13 281 1015740000
13 281 1015740000
13 281 1269180000
13 281 5000000
13 281 5000000
13 281 5000000
13 281 5000000
13 281 5000000
13 281 5000000
13 281 1015740000
13 281 940500000
13 281 5000000
13 281 5000000
13 281 5000000
13 281 5000000
13 281 5000000
13 281 5000000
13 281 5000000
13 281 5000000
13 281 5000000
13 281 1049400000
13 281 5000000
13 281 952380000
13 281 1142460000
13 281 5000000
13 281 5000000
13 281 1015740000
13 281 5000000
13 281 5000000
13 281 1015740000
13 281 1269180000
13 281 5000000
13 281 1049400000
13 281 5000000
13 281 5000000
13 281 1049400000
13 281 1142460000
13 281 5000000
13 281 5000000
13 281 5000000
13 281 952380000
13 281 5000000
13 281 952380000
13 281 5000000
13 281 5000000
13 281 952380000
13 281 5000000
13 281 5000000
13 281 5000000
13 281 1049400000
13 281 5000000
13 281 952380000
13 281 5000000
13 281 5000000
13 281 5000000
13 281 5000000
13 281 5000000
13 281 5000000
13 282 5000000
13 282 5000000
13 282 5000000
13 282 5000000
13 282 5000000
13 282 5000000
13 282 5000000
13 282 5000000
13 282 5000000
13 282 5000000
13 282 5000000
13 282 5000000
13 282 5000000
13 282 5000000
13 282 5000000
13 282 5000000
13 282 5000000
13 282 5000000
13 282 5000000
13 282 5000000
13 282 5000000
13 282 5000000
13 282 5000000
13 282 5000000
13 282 5000000
13 282 5000000
13 282 5000000
13 282 5000000
13 282 5000000
13 282 5000000
13 282 5000000
13 282 5000000
13 282 5000000
13 282 5000000
13 282 5000000
13 282 5000000
13 282 5000000
13 282 5000000
13 282 5000000
13 282 5000000
13 282 5000000
13 282 5000000
13 282 5000000
13 282 5000000
13 282 5000000
13 282 5000000
13 282 5000000
13 282 5000000
13 282 5000000
13 282 5000000
13 282 5000000
13 282 5000000
13 282 5000000
13 282 5000000
13 282 5000000
13 282 5000000
13 282 5000000
13 282 5000000
13 282 5000000
13 282 5000000
13 282 5000000
13 282 5000000
13 282 5000000
13 282 5000000
13 282 5000000
13 282 5000000
13 282 5000000
13 282 5000000
13 282 5000000
13 282 5000000
13 282 5000000
13 282 5000000
13 282 5000000
13 282 5000000
13 282 5000000
13 282 5000000
13 282 5000000
13 282 5000000
13 282 5000000
13 282 5000000
13 282 5000000
13 282 5000000
13 282 5000000
13 282 5000000
13 282 5000000
13 282 5000000
13 282 5000000
13 282 5000000
13 282 5000000
13 282 5000000
13 282 5000000
13 282 5000000
13 282 5000000
13 282 5000000
13 282 5000000
13 282 5000000
13 282 5000000
13 282 5000000
13 282 5000000
13 282 5000000
13 282 5000000
13 282 5000000
13 282 5000000
13 282 5000000
13 283 5000000
13 283 5000000
13 283 5000000
13 283 5000000
13 283 5000000
13 283 5000000
13 283 5000000
13 283 5000000
13 283 5000000
13 283 5000000
13 283 5000000
13 283 5000000
13 283 5000000
13 283 5000000
13 283 5000000
13 283 5000000
13 283 5000000
13 283 5000000
13 283 5000000
13 283 5000000
13 283 5000000
13 283 5000000
13 283 5000000
13 283 5000000
13 283 5000000
13 283 5000000
13 283 5000000
13 283 5000000
13 283 5000000
13 283 5000000
13 283 5000000
13 283 5000000
13 283 5000000
13 283 5000000
13 283 5000000
13 283 5000000
13 283 5000000
13 283 5000000
13 283 5000000
13 283 5000000
13 283 5000000
13 283 5000000
13 283 5000000
13 283 5000000
13 283 5000000
13 283 5000000
13 283 5000000
13 283 5000000
13 283 5000000
13 283 5000000
13 283 5000000
13 283 5000000
13 283 5000000
13 283 5000000
13 283 5000000
13 283 5000000
13 283 5000000
13 283 5000000
13 283 5000000
13 283 5000000
13 283 5000000
13 283 5000000
13 283 5000000
13 283 5000000
13 283 5000000
13 283 5000000
13 283 5000000
13 283 5000000
13 283 5000000
13 283 5000000
13 283 5000000
13 283 5000000
13 283 5000000
13 283 5000000
13 283 5000000
13 283 5000000
13 283 5000000
13 283 5000000
13 283 5000000
13 283 5000000
13 283 5000000
13 283 5000000
13 283 5000000
13 283 5000000
13 283 5000000
13 283 5000000
13 283 5000000
13 283 5000000
13 283 5000000
13 283 5000000
13 283 5000000
13 283 5000000
13 283 5000000
13 283 5000000
13 283 5000000
13 283 5000000
13 283 5000000
13 283 5000000
13 283 5000000
13 283 5000000
13 283 5000000
13 283 5000000
13 283 5000000
13 283 5000000
13 283 5000000
13 283 5000000
13 283 5000000
13 283 5000000
13 283 5000000
13 283 5000000
13 283 5000000
13 283 5000000
13 283 5000000
13 283 5000000
13 283 5000000
13 283 5000000
13 283 5000000
13 283 5000000
13 283 5000000
13 283 5000000
13 283 5000000
13 283 5000000
13 283 5000000
13 283 5000000
13 283 5000000
13 283 5000000
13 283 5000000
13 283 5000000
13 283 5000000
13 283 5000000
13 283 5000000
13 283 5000000
13 283 5000000
13 283 5000000
13 283 5000000
13 283 5000000
13 283 5000000
13 283 5000000
13 283 5000000
13 283 5000000
13 283 5000000
13 283 5000000
13 283 5000000
13 283 5000000
13 283 5000000
13 283 5000000
13 283 5000000
13 283 5000000
13 283 5000000
13 283 5000000
13 283 5000000
13 283 5000000
13 283 5000000
13 283 5000000
13 283 5000000
13 283 5000000
13 283 5000000
13 283 5000000
13 283 5000000
13 283 5000000
13 283 5000000
13 283 5000000
13 283 5000000
13 283 5000000
13 283 5000000
13 283 5000000
13 283 5000000
13 283 5000000
13 283 5000000
13 283 5000000
13 283 5000000
13 283 5000000
13 283 5000000
13 283 5000000
13 283 5000000
13 283 5000000
13 284 5000000
13 284 5000000
13 284 5000000
13 284 5000000
13 284 5000000
13 284 5000000
13 284 5000000
13 284 5000000
13 284 5000000
13 284 5000000
13 284 5000000
13 284 5000000
13 284 5000000
13 284 5000000
13 284 5000000
13 284 5000000
13 284 5000000
13 284 5000000
13 284 5000000
13 284 5000000
13 284 5000000
13 284 5000000
13 266 5000000
13 266 198000000
13 266 198000000
13 266 461340000
13 266 199980000
13 266 5000000
13 266 198000000
13 266 439560000
13 266 198000000
13 266 5000000
13 266 198000000
13 266 198000000
13 266 219780000
13 266 990000000
13 266 201960000
13 266 439560000
13 266 5000000
13 266 199980000
13 266 241560000
13 266 199980000
13 266 199980000
13 266 198000000
13 266 199980000
13 266 199980000
13 266 5000000
13 266 199980000
13 266 201960000
13 266 198000000
13 266 5000000
13 266 199980000
13 266 199980000
13 266 219780000
13 266 900900000
13 266 548460000
13 266 5000000
13 266 199980000
13 266 1956240000
13 266 198000000
13 266 5000000
13 266 198000000
13 266 199980000
13 266 198000000
13 266 5000000
13 266 223740000
13 266 5000000
13 266 5000000
13 266 496980000
13 266 396000000
13 266 198000000
13 266 201960000
13 266 199980000
13 266 441540000
13 266 215820000
13 266 207900000
13 266 198000000
13 266 199980000
13 266 199980000
13 266 199980000
13 266 201960000
13 266 203940000
13 266 221760000
13 266 199980000
13 266 5000000
13 266 298980000
13 266 199980000
13 266 312840000
13 266 201960000
13 266 198000000
13 266 199980000
13 266 5000000
13 266 201960000
13 266 227700000
13 266 5000000
13 266 219780000
13 266 5000000
13 266 702900000
13 266 219780000
13 266 219780000
13 266 198000000
13 266 199980000
13 266 221760000
13 266 198000000
13 266 239580000
13 266 5000000
13 266 241560000
13 266 461340000
13 266 439560000
13 266 201960000
13 266 5000000
13 266 219780000
13 266 209880000
13 266 199980000
13 266 199980000
13 266 199980000
13 266 207900000
13 266 198000000
13 266 396000000
13 266 199980000
13 266 203940000
13 266 199980000
13 266 201960000
13 266 203940000
13 266 199980000
13 266 5000000
13 266 198000000
13 266 879120000
13 266 199980000
13 266 900900000
13 266 790020000
13 266 199980000
13 266 263340000
13 266 198000000
13 266 439560000
13 266 5000000
13 266 243540000
13 266 5000000
13 266 5000000
13 266 993960000
13 266 396000000
13 266 5000000
13 266 1324620000
13 266 5000000
13 266 207900000
13 266 5000000
13 266 394020000
13 266 241560000
13 266 5000000
13 266 5000000
13 266 199980000
13 266 221760000
13 266 199980000
13 266 530640000
13 266 461340000
13 266 198000000
13 266 590040000
13 266 439560000
13 266 198000000
13 266 209880000
13 266 417780000
13 266 199980000
13 266 199980000
13 266 199980000
13 266 5000000
13 266 201960000
13 266 199980000
13 266 199980000
13 266 198000000
13 266 219780000
13 266 207900000
13 266 198000000
13 266 5000000
13 266 5000000
13 266 199980000
13 266 5000000
13 266 221760000
13 266 199980000
13 266 213840000
13 266 198000000
13 266 221760000
13 266 201960000
13 266 461340000
13 266 5000000
13 266 5000000
13 266 198000000
13 266 223740000
13 266 5000000
13 266 198000000
13 266 198000000
13 266 5000000
13 266 5000000
13 266 201960000
13 266 198000000
13 266 213840000
13 266 243540000
13 266 198000000
13 266 198000000
13 266 241560000
13 266 5000000
13 266 198000000
13 266 198000000
13 266 203940000
13 266 768240000
13 266 5000000
13 266 221760000
13 266 199980000
13 266 199980000
13 266 5000000
13 266 203940000
13 266 199980000
13 266 203940000
13 266 1318680000
13 266 219780000
13 266 5000000
13 266 203940000
13 266 198000000
13 266 198000000
13 266 263340000
13 266 5000000
13 266 221760000
13 266 198000000
13 266 199980000
13 266 201960000
13 266 203940000
13 266 217800000
13 266 5000000
13 266 241560000
13 266 198000000
13 266 203940000
13 266 199980000
13 266 237600000
13 266 944460000
13 266 198000000
13 266 198000000
13 266 615780000
13 266 198000000
13 266 199980000
13 266 512820000
13 266 879120000
13 266 5000000
13 266 199980000
13 266 5000000
13 266 203940000
13 266 223740000
13 266 219780000
13 266 199980000
13 266 439560000
13 266 199980000
13 266 198000000
13 266 223740000
13 266 5000000
13 266 219780000
13 266 199980000
13 266 372240000
13 266 5000000
13 266 199980000
13 266 599940000
13 266 1098900000
13 266 5000000
13 266 199980000
13 266 417780000
13 266 199980000
13 266 199980000
13 266 5000000
13 266 813780000
13 266 5000000
13 266 5000000
13 266 198000000
13 266 5000000
13 266 2221560000
13 266 221760000
13 266 5000000
13 266 215820000
13 266 5000000
13 266 201960000
13 266 201960000
13 266 900900000
13 266 461340000
13 266 219780000
13 266 5000000
13 266 199980000
13 266 504900000
13 266 221760000
13 266 198000000
13 266 5000000
13 266 5000000
13 266 411840000
13 266 5000000
13 266 203940000
13 266 201960000
13 266 199980000
13 266 5000000
13 266 5000000
13 266 724680000
13 266 198000000
13 266 439560000
13 266 198000000
13 266 199980000
13 266 241560000
13 266 5000000
13 266 5000000
13 266 1186020000
13 266 5000000
13 266 198000000
13 266 219780000
13 266 201960000
13 266 199980000
13 266 198000000
13 266 199980000
13 266 241560000
13 266 199980000
13 266 223740000
13 266 241560000
13 266 215820000
13 266 243540000
13 266 199980000
13 266 5000000
13 266 241560000
13 266 203940000
13 266 199980000
13 266 5000000
13 266 223740000
13 266 241560000
13 266 198000000
13 266 5000000
13 266 203940000
13 266 198000000
13 266 199980000
13 266 203940000
13 266 198000000
13 266 203940000
13 266 201960000
13 266 5000000
13 266 239580000
13 266 237600000
13 266 5000000
13 266 241560000
13 266 659340000
13 266 900900000
13 266 241560000
13 266 198000000
13 266 5000000
13 266 198000000
13 266 439560000
13 266 831600000
13 266 5000000
13 266 5000000
13 266 198000000
13 266 887040000
13 266 198000000
13 266 198000000
13 266 5000000
13 266 223740000
13 266 1780020000
13 266 198000000
13 266 241560000
13 266 223740000
13 266 199980000
13 266 5000000
13 266 5000000
13 266 5000000
13 266 199980000
13 266 199980000
13 266 205920000
13 266 199980000
13 266 203940000
13 266 4399560000
13 266 221760000
13 266 1098900000
13 266 227700000
13 266 1540440000
13 266 461340000
13 266 693000000
13 266 5000000
13 266 1098900000
13 266 259380000
13 266 198000000
13 266 199980000
13 266 5000000
13 266 298980000
13 266 198000000
13 266 223740000
13 266 198000000
13 266 441540000
13 266 221760000
13 266 219780000
13 266 5000000
13 266 5000000
13 266 5000000
13 266 198000000
13 266 198000000
13 266 5000000
13 266 198000000
13 266 439560000
13 266 504900000
13 266 1912680000
13 266 199980000
13 266 223740000
13 266 394020000
13 266 199980000
13 266 372240000
13 266 198000000
13 266 5000000
13 266 199980000
13 266 203940000
13 266 243540000
13 266 199980000
13 266 198000000
13 266 198000000
13 266 263340000
13 266 199980000
13 266 461340000
13 266 203940000
13 266 203940000
13 266 205920000
13 266 439560000
13 266 219780000
13 266 241560000
13 266 510840000
13 266 5000000
13 266 199980000
13 266 199980000
13 266 199980000
13 266 198000000
13 266 199980000
13 266 5000000
13 266 201960000
13 266 5000000
13 266 5000000
13 266 439560000
13 266 198000000
13 266 5000000
13 266 203940000
13 266 219780000
13 266 198000000
13 266 199980000
13 266 1843380000
13 266 417780000
13 266 241560000
13 266 439560000
13 266 439560000
13 266 5000000
13 266 199980000
13 266 199980000
13 266 199980000
13 266 437580000
13 266 199980000
13 266 198000000
13 266 3298680000
13 266 570240000
13 266 199980000
13 266 201960000
13 266 198000000
13 266 203940000
13 266 203940000
13 266 5000000
13 266 659340000
13 266 241560000
13 266 5000000
13 266 198000000
13 266 198000000
13 266 203940000
13 266 199980000
13 266 198000000
13 266 198000000
13 266 198000000
13 266 5000000
13 266 439560000
13 266 792000000
13 266 199980000
13 266 5000000
13 266 199980000
13 266 201960000
13 266 201960000
13 266 199980000
13 266 199980000
13 266 5000000
13 266 198000000
13 266 198000000
13 266 5000000
13 266 198000000
13 266 439560000
13 266 201960000
13 266 198000000
13 266 5000000
13 266 199980000
13 266 461340000
13 266 198000000
13 266 990000000
13 266 439560000
13 266 5000000
13 266 5000000
13 266 241560000
13 266 198000000
13 266 199980000
13 266 198000000
13 266 199980000
13 266 900900000
13 266 219780000
13 266 199980000
13 266 201960000
13 266 199980000
13 266 199980000
13 266 5000000
13 266 199980000
13 266 199980000
13 266 219780000
13 266 548460000
13 266 199980000
13 266 1956240000
13 266 5000000
13 266 198000000
13 266 223740000
13 266 198000000
13 266 5000000
13 266 198000000
13 266 198000000
13 266 5000000
13 266 396000000
13 266 496980000
13 266 199980000
13 266 441540000
13 266 201960000
13 266 198000000
13 266 5000000
13 266 298980000
13 266 5000000
13 266 215820000
13 266 199980000
13 266 199980000
13 266 198000000
13 266 207900000
13 266 198000000
13 266 5000000
13 266 199980000
13 266 201960000
13 266 199980000
13 266 199980000
13 266 5000000
13 266 203940000
13 266 221760000
13 266 312840000
13 266 199980000
13 266 199980000
13 266 201960000
13 266 227700000
13 266 5000000
13 266 201960000
13 266 221760000
13 266 5000000
13 266 702900000
13 266 201960000
13 266 219780000
13 266 241560000
13 266 461340000
13 266 439560000
13 266 198000000
13 266 199980000
13 266 219780000
13 266 239580000
13 266 219780000
13 266 199980000
13 266 5000000
13 266 5000000
13 266 209880000
13 266 198000000
13 266 396000000
13 266 199980000
13 266 198000000
13 266 203940000
13 266 203940000
13 266 879120000
13 266 199980000
13 266 199980000
13 266 1324620000
13 266 198000000
13 266 199980000
13 266 199980000
13 266 219780000
13 266 900900000
13 266 199980000
13 266 5000000
13 266 790020000
13 266 198000000
13 266 263340000
13 266 207900000
13 266 199980000
13 266 5000000
13 266 439560000
13 266 5000000
13 266 201960000
13 266 5000000
13 266 5000000
13 266 5000000
13 266 5000000
13 266 241560000
13 266 396000000
13 266 207900000
13 266 199980000
13 266 199980000
13 266 590040000
13 266 198000000
13 266 5000000
13 266 461340000
13 266 394020000
13 266 199980000
13 266 243540000
13 266 199980000
13 266 198000000
13 266 530640000
13 266 221760000
13 266 199980000
13 266 993960000
13 266 199980000
13 266 439560000
13 266 199980000
13 266 199980000
13 266 5000000
13 266 209880000
13 266 5000000
13 266 201960000
13 266 5000000
13 266 219780000
13 266 207900000
13 266 213840000
13 266 198000000
13 266 198000000
13 266 201960000
13 266 198000000
13 266 198000000
13 266 5000000
13 266 198000000
13 266 198000000
13 266 5000000
13 266 221760000
13 266 221760000
13 266 221760000
13 266 417780000
13 266 5000000
13 266 199980000
13 266 198000000
13 266 5000000
13 266 5000000
13 266 243540000
13 266 201960000
13 266 5000000
13 266 439560000
13 266 241560000
13 266 1318680000
13 266 198000000
13 266 768240000
13 266 5000000
13 266 213840000
13 266 199980000
13 266 5000000
13 266 223740000
13 266 198000000
13 266 198000000
13 266 199980000
13 266 5000000
13 266 461340000
13 266 201960000
13 266 199980000
13 266 201960000
13 266 461340000
13 266 5000000
13 266 203940000
13 266 203940000
13 266 199980000
13 266 199980000
13 266 219780000
13 266 198000000
13 266 203940000
13 266 199980000
13 266 199980000
13 266 198000000
13 266 944460000
13 266 5000000
13 266 198000000
13 266 199980000
13 266 199980000
13 266 5000000
13 266 199980000
13 266 215820000
13 266 199980000
13 266 203940000
13 266 241560000
13 266 221760000
13 266 5000000
13 266 199980000
13 266 198000000
13 266 599940000
13 266 199980000
13 266 237600000
13 266 5000000
13 266 199980000
13 266 241560000
13 266 198000000
13 266 198000000
13 266 241560000
13 266 813780000
13 266 199980000
13 266 5000000
13 266 237600000
13 266 5000000
13 266 221760000
13 266 504900000
13 266 241560000
13 266 198000000
13 266 5000000
13 266 198000000
13 266 5000000
13 266 5000000
13 266 199980000
13 266 5000000
13 266 205920000
13 266 5000000
13 266 221760000
13 266 199980000
13 266 198000000
13 266 198000000
13 266 199980000
13 266 199980000
13 266 199980000
13 266 198000000
13 266 201960000
13 266 198000000
13 266 219780000
13 266 5000000
13 266 461340000
13 266 5000000
13 266 223740000
13 266 217800000
13 266 241560000
13 266 5000000
13 266 900900000
13 266 198000000
13 266 461340000
13 266 5000000
13 266 199980000
13 266 243540000
13 266 203940000
13 266 1098900000
13 266 205920000
13 266 372240000
13 266 227700000
13 266 198000000
13 266 5000000
13 266 199980000
13 266 198000000
13 266 5000000
13 266 5000000
13 266 203940000
13 266 219780000
13 266 5000000
13 266 5000000
13 266 199980000
13 266 659340000
13 266 203940000
13 266 887040000
13 266 199980000
13 266 199980000
13 266 439560000
13 266 5000000
13 266 198000000
13 266 198000000
13 266 199980000
13 266 259380000
13 266 241560000
13 266 2221560000
13 266 241560000
13 266 199980000
13 266 263340000
13 266 1843380000
13 266 198000000
13 266 223740000
13 266 439560000
13 266 693000000
13 266 199980000
13 266 199980000
13 266 198000000
13 266 203940000
13 266 199980000
13 266 198000000
13 266 510840000
13 266 198000000
13 266 201960000
13 266 198000000
13 266 5000000
13 266 203940000
13 266 198000000
13 266 219780000
13 266 5000000
13 266 199980000
13 266 5000000
13 266 439560000
13 266 198000000
13 266 5000000
13 266 394020000
13 266 439560000
13 266 198000000
13 266 879120000
13 266 5000000
13 266 504900000
13 266 439560000
13 266 198000000
13 266 199980000
13 266 203940000
13 266 1780020000
13 266 5000000
13 266 5000000
13 266 198000000
13 266 223740000
13 266 223740000
13 266 203940000
13 266 831600000
13 266 437580000
13 266 5000000
13 266 203940000
13 266 5000000
13 266 223740000
13 266 203940000
13 266 198000000
13 266 198000000
13 266 570240000
13 266 215820000
13 266 441540000
13 266 5000000
13 266 199980000
13 266 198000000
13 266 4399560000
13 266 198000000
13 266 198000000
13 266 203940000
13 266 198000000
13 266 199980000
13 266 199980000
13 266 221760000
13 266 5000000
13 266 199980000
13 266 263340000
13 266 203940000
13 266 5000000
13 266 5000000
13 266 241560000
13 266 201960000
13 266 201960000
13 266 5000000
13 266 659340000
13 266 198000000
13 266 199980000
13 266 439560000
13 266 199980000
13 266 5000000
13 266 615780000
13 266 5000000
13 266 199980000
13 266 201960000
13 266 1186020000
13 266 199980000
13 266 241560000
13 266 411840000
13 266 417780000
13 266 1912680000
13 266 201960000
13 266 724680000
13 266 198000000
13 266 298980000
13 266 5000000
13 266 198000000
13 266 5000000
13 266 203940000
13 266 241560000
13 266 223740000
13 266 203940000
13 266 198000000
13 266 417780000
13 266 439560000
13 266 221760000
13 266 5000000
13 266 5000000
13 266 243540000
13 266 5000000
13 266 3298680000
13 266 900900000
13 266 512820000
13 266 199980000
13 266 198000000
13 266 5000000
13 266 792000000
13 266 199980000
13 266 203940000
13 266 1540440000
13 266 5000000
13 266 1098900000
13 266 219780000
13 266 201960000
13 266 439560000
13 266 219780000
13 266 199980000
13 266 199980000
13 266 198000000
13 266 201960000
13 266 5000000
13 266 223740000
13 266 199980000
13 266 199980000
13 266 5000000
13 266 5000000
13 266 198000000
13 266 219780000
13 266 203940000
13 266 198000000
13 266 5000000
13 266 199980000
13 266 198000000
13 266 5000000
13 266 241560000
13 266 239580000
13 266 219780000
13 266 5000000
13 266 5000000
13 266 372240000
13 266 5000000
13 266 223740000
13 266 203940000
13 266 198000000
13 266 1098900000
13 266 241560000
13 267 396000000
13 267 5000000
13 267 3168000000
13 267 792000000
13 267 5000000
13 267 5000000
13 267 198000000
13 267 5000000
13 267 5000000
13 267 5000000
13 267 5000000
13 267 198000000
13 267 5000000
13 267 5000000
13 267 793980000
13 267 5000000
13 267 5000000
13 267 5000000
13 267 1585980000
13 267 5000000
13 267 5000000
13 267 792000000
13 267 198000000
13 267 3168000000
13 267 5000000
13 267 5000000
13 267 5000000
13 267 5000000
13 267 198000000
13 267 5000000
13 267 5000000
13 267 199980000
13 267 5000000
13 267 199980000
13 267 5000000
13 267 5000000
13 267 793980000
13 267 396000000
13 267 199980000
13 267 5000000
13 267 792000000
13 267 5000000
13 267 396000000
13 267 5000000
13 267 5000000
13 267 396000000
13 267 5000000
13 267 5000000
13 267 397980000
13 267 396000000
13 267 397980000
13 267 198000000
13 267 5000000
13 267 793980000
13 267 5000000
13 267 5000000
13 267 397980000
13 267 5000000
13 267 5000000
13 267 792000000
13 267 198000000
13 267 5000000
13 267 5000000
13 267 199980000
13 267 198000000
13 267 5000000
13 267 5000000
13 267 5000000
13 267 5000000
13 267 199980000
13 267 198000000
13 267 397980000
13 267 5000000
13 267 5000000
13 267 5000000
13 267 5000000
13 267 5000000
13 267 198000000
13 267 793980000
13 267 5000000
13 267 5000000
13 267 5000000
13 267 5000000
13 267 5000000
13 267 5000000
13 267 5000000
13 267 793980000
13 267 1585980000
13 267 5000000
13 267 5000000
13 267 397980000
13 267 5000000
13 267 199980000
13 267 1585980000
13 267 5000000
13 267 199980000
13 267 5000000
13 267 199980000
13 267 1584000000
13 267 5000000
13 267 5000000
13 267 396000000
13 267 199980000
13 267 5000000
13 267 198000000
13 267 5000000
13 267 5000000
13 267 5000000
13 267 5000000
13 267 199980000
13 267 397980000
13 267 198000000
13 267 199980000
13 267 199980000
13 267 5000000
13 267 5000000
13 267 5000000
13 267 5000000
13 267 5000000
13 267 5000000
13 267 5000000
13 267 5000000
13 267 5000000
13 267 5000000
13 267 397980000
13 267 198000000
13 267 198000000
13 267 3168000000
13 267 5000000
13 267 5000000
13 267 396000000
13 267 396000000
13 267 396000000
13 267 396000000
13 267 396000000
13 267 396000000
13 267 5000000
13 267 198000000
13 267 5000000
13 267 5000000
13 267 5000000
13 267 199980000
13 267 397980000
13 267 5000000
13 267 3168000000
13 267 5000000
13 267 5000000
13 267 1584000000
13 267 5000000
13 267 5000000
13 267 5000000
13 267 5000000
13 267 5000000
13 267 198000000
13 267 5000000
13 267 396000000
13 267 5000000
13 267 792000000
13 267 5000000
13 267 199980000
13 267 5000000
13 267 198000000
13 267 396000000
13 267 5000000
13 267 5000000
13 267 198000000
13 267 198000000
13 267 198000000
13 267 198000000
13 267 5000000
13 267 5000000
13 267 5000000
13 267 5000000
13 267 5000000
13 267 5000000
13 267 5000000
13 267 396000000
13 267 5000000
13 267 3168000000
13 267 5000000
13 267 792000000
13 267 5000000
13 267 5000000
13 267 5000000
13 267 5000000
13 267 198000000
13 267 5000000
13 267 5000000
13 267 198000000
13 267 5000000
13 267 793980000
13 267 5000000
13 267 5000000
13 267 5000000
13 267 1585980000
13 267 5000000
13 267 5000000
13 267 198000000
13 267 5000000
13 267 792000000
13 267 3168000000
13 267 5000000
13 267 199980000
13 267 5000000
13 267 396000000
13 267 5000000
13 267 5000000
13 267 5000000
13 267 5000000
13 267 5000000
13 267 5000000
13 267 5000000
13 267 198000000
13 267 396000000
13 267 199980000
13 267 5000000
13 267 5000000
13 267 5000000
13 267 397980000
13 267 396000000
13 267 5000000
13 267 793980000
13 267 792000000
13 267 5000000
13 267 397980000
13 267 5000000
13 267 396000000
13 267 199980000
13 267 5000000
13 267 198000000
13 267 5000000
13 267 198000000
13 267 5000000
13 267 792000000
13 267 5000000
13 267 397980000
13 267 5000000
13 267 5000000
13 267 5000000
13 267 199980000
13 267 5000000
13 267 5000000
13 267 793980000
13 267 5000000
13 267 5000000
13 267 5000000
13 267 198000000
13 267 198000000
13 267 5000000
13 267 5000000
13 267 5000000
13 267 199980000
13 267 1585980000
13 267 793980000
13 267 5000000
13 267 5000000
13 267 5000000
13 267 198000000
13 267 5000000
13 267 5000000
13 267 5000000
13 267 397980000
13 267 199980000
13 267 198000000
13 267 198000000
13 267 5000000
13 267 5000000
13 267 5000000
13 267 1584000000
13 267 396000000
13 267 5000000
13 267 198000000
13 267 5000000
13 267 397980000
13 267 3168000000
13 267 199980000
13 267 1585980000
13 267 396000000
13 267 5000000
13 267 199980000
13 267 5000000
13 267 5000000
13 267 1584000000
13 267 396000000
13 267 198000000
13 267 5000000
13 267 5000000
13 267 5000000
13 267 198000000
13 267 5000000
13 267 5000000
13 267 5000000
13 267 5000000
13 267 396000000
13 267 5000000
13 267 3168000000
13 267 5000000
13 267 5000000
13 267 5000000
13 267 198000000
13 267 199980000
13 267 396000000
13 267 397980000
13 267 198000000
13 267 397980000
13 267 5000000
13 267 198000000
13 267 199980000
13 267 199980000
13 267 5000000
13 267 5000000
13 267 792000000
13 267 5000000
13 267 199980000
13 267 396000000
13 267 5000000
13 267 5000000
13 267 5000000
13 267 396000000
13 267 5000000
13 267 5000000
13 267 5000000
13 267 5000000
13 267 5000000
13 267 397980000
13 267 5000000
13 267 199980000
13 267 793980000
13 267 5000000
13 267 5000000
13 267 199980000
13 267 5000000
13 267 5000000
13 267 5000000
13 267 5000000
13 267 5000000
13 267 198000000
13 267 5000000
13 267 396000000
13 267 396000000
13 267 198000000
13 267 5000000
13 267 5000000
13 267 5000000
13 267 5000000
13 267 5000000
13 267 5000000
13 267 5000000
13 267 5000000
13 267 198000000
13 267 5000000
13 267 5000000
13 104 5000000
13 104 5000000
13 104 5000000
13 104 5000000
13 104 5000000
13 104 5000000
13 104 5000000
13 104 5000000
13 104 5000000
13 104 5000000
13 104 5000000
13 104 5000000
13 104 5000000
13 104 5000000
13 104 5000000
13 104 5000000
13 104 5000000
13 104 5000000
13 104 5000000
13 104 5000000
13 104 5000000
13 104 5000000
13 104 5000000
13 104 5000000
13 104 5000000
13 104 5000000
13 104 5000000
13 104 5000000
13 104 5000000
13 104 5000000
13 104 5000000
13 104 5000000
13 104 5000000
13 104 5000000
13 104 5000000
13 104 5000000
13 104 5000000
13 104 5000000
13 104 5000000
13 104 5000000
13 104 5000000
13 104 5000000
13 104 5000000
13 104 5000000
13 104 5000000
13 104 5000000
13 104 5000000
13 104 5000000
13 104 5000000
13 104 5000000
13 104 5000000
13 104 5000000
13 104 5000000
13 104 5000000
13 104 5000000
13 104 5000000
13 104 5000000
13 104 5000000
13 104 5000000
13 104 5000000
13 104 5000000
13 104 5000000
13 104 5000000
13 104 5000000
13 104 5000000
13 104 5000000
13 104 5000000
13 104 5000000
13 104 5000000
13 104 5000000
13 104 5000000
13 104 5000000
13 104 5000000
13 104 5000000
13 104 5000000
13 104 5000000
13 104 5000000
13 104 5000000
13 104 5000000
13 104 5000000
13 104 5000000
13 104 5000000
13 104 5000000
13 104 5000000
13 104 5000000
13 104 5000000
13 104 5000000
13 104 5000000
13 104 5000000
13 104 5000000
13 104 5000000
13 104 5000000
13 104 5000000
13 104 5000000
13 104 5000000
13 104 5000000
13 104 5000000
13 104 5000000
13 104 5000000
13 104 5000000
13 104 5000000
13 104 5000000
13 104 5000000
13 104 5000000
13 104 5000000
13 104 5000000
13 104 5000000
13 104 5000000
13 104 5000000
13 104 5000000
13 104 5000000
13 104 5000000
13 104 5000000
13 104 5000000
13 104 5000000
13 104 5000000
13 104 5000000
13 104 5000000
13 104 5000000
13 104 5000000
13 104 5000000
13 104 5000000
13 104 5000000
13 104 5000000
13 104 5000000
13 104 5000000
13 104 5000000
13 104 5000000
13 104 5000000
13 104 5000000
13 104 5000000
13 104 5000000
13 104 5000000
13 104 5000000
13 104 5000000
13 104 5000000
13 104 5000000
13 104 5000000
13 104 5000000
13 104 5000000
13 104 5000000
13 104 5000000
13 104 5000000
13 104 5000000
13 104 5000000
13 104 5000000
13 104 5000000
13 104 5000000
13 104 5000000
13 104 5000000
13 104 5000000
13 104 5000000
13 104 5000000
13 104 5000000
13 104 5000000
13 104 5000000
13 104 5000000
13 104 5000000
13 104 5000000
13 104 5000000
13 104 5000000
13 104 5000000
13 104 5000000
13 104 5000000
13 104 5000000
13 104 5000000
13 104 5000000
13 104 5000000
13 104 5000000
13 104 5000000
13 104 5000000
13 104 5000000
13 104 5000000
13 104 5000000
13 104 5000000
13 104 5000000
13 104 5000000
13 104 5000000
13 104 5000000
13 104 5000000
13 104 5000000
13 104 5000000
13 104 5000000
13 104 5000000
13 104 5000000
13 104 5000000
13 104 5000000
13 104 5000000
13 104 5000000
13 104 5000000
13 104 5000000
13 104 5000000
13 104 5000000
13 104 5000000
13 104 5000000
13 104 5000000
13 104 5000000
13 104 5000000
13 104 5000000
13 104 5000000
13 104 5000000
13 104 5000000
13 104 5000000
13 104 5000000
13 104 5000000
13 104 5000000
13 104 5000000
13 104 5000000
13 104 5000000
13 104 5000000
13 104 5000000
13 104 5000000
13 104 5000000
13 104 5000000
13 104 5000000
13 104 5000000
13 104 5000000
13 104 5000000
13 104 5000000
13 104 5000000
13 104 5000000
13 104 5000000
13 104 5000000
13 104 5000000
13 104 5000000
13 104 5000000
13 104 5000000
13 104 5000000
13 104 5000000
13 104 5000000
13 104 5000000
13 104 5000000
13 104 5000000
13 104 5000000
13 104 5000000
13 104 5000000
13 104 5000000
13 104 5000000
13 104 5000000
13 104 5000000
13 104 5000000
13 104 5000000
13 104 5000000
13 104 5000000
13 104 5000000
13 104 5000000
13 104 5000000
13 104 5000000
13 104 5000000
13 104 5000000
13 104 5000000
13 104 5000000
13 104 5000000
13 104 5000000
13 104 5000000
13 104 5000000
13 104 5000000
13 104 5000000
13 104 5000000
13 104 5000000
13 104 5000000
13 104 5000000
13 104 5000000
13 104 5000000
13 104 5000000
13 104 5000000
13 104 5000000
13 104 5000000
13 104 5000000
13 104 5000000
13 104 5000000
13 104 5000000
13 104 5000000
13 104 5000000
13 104 5000000
13 104 5000000
13 104 5000000
13 104 5000000
13 104 5000000
13 104 5000000
13 104 5000000
13 104 5000000
13 104 5000000
13 104 5000000
13 104 5000000
13 104 5000000
13 104 5000000
13 104 5000000
13 104 5000000
13 104 5000000
13 104 5000000
13 104 5000000
13 104 5000000
13 104 5000000
13 104 5000000
13 104 5000000
13 104 5000000
13 104 5000000
13 104 5000000
13 104 5000000
13 104 5000000
13 104 5000000
13 104 5000000
13 104 5000000
13 104 5000000
13 104 5000000
13 104 5000000
13 104 5000000
13 104 5000000
13 104 5000000
13 104 5000000
13 104 5000000
13 104 5000000
13 104 5000000
13 104 5000000
13 104 5000000
13 104 5000000
13 104 5000000
13 104 5000000
13 104 5000000
13 104 5000000
13 104 5000000
13 104 5000000
13 104 5000000
13 104 5000000
13 104 5000000
13 104 5000000
13 104 5000000
13 104 5000000
13 104 5000000
13 104 5000000
13 104 5000000
13 104 5000000
13 104 5000000
13 104 5000000
13 104 5000000
13 104 5000000
13 104 5000000
13 104 5000000
13 104 5000000
13 104 5000000
13 104 5000000
13 104 5000000
13 104 5000000
13 104 5000000
13 104 5000000
13 104 5000000
13 104 5000000
13 104 5000000
13 104 5000000
13 104 5000000
13 104 5000000
13 104 5000000
13 104 5000000
13 104 5000000
13 104 5000000
13 104 5000000
13 104 5000000
13 104 5000000
13 104 5000000
13 104 5000000
13 104 5000000
13 104 5000000
13 104 5000000
13 104 5000000
13 104 5000000
13 104 5000000
13 104 5000000
13 104 5000000
13 104 5000000
13 104 5000000
13 104 5000000
13 104 5000000
13 104 5000000
13 104 5000000
13 104 5000000
13 104 5000000
13 104 5000000
13 104 5000000
13 104 5000000
13 104 5000000
13 104 5000000
13 104 5000000
13 104 5000000
13 104 5000000
13 104 5000000
13 104 5000000
13 104 5000000
13 104 5000000
13 104 5000000
13 104 5000000
13 104 5000000
13 104 5000000
13 104 5000000
13 104 5000000
13 104 5000000
13 104 5000000
13 104 5000000
13 104 5000000
13 104 5000000
13 104 5000000
13 104 5000000
13 104 5000000
13 104 5000000
13 104 5000000
13 104 5000000
13 104 5000000
13 104 5000000
13 104 5000000
13 104 5000000
13 104 5000000
13 104 5000000
13 104 5000000
13 104 5000000
13 104 5000000
13 104 5000000
13 104 5000000
13 104 5000000
13 104 5000000
13 104 5000000
13 104 5000000
13 104 5000000
13 104 5000000
13 104 5000000
13 104 5000000
13 104 5000000
13 104 5000000
13 104 5000000
13 104 5000000
13 104 5000000
13 104 5000000
13 104 5000000
13 104 5000000
13 104 5000000
13 104 5000000
13 104 5000000
13 104 5000000
13 104 5000000
13 104 5000000
13 104 5000000
13 104 5000000
13 104 5000000
13 104 5000000
13 104 5000000
13 104 5000000
13 104 5000000
13 104 5000000
13 104 5000000
13 104 5000000
13 104 5000000
13 104 5000000
13 104 5000000
13 104 5000000
13 104 5000000
13 104 5000000
13 104 5000000
13 104 5000000
13 104 5000000
13 104 5000000
13 104 5000000
13 104 5000000
13 104 5000000
13 104 5000000
13 104 5000000
13 104 5000000
13 104 5000000
13 104 5000000
13 104 5000000
13 104 5000000
13 104 5000000
13 104 5000000
13 104 5000000
13 104 5000000
13 104 5000000
13 104 5000000
13 104 5000000
13 104 5000000
13 104 5000000
13 104 5000000
13 104 5000000
13 104 5000000
13 104 5000000
13 104 5000000
13 104 5000000
13 104 5000000
13 104 5000000
13 104 5000000
13 104 5000000
13 104 5000000
13 104 5000000
13 104 5000000
13 104 5000000
13 104 5000000
13 104 5000000
13 104 5000000
13 104 5000000
13 104 5000000
13 104 5000000
13 104 5000000
13 104 5000000
13 104 5000000
13 104 5000000
13 104 5000000
13 104 5000000
13 104 5000000
13 104 5000000
13 104 5000000
13 104 5000000
13 104 5000000
13 104 5000000
13 104 5000000
13 104 5000000
13 104 5000000
13 104 5000000
13 104 5000000
13 104 5000000
13 104 5000000
13 104 5000000
13 104 5000000
13 104 5000000
13 104 5000000
13 104 5000000
13 104 5000000
13 104 5000000
13 104 5000000
13 104 5000000
13 104 5000000
13 104 5000000
13 104 5000000
13 104 5000000
13 104 5000000
13 104 5000000
13 104 5000000
13 104 5000000
13 104 5000000
13 104 5000000
13 104 5000000
13 104 5000000
13 104 5000000
13 104 5000000
13 104 5000000
13 104 5000000
13 104 5000000
13 104 5000000
13 104 5000000
13 104 5000000
13 104 5000000
13 104 5000000
13 104 5000000
13 104 5000000
13 104 5000000
13 104 5000000
13 104 5000000
13 104 5000000
13 104 5000000
13 104 5000000
13 104 5000000
13 104 5000000
13 104 5000000
13 104 5000000
13 104 5000000
13 104 5000000
13 104 5000000
13 104 5000000
13 104 5000000
13 104 5000000
13 104 5000000
13 104 5000000
13 104 5000000
13 104 5000000
13 104 5000000
13 104 5000000
13 104 5000000
13 104 5000000
13 104 5000000
13 104 5000000
13 104 5000000
13 104 5000000
13 104 5000000
13 104 5000000
13 104 5000000
13 104 5000000
13 104 5000000
13 104 5000000
13 104 5000000
13 104 5000000
13 104 5000000
13 104 5000000
13 104 5000000
13 104 5000000
13 104 5000000
13 104 5000000
13 104 5000000
13 104 5000000
13 104 5000000
13 104 5000000
13 104 5000000
13 104 5000000
13 104 5000000
13 104 5000000
13 104 5000000
13 104 5000000
13 104 5000000
13 104 5000000
13 104 5000000
13 104 5000000
13 104 5000000
13 104 5000000
13 104 5000000
13 104 5000000
13 104 5000000
13 104 5000000
13 104 5000000
13 104 5000000
13 104 5000000
13 104 5000000
13 104 5000000
13 104 5000000
13 104 5000000
13 104 5000000
13 104 5000000
13 104 5000000
13 104 5000000
13 104 5000000
13 104 5000000
13 104 5000000
13 104 5000000
13 104 5000000
13 104 5000000
13 104 5000000
13 104 5000000
13 104 5000000
13 104 5000000
13 104 5000000
13 104 5000000
13 104 5000000
13 104 5000000
13 104 5000000
13 104 5000000
13 104 5000000
13 104 5000000
13 104 5000000
13 104 5000000
13 104 5000000
13 104 5000000
13 104 5000000
13 104 5000000
13 104 5000000
13 104 5000000
13 104 5000000
13 104 5000000
13 104 5000000
13 104 5000000
13 104 5000000
13 104 5000000
13 104 5000000
13 104 5000000
13 104 5000000
13 104 5000000
13 104 5000000
13 104 5000000
13 104 5000000
13 104 5000000
13 104 5000000
13 104 5000000
13 104 5000000
13 104 5000000
13 104 5000000
13 104 5000000
13 104 5000000
13 104 5000000
13 104 5000000
13 104 5000000
13 104 5000000
13 104 5000000
13 104 5000000
13 104 5000000
13 104 5000000
13 104 5000000
13 104 5000000
13 104 5000000
13 104 5000000
13 104 5000000
13 104 5000000
13 104 5000000
13 104 5000000
13 104 5000000
13 104 5000000
13 104 5000000
13 104 5000000
13 104 5000000
13 104 5000000
13 104 5000000
13 104 5000000
13 104 5000000
13 104 5000000
13 104 5000000
13 104 5000000
13 104 5000000
13 104 5000000
13 104 5000000
13 104 5000000
13 104 5000000
13 104 5000000
13 104 5000000
13 104 5000000
13 104 5000000
13 104 5000000
13 104 5000000
13 104 5000000
13 104 5000000
13 104 5000000
13 104 5000000
13 104 5000000
13 104 5000000
13 104 5000000
13 104 5000000
13 104 5000000
13 104 5000000
13 104 5000000
13 104 5000000
13 104 5000000
13 104 5000000
13 104 5000000
13 104 5000000
13 104 5000000
13 104 5000000
13 104 5000000
13 104 5000000
13 104 5000000
13 104 5000000
13 104 5000000
13 104 5000000
13 104 5000000
13 104 5000000
13 104 5000000
13 104 5000000
13 104 5000000
13 104 5000000
13 104 5000000
13 104 5000000
13 104 5000000
13 104 5000000
13 104 5000000
13 104 5000000
13 104 5000000
13 104 5000000
13 104 5000000
13 104 5000000
13 104 5000000
13 104 5000000
13 104 5000000
13 104 5000000
13 104 5000000
13 104 5000000
13 104 5000000
13 104 5000000
13 104 5000000
13 104 5000000
13 104 5000000
13 104 5000000
13 104 5000000
13 104 5000000
13 104 5000000
13 104 5000000
13 104 5000000
13 104 5000000
13 104 5000000
13 104 5000000
13 104 5000000
13 104 5000000
13 104 5000000
13 104 5000000
13 104 5000000
13 108 5000000
13 108 5000000
13 108 5000000
13 108 5000000
13 108 5000000
13 108 5000000
13 108 5000000
13 108 5000000
13 108 5000000
13 108 5000000
13 108 5000000
13 108 5000000
13 108 5000000
13 108 5000000
13 108 5000000
13 108 5000000
13 108 5000000
13 108 5000000
13 108 5000000
13 108 5000000
13 108 5000000
13 108 5000000
13 108 5000000
13 108 5000000
13 108 5000000
13 108 5000000
13 108 5000000
13 108 5000000
13 108 5000000
13 108 5000000
13 108 5000000
13 108 5000000
13 108 5000000
13 108 5000000
13 108 5000000
13 108 5000000
13 108 5000000
13 108 5000000
13 108 5000000
13 108 5000000
13 108 5000000
13 108 5000000
13 108 5000000
13 108 5000000
13 108 5000000
13 108 5000000
13 108 5000000
13 108 5000000
13 108 5000000
13 108 5000000
13 108 5000000
13 108 5000000
13 108 5000000
13 108 5000000
13 108 5000000
13 108 5000000
13 108 5000000
13 108 5000000
13 108 5000000
13 108 5000000
13 108 5000000
13 108 5000000
13 108 5000000
13 108 5000000
13 108 5000000
13 108 5000000
13 108 5000000
13 108 5000000
13 108 5000000
13 108 5000000
13 108 5000000
13 108 5000000
13 108 5000000
13 108 5000000
13 108 5000000
13 108 5000000
13 108 5000000
13 108 5000000
13 108 5000000
13 108 5000000
13 108 5000000
13 108 5000000
13 108 5000000
13 108 5000000
13 108 5000000
13 108 5000000
13 108 5000000
13 108 5000000
13 108 5000000
13 108 5000000
13 108 5000000
13 108 5000000
13 108 5000000
13 108 5000000
13 108 5000000
13 108 5000000
13 75 5000000
13 75 5000000
13 75 5000000
13 75 5000000
13 75 5000000
13 75 5000000
13 75 5000000
13 75 5000000
13 75 5000000
13 75 5000000
13 75 5000000
13 75 5000000
13 75 5000000
13 75 5000000
13 75 5000000
13 75 5000000
13 75 5000000
13 75 5000000
13 75 5000000
13 75 5000000
13 75 5000000
13 75 5000000
13 75 5000000
13 75 5000000
13 75 5000000
13 75 5000000
13 75 5000000
13 75 5000000
13 75 5000000
13 75 5000000
13 75 5000000
13 75 5000000
13 75 5000000
13 75 5000000
13 75 5000000
13 75 5000000
13 75 5000000
13 75 5000000
13 75 5000000
13 75 5000000
13 75 5000000
13 75 5000000
13 75 5000000
13 75 5000000
13 75 5000000
13 75 5000000
13 75 5000000
13 75 5000000
13 75 5000000
13 75 5000000
13 75 5000000
13 75 5000000
13 75 5000000
13 75 5000000
13 75 5000000
13 75 5000000
13 75 5000000
13 75 5000000
13 75 5000000
13 75 5000000
13 75 5000000
13 75 5000000
13 75 5000000
13 75 5000000
13 75 5000000
13 75 5000000
13 75 5000000
13 75 5000000
13 75 5000000
13 75 5000000
13 75 5000000
13 75 5000000
13 75 5000000
13 75 5000000
13 75 5000000
13 75 5000000
13 75 5000000
13 75 5000000
13 75 5000000
13 75 5000000
13 75 5000000
13 75 5000000
13 75 5000000
13 75 5000000
13 75 5000000
13 75 5000000
13 75 5000000
13 75 5000000
13 75 5000000
13 75 5000000
13 75 5000000
13 75 5000000
13 75 5000000
13 75 5000000
13 75 5000000
13 75 5000000
13 75 5000000
13 75 5000000
13 75 5000000
13 75 5000000
13 75 5000000
13 75 5000000
13 75 5000000
13 75 5000000
13 75 5000000
13 75 5000000
13 75 5000000
13 75 5000000
13 75 5000000
13 75 5000000
13 75 5000000
13 75 5000000
13 75 5000000
13 75 5000000
13 75 5000000
13 75 219780000
13 75 5000000
13 75 5000000
13 75 5000000
13 75 5000000
13 75 5000000
13 75 5000000
13 75 5000000
13 75 5000000
13 75 5000000
13 75 5000000
13 75 5000000
13 75 5000000
13 75 5000000
13 75 5000000
13 75 5000000
13 75 5000000
13 75 5000000
13 75 5000000
13 75 5000000
13 75 5000000
13 75 5000000
13 75 5000000
13 75 5000000
13 75 5000000
13 75 5000000
13 75 5000000
13 75 5000000
13 75 5000000
13 75 5000000
13 75 5000000
13 75 5000000
13 75 5000000
13 75 5000000
13 75 5000000
13 75 5000000
13 75 5000000
13 75 5000000
13 75 5000000
13 75 5000000
13 75 5000000
13 75 5000000
13 75 5000000
13 75 5000000
13 75 5000000
13 75 5000000
13 75 5000000
13 75 5000000
13 75 5000000
13 75 5000000
13 75 5000000
13 75 5000000
13 75 5000000
13 75 5000000
13 75 5000000
13 75 5000000
13 75 5000000
13 75 5000000
13 75 5000000
13 75 5000000
13 75 5000000
13 75 5000000
13 75 5000000
13 75 5000000
13 75 5000000
13 75 5000000
13 75 5000000
13 75 5000000
13 75 5000000
13 75 5000000
13 75 5000000
13 75 5000000
13 75 5000000
13 75 5000000
13 75 5000000
13 75 5000000
13 75 5000000
13 75 5000000
13 75 5000000
13 75 5000000
13 75 5000000
13 75 5000000
13 75 5000000
13 75 5000000
13 75 5000000
13 75 5000000
13 75 5000000
13 75 5000000
13 75 5000000
13 75 5000000
13 75 5000000
13 75 5000000
13 75 5000000
13 75 5000000
13 75 5000000
13 75 5000000
13 75 5000000
13 75 5000000
13 75 5000000
13 75 5000000
13 75 5000000
13 75 5000000
13 75 5000000
13 75 5000000
13 75 5000000
13 75 5000000
13 75 5000000
13 75 5000000
13 75 5000000
13 75 5000000
13 75 5000000
13 75 5000000
13 75 5000000
13 75 5000000
13 75 5000000
13 75 5000000
13 75 5000000
13 75 5000000
13 75 5000000
13 75 5000000
13 75 5000000
13 75 5000000
13 75 5000000
13 75 5000000
13 75 5000000
13 75 5000000
13 75 5000000
13 75 5000000
13 75 5000000
13 75 5000000
13 75 5000000
13 75 5000000
13 75 5000000
13 75 5000000
13 75 5000000
13 75 5000000
13 75 5000000
13 75 5000000
13 75 5000000
13 75 5000000
13 75 5000000
13 75 5000000
13 75 5000000
13 75 5000000
13 75 5000000
13 75 5000000
13 75 5000000
13 75 5000000
13 75 5000000
13 75 5000000
13 75 5000000
13 75 5000000
13 75 5000000
13 75 5000000
13 75 5000000
13 75 5000000
13 75 5000000
13 75 5000000
13 75 5000000
13 75 5000000
13 75 5000000
13 75 5000000
13 75 5000000
13 75 5000000
13 75 5000000
13 75 5000000
13 75 5000000
13 75 5000000
13 75 5000000
13 75 5000000
13 75 5000000
13 75 5000000
13 75 5000000
13 75 5000000
13 75 5000000
13 75 5000000
13 75 5000000
13 75 5000000
13 75 5000000
13 75 5000000
13 75 5000000
13 75 5000000
13 75 5000000
13 75 5000000
13 75 5000000
13 75 5000000
13 75 5000000
13 75 5000000
13 75 5000000
13 75 5000000
13 75 5000000
13 75 5000000
13 75 5000000
13 75 5000000
13 75 5000000
13 75 5000000
13 75 5000000
13 75 5000000
13 75 5000000
13 75 5000000
13 75 5000000
13 75 5000000
13 75 5000000
13 75 5000000
13 75 5000000
13 75 5000000
13 75 5000000
13 75 5000000
13 75 5000000
13 75 5000000
13 75 5000000
13 75 5000000
13 75 5000000
13 75 5000000
13 75 5000000
13 75 5000000
13 75 5000000
13 75 5000000
13 75 5000000
13 75 5000000
13 75 5000000
13 75 5000000
13 75 5000000
13 75 5000000
13 75 5000000
13 75 5000000
13 75 5000000
13 75 5000000
13 75 5000000
13 75 5000000
13 75 5000000
13 75 5000000
13 75 5000000
13 75 5000000
13 75 5000000
13 75 5000000
13 75 5000000
13 75 5000000
13 75 5000000
13 75 5000000
13 75 5000000
13 75 5000000
13 75 5000000
13 75 5000000
13 75 5000000
13 75 5000000
13 75 5000000
13 75 5000000
13 75 5000000
13 75 5000000
13 75 5000000
13 75 5000000
13 75 5000000
13 75 5000000
13 75 5000000
13 75 5000000
13 75 5000000
13 75 5000000
13 75 5000000
13 75 5000000
13 75 5000000
13 75 5000000
13 75 5000000
13 75 5000000
13 75 5000000
13 75 5000000
13 75 5000000
13 75 5000000
13 75 5000000
13 75 5000000
13 75 5000000
13 75 5000000
13 75 5000000
13 75 5000000
13 75 5000000
13 75 5000000
13 75 5000000
13 75 5000000
13 75 5000000
13 75 5000000
13 75 5000000
13 75 5000000
13 75 5000000
13 75 5000000
13 75 5000000
13 75 5000000
13 75 5000000
13 75 5000000
13 75 5000000
13 75 5000000
13 75 5000000
13 75 5000000
13 75 5000000
13 75 5000000
13 75 5000000
13 75 5000000
13 75 5000000
13 75 5000000
13 75 5000000
13 75 5000000
13 75 5000000
13 75 5000000
13 75 5000000
13 75 5000000
13 75 5000000
13 75 5000000
13 75 5000000
13 75 5000000
13 75 5000000
13 75 5000000
13 75 5000000
13 75 5000000
13 75 5000000
13 75 5000000
13 75 5000000
13 75 5000000
13 75 5000000
13 75 5000000
13 75 5000000
13 75 5000000
13 75 5000000
13 75 5000000
13 75 5000000
13 75 5000000
13 75 5000000
13 75 5000000
13 75 5000000
13 75 5000000
13 75 5000000
13 75 5000000
13 75 5000000
13 75 5000000
13 75 5000000
13 75 5000000
13 75 5000000
13 75 5000000
13 75 5000000
13 75 5000000
13 75 5000000
13 75 5000000
13 75 5000000
13 75 5000000
13 75 5000000
13 75 5000000
13 75 5000000
13 75 5000000
13 75 5000000
13 75 5000000
13 75 5000000
13 75 5000000
13 75 5000000
13 75 5000000
13 75 5000000
13 75 5000000
13 75 5000000
13 75 5000000
13 75 5000000
13 75 5000000
13 75 219780000
13 75 5000000
13 75 5000000
13 75 5000000
13 75 5000000
13 75 5000000
13 75 5000000
13 75 5000000
13 75 5000000
13 75 5000000
13 75 5000000
13 75 5000000
13 75 5000000
13 75 5000000
13 75 5000000
13 75 5000000
13 75 5000000
13 75 5000000
13 75 5000000
13 75 5000000
13 75 5000000
13 75 5000000
13 75 5000000
13 75 5000000
13 75 5000000
13 75 5000000
13 75 5000000
13 75 5000000
13 75 5000000
13 75 5000000
13 75 5000000
13 75 5000000
13 75 5000000
13 75 5000000
13 75 5000000
13 75 5000000
13 75 5000000
13 75 5000000
13 75 5000000
13 75 5000000
13 75 5000000
13 75 5000000
13 75 5000000
13 75 5000000
13 75 5000000
13 75 5000000
13 75 5000000
13 75 5000000
13 75 5000000
13 75 5000000
13 75 5000000
13 75 5000000
13 75 5000000
13 75 5000000
13 75 5000000
13 75 5000000
13 75 5000000
13 75 5000000
13 75 5000000
13 75 5000000
13 75 5000000
13 75 5000000
13 75 5000000
13 75 5000000
13 75 5000000
13 75 5000000
13 75 5000000
13 75 5000000
13 75 5000000
13 75 5000000
13 75 5000000
13 75 5000000
13 75 5000000
13 75 5000000
13 75 5000000
13 75 5000000
13 75 5000000
13 75 5000000
13 75 5000000
13 75 5000000
13 75 5000000
13 75 5000000
13 75 5000000
13 75 5000000
13 75 5000000
13 75 5000000
13 75 5000000
13 75 5000000
13 75 5000000
13 75 5000000
13 75 5000000
13 75 5000000
13 75 5000000
13 75 5000000
13 75 5000000
13 75 5000000
13 75 5000000
13 75 5000000
13 75 5000000
13 75 5000000
13 75 5000000
13 75 5000000
13 75 5000000
13 75 5000000
13 75 5000000
13 75 5000000
13 75 5000000
13 75 5000000
13 75 5000000
13 75 5000000
13 75 5000000
13 75 5000000
13 75 5000000
13 75 5000000
13 75 5000000
13 75 5000000
13 75 5000000
13 75 5000000
13 75 5000000
13 75 5000000
13 75 5000000
13 75 5000000
13 75 5000000
13 75 5000000
13 75 5000000
13 75 5000000
13 75 5000000
13 75 5000000
13 75 5000000
13 75 5000000
13 75 5000000
13 75 5000000
13 75 5000000
13 75 5000000
13 75 5000000
13 75 5000000
13 75 5000000
13 75 5000000
13 75 5000000
13 75 5000000
13 75 5000000
13 75 5000000
13 75 5000000
13 75 5000000
13 75 5000000
13 75 5000000
13 75 5000000
13 75 5000000
13 75 5000000
13 75 5000000
13 75 5000000
13 75 5000000
13 75 5000000
13 75 5000000
13 75 5000000
13 75 5000000
13 75 5000000
13 75 5000000
13 75 5000000
13 75 5000000
13 75 5000000
13 75 5000000
13 75 5000000
13 75 5000000
13 75 5000000
13 75 5000000
13 75 5000000
13 75 5000000
13 75 5000000
13 75 5000000
13 75 5000000
13 75 5000000
13 75 5000000
13 75 5000000
13 75 5000000
13 75 5000000
13 75 5000000
13 75 5000000
13 75 5000000
13 75 5000000
13 75 5000000
13 75 5000000
13 75 5000000
13 75 5000000
13 75 5000000
13 75 5000000
13 75 5000000
13 75 5000000
13 75 5000000
13 75 5000000
13 75 5000000
13 75 5000000
13 75 5000000
13 75 5000000
13 75 5000000
13 75 5000000
13 75 5000000
13 75 5000000
13 75 5000000
13 75 5000000
13 75 5000000
13 75 5000000
13 75 5000000
13 75 5000000
13 75 5000000
13 75 5000000
13 75 5000000
13 75 5000000
13 75 5000000
13 75 5000000
13 75 5000000
13 75 5000000
13 75 5000000
13 75 5000000
13 75 5000000
13 75 5000000
13 75 5000000
13 75 5000000
13 75 5000000
13 75 5000000
13 75 5000000
13 75 5000000
13 75 5000000
13 75 5000000
13 75 5000000
13 75 5000000
13 75 5000000
13 285 5000000
13 285 5000000
13 285 5000000
13 285 5000000
13 285 5000000
13 285 5000000
13 285 5000000
13 285 5000000
13 285 5000000
13 285 5000000
13 285 5000000
13 285 5000000
13 285 5000000
13 285 5000000
13 285 5000000
13 285 5000000
13 285 5000000
13 285 5000000
13 285 5000000
13 285 5000000
13 285 5000000
13 285 5000000
13 285 5000000
13 285 5000000
13 285 5000000
13 285 5000000
13 285 5000000
13 285 5000000
13 285 5000000
13 285 5000000
13 285 5000000
13 285 5000000
13 285 5000000
13 285 5000000
13 285 5000000
13 285 5000000
13 285 5000000
13 285 5000000
13 285 5000000
13 285 5000000
13 285 5000000
13 285 5000000
13 285 5000000
13 285 5000000
13 285 5000000
13 285 5000000
13 285 5000000
13 285 5000000
13 285 5000000
13 285 5000000
13 285 5000000
13 285 5000000
13 285 5000000
13 285 5000000
13 285 5000000
13 285 5000000
13 285 5000000
13 285 5000000
13 285 5000000
13 285 5000000
13 285 5000000
13 285 5000000
13 285 5000000
13 285 5000000
13 285 5000000
13 285 5000000
13 285 5000000
13 285 5000000
13 285 5000000
13 285 5000000
13 285 5000000
13 285 5000000
13 285 5000000
13 285 5000000
13 285 5000000
13 285 5000000
13 285 5000000
13 285 5000000
13 285 5000000
13 285 5000000
13 285 5000000
13 285 5000000
13 285 5000000
13 285 5000000
13 285 5000000
13 285 5000000
13 285 5000000
13 285 5000000
13 285 5000000
13 285 5000000
13 285 5000000
13 285 5000000
13 285 5000000
13 285 5000000
13 285 5000000
13 285 5000000
13 285 5000000
13 285 5000000
13 285 5000000
13 285 5000000
13 285 5000000
13 285 5000000
13 285 5000000
13 285 5000000
13 285 5000000
13 285 5000000
13 285 5000000
13 285 5000000
13 285 5000000
13 285 5000000
13 285 5000000
13 285 5000000
13 285 5000000
13 285 5000000
13 285 5000000
13 285 5000000
13 285 5000000
13 285 5000000
13 285 5000000
13 285 5000000
13 285 5000000
13 285 5000000
13 285 5000000
13 285 5000000
13 285 5000000
13 285 5000000
13 285 5000000
13 285 5000000
13 285 5000000
13 285 5000000
13 285 5000000
13 285 5000000
13 285 5000000
13 285 5000000
13 285 5000000
13 285 5000000
13 285 5000000
13 285 5000000
13 285 5000000
13 285 5000000
13 285 5000000
13 285 5000000
13 285 5000000
13 285 5000000
13 285 5000000
13 285 5000000
13 285 5000000
13 285 5000000
13 285 5000000
13 285 5000000
13 285 5000000
13 285 5000000
13 285 5000000
13 285 5000000
13 285 5000000
13 285 5000000
13 285 5000000
13 285 5000000
13 285 5000000
13 285 5000000
13 285 5000000
13 285 5000000
13 285 5000000
13 285 5000000
13 285 5000000
13 285 5000000
13 285 5000000
13 285 5000000
13 285 5000000
13 285 5000000
13 285 5000000
13 285 5000000
13 285 5000000
13 285 5000000
13 286 5000000
13 286 5000000
13 286 5000000
13 286 5000000
13 286 5000000
13 286 5000000
13 286 5000000
13 286 5000000
13 286 5000000
13 286 5000000
13 286 5000000
13 286 5000000
13 286 5000000
13 286 5000000
13 286 5000000
13 286 5000000
13 286 5000000
13 286 5000000
13 286 5000000
13 286 5000000
13 286 5000000
13 286 5000000
13 286 5000000
13 286 5000000
13 286 5000000
13 286 5000000
13 286 5000000
13 286 5000000
13 286 5000000
13 286 5000000
13 286 5000000
13 286 5000000
13 286 5000000
13 286 5000000
13 286 5000000
13 286 5000000
13 286 5000000
13 286 5000000
13 286 5000000
13 286 5000000
13 286 5000000
13 286 5000000
13 286 5000000
13 286 5000000
13 286 5000000
13 286 5000000
13 286 5000000
13 286 5000000
13 286 5000000
13 286 5000000
13 286 5000000
13 286 5000000
13 78 5000000
13 78 5000000
13 78 3900000000
13 78 5000000
13 78 5000000
13 78 5000000
13 78 5000000
13 78 5000000
13 78 5000000
13 78 5000000
13 78 5000000
13 78 5000000
13 78 2626738000
13 78 5000000
13 78 4637500000
13 78 5000000
13 78 5000000
13 78 3900000000
13 78 5000000
13 78 5000000
13 78 5000000
13 78 5000000
13 78 5000000
13 78 5000000
13 78 5000000
13 78 5000000
13 78 5000000
13 78 2626738000
13 78 4637500000
13 78 5000000
13 287 5000000
13 287 5000000
13 287 5000000
13 287 5000000
13 287 5000000
13 287 5000000
13 287 5000000
13 287 5000000
13 287 5000000
13 287 5000000
13 287 5000000
13 287 5000000
13 287 5000000
13 287 5000000
13 287 5000000
13 287 5000000
13 287 5000000
13 287 5000000
13 287 5000000
13 287 5000000
13 287 5000000
13 287 5000000
13 287 5000000
13 287 5000000
13 287 5000000
13 287 5000000
13 287 5000000
13 287 5000000
13 287 5000000
13 287 5000000
13 287 5000000
13 287 5000000
13 287 5000000
13 287 5000000
13 287 5000000
13 287 5000000
13 287 5000000
13 287 5000000
13 287 5000000
13 287 5000000
13 287 5000000
13 287 5000000
13 287 5000000
13 287 5000000
13 287 5000000
13 287 5000000
13 287 5000000
13 287 5000000
13 287 5000000
13 287 5000000
13 287 5000000
13 287 5000000
13 287 5000000
13 287 5000000
13 287 5000000
13 287 5000000
13 287 5000000
13 287 5000000
13 287 5000000
13 287 5000000
13 287 5000000
13 287 5000000
13 287 5000000
13 287 5000000
13 287 5000000
13 287 5000000
13 287 5000000
13 287 5000000
13 287 5000000
13 287 5000000
13 287 5000000
13 287 5000000
13 287 5000000
13 287 5000000
13 287 5000000
13 287 5000000
13 287 5000000
13 287 5000000
13 287 5000000
13 287 5000000
13 287 5000000
13 287 5000000
13 287 5000000
13 287 5000000
13 287 5000000
13 287 5000000
13 287 5000000
13 287 5000000
13 287 5000000
13 287 5000000
13 287 5000000
13 287 5000000
13 287 5000000
13 287 5000000
13 287 5000000
13 287 5000000
13 287 5000000
13 287 5000000
13 287 5000000
13 287 5000000
13 287 5000000
13 287 5000000
13 287 5000000
13 287 5000000
13 287 5000000
13 287 5000000
13 287 5000000
13 287 5000000
13 287 5000000
13 287 5000000
13 287 5000000
13 287 5000000
13 287 5000000
13 287 5000000
13 287 5000000
13 287 5000000
13 287 5000000
13 287 5000000
13 287 5000000
13 287 5000000
13 287 5000000
13 287 5000000
13 287 5000000
13 287 5000000
13 287 5000000
13 287 5000000
13 287 5000000
13 287 5000000
13 287 5000000
13 287 5000000
13 287 5000000
13 287 5000000
13 287 5000000
13 287 5000000
13 287 5000000
13 287 5000000
13 287 5000000
13 287 5000000
13 287 5000000
13 287 5000000
13 287 5000000
13 287 5000000
13 287 5000000
13 287 5000000
13 287 5000000
13 287 5000000
13 287 5000000
13 287 5000000
13 287 5000000
13 287 5000000
13 287 5000000
13 287 5000000
13 287 5000000
13 287 5000000
13 287 5000000
13 287 5000000
13 287 5000000
13 287 5000000
13 287 5000000
13 287 5000000
13 287 5000000
13 287 5000000
13 287 5000000
13 287 5000000
13 287 5000000
13 287 5000000
13 287 5000000
13 287 5000000
13 287 5000000
13 287 5000000
13 287 5000000
13 287 5000000
13 287 5000000
13 287 5000000
13 287 5000000
13 287 5000000
13 287 5000000
13 287 5000000
13 287 5000000
13 287 5000000
13 287 5000000
13 287 5000000
13 287 5000000
13 287 5000000
13 287 5000000
13 287 5000000
13 287 5000000
13 287 5000000
13 287 5000000
13 287 5000000
13 287 5000000
13 287 5000000
13 287 5000000
13 287 5000000
13 287 5000000
13 287 5000000
13 287 5000000
13 287 5000000
13 287 5000000
13 287 5000000
13 287 5000000
13 287 5000000
13 287 5000000
13 287 5000000
13 287 5000000
13 287 5000000
13 287 5000000
13 287 5000000
13 287 5000000
13 287 5000000
13 287 5000000
13 287 5000000
13 287 5000000
13 287 5000000
13 287 5000000
13 287 5000000
13 287 5000000
13 287 5000000
13 287 5000000
13 287 5000000
13 287 5000000
13 287 5000000
13 287 5000000
13 287 5000000
13 287 5000000
13 287 5000000
13 287 5000000
13 287 5000000
13 287 5000000
13 287 5000000
13 287 5000000
13 287 5000000
13 287 5000000
13 287 5000000
13 287 5000000
13 287 5000000
13 287 5000000
13 287 5000000
13 287 5000000
13 287 5000000
13 287 5000000
13 287 5000000
13 287 5000000
13 287 5000000
13 287 5000000
13 287 5000000
13 287 5000000
13 287 5000000
13 287 5000000
13 287 5000000
13 287 5000000
13 287 5000000
13 287 5000000
13 287 5000000
13 287 5000000
13 287 5000000
13 287 5000000
13 287 5000000
13 287 5000000
13 287 5000000
13 287 5000000
13 287 5000000
13 287 5000000
13 287 5000000
13 287 5000000
13 287 5000000
13 287 5000000
13 287 5000000
13 287 5000000
13 287 5000000
13 287 5000000
13 287 5000000
13 287 5000000
13 287 5000000
13 287 5000000
13 287 5000000
13 287 5000000
13 287 5000000
13 287 5000000
13 287 5000000
13 287 5000000
13 287 5000000
13 287 5000000
13 287 5000000
13 287 5000000
13 287 5000000
13 287 5000000
13 287 5000000
13 80 5000000
13 80 5000000
13 80 5000000
13 80 5000000
13 80 5000000
13 80 5000000
13 80 5000000
13 80 5000000
13 80 5000000
13 80 5000000
13 80 5000000
13 80 5000000
13 80 396000000
13 80 5000000
13 80 5000000
13 80 5000000
13 80 5000000
13 80 5000000
13 80 5000000
13 80 5000000
13 80 5000000
13 80 5000000
13 80 5000000
13 80 5000000
13 80 5000000
13 80 5000000
13 80 5000000
13 80 5000000
13 80 5000000
13 80 5000000
13 80 5000000
13 80 5000000
13 80 5000000
13 80 5000000
13 80 5000000
13 80 396000000
13 80 5000000
13 80 5000000
13 80 5000000
13 80 5000000
13 80 5000000
13 80 5000000
13 80 5000000
13 80 5000000
13 80 5000000
13 80 5000000
13 80 5000000
13 80 5000000
13 80 5000000
13 80 5000000
13 80 5000000
13 80 5000000
13 80 5000000
13 80 5000000
13 288 5000000
13 288 5000000
13 288 5000000
13 288 5000000
13 288 5000000
13 288 5000000
13 288 5000000
13 288 5000000
13 288 5000000
13 288 5000000
13 288 5000000
13 288 5000000
13 288 5000000
13 288 5000000
13 288 5000000
13 288 5000000
13 288 5000000
13 288 5000000
13 288 5000000
13 288 5000000
13 288 5000000
13 288 5000000
13 288 5000000
13 288 5000000
13 288 5000000
13 288 5000000
13 288 5000000
13 288 5000000
13 288 5000000
13 288 5000000
13 288 5000000
13 288 5000000
13 288 5000000
13 288 5000000
13 288 5000000
13 288 5000000
13 288 5000000
13 288 5000000
13 288 5000000
13 288 5000000
13 288 5000000
13 288 5000000
13 288 5000000
13 288 5000000
13 288 5000000
13 288 5000000
13 288 5000000
13 288 5000000
13 288 5000000
13 288 5000000
13 288 5000000
13 288 5000000
13 288 5000000
13 288 5000000
13 288 5000000
13 288 5000000
13 288 5000000
13 288 5000000
13 288 5000000
13 288 5000000
13 288 5000000
13 288 5000000
13 288 5000000
13 288 5000000
13 288 5000000
13 288 5000000
13 288 5000000
13 288 5000000
13 288 5000000
13 288 5000000
13 288 5000000
13 288 5000000
13 288 5000000
13 288 5000000
13 288 5000000
13 288 5000000
13 288 5000000
13 288 5000000
13 288 5000000
13 288 5000000
13 288 5000000
13 288 5000000
13 288 5000000
13 288 5000000
13 288 5000000
13 288 5000000
13 288 5000000
13 288 5000000
13 288 5000000
13 288 5000000
13 288 5000000
13 288 5000000
13 288 5000000
13 288 5000000
13 288 5000000
13 288 5000000
13 288 5000000
13 288 5000000
13 288 5000000
13 288 5000000
13 288 5000000
13 288 5000000
13 288 5000000
13 288 5000000
13 288 5000000
13 288 5000000
13 288 5000000
13 288 5000000
13 288 5000000
13 288 5000000
13 82 5000000
13 82 5000000
13 82 5000000
13 82 5000000
13 82 5000000
13 82 5000000
13 82 5000000
13 82 5000000
13 82 5000000
13 82 5000000
13 82 5000000
13 82 5000000
13 82 5000000
13 82 5000000
13 82 5000000
13 82 5000000
13 82 5000000
13 82 5000000
13 82 5000000
13 82 5000000
13 82 5000000
13 82 5000000
13 82 5000000
13 82 5000000
13 82 5000000
13 82 5000000
13 82 5000000
13 82 5000000
13 82 5000000
13 82 5000000
13 82 5000000
13 82 5000000
13 82 5000000
13 82 5000000
13 82 5000000
13 82 5000000
13 82 5000000
13 82 5000000
13 82 5000000
13 82 5000000
13 82 5000000
13 82 5000000
13 82 5000000
13 82 5000000
13 82 5000000
13 82 5000000
13 270 411840000
13 270 1288980000
13 270 399960000
13 270 1288980000
13 270 694980000
13 270 5278680000
13 270 694980000
13 270 405900000
13 270 5227200000
13 270 411840000
13 270 399960000
13 270 1288980000
13 270 405900000
13 270 397980000
13 270 405900000
13 270 694980000
13 270 405900000
13 270 1298880000
13 270 411840000
13 270 702900000
13 270 397980000
13 270 1296900000
13 270 407880000
13 270 407880000
13 270 397980000
13 270 399960000
13 270 399960000
13 270 399960000
13 270 399960000
13 270 1980000000
13 270 405900000
13 270 6732000000
13 270 694980000
13 270 405900000
13 270 399960000
13 270 1288980000
13 270 704880000
13 270 2574000000
13 270 407880000
13 270 405900000
13 270 694980000
13 270 397980000
13 270 2574000000
13 270 411840000
13 270 1288980000
13 270 399960000
13 270 411840000
13 270 5278680000
13 270 694980000
13 270 1288980000
13 270 694980000
13 270 411840000
13 270 5227200000
13 270 405900000
13 270 399960000
13 270 1288980000
13 270 405900000
13 270 405900000
13 270 405900000
13 270 397980000
13 270 694980000
13 270 1298880000
13 270 399960000
13 270 411840000
13 270 407880000
13 270 1296900000
13 270 702900000
13 270 399960000
13 270 407880000
13 270 397980000
13 270 399960000
13 270 405900000
13 270 1980000000
13 270 1288980000
13 270 407880000
13 270 397980000
13 270 399960000
13 270 397980000
13 270 694980000
13 270 405900000
13 270 405900000
13 270 6732000000
13 270 704880000
13 270 399960000
13 270 2574000000
13 270 2574000000
13 270 411840000
13 270 694980000
13 289 5000000
13 289 5000000
13 289 5000000
13 289 5000000
13 289 5000000
13 289 5000000
13 289 5000000
13 289 5000000
13 289 5000000
13 289 5000000
13 289 5000000
13 289 5000000
13 289 5000000
13 289 5000000
13 289 5000000
13 289 5000000
13 289 5000000
13 289 5000000
13 289 5000000
13 289 5000000
13 289 5000000
13 289 5000000
13 289 5000000
13 289 5000000
13 289 5000000
13 289 5000000
13 289 5000000
13 289 5000000
13 289 5000000
13 289 5000000
13 289 5000000
13 289 5000000
13 289 5000000
13 289 5000000
13 289 5000000
13 289 5000000
13 289 5000000
13 289 5000000
13 289 5000000
13 289 5000000
13 289 5000000
13 289 5000000
13 289 5000000
13 289 5000000
13 289 5000000
13 289 5000000
13 289 5000000
13 289 5000000
13 289 5000000
13 289 5000000
13 289 5000000
13 289 5000000
13 289 5000000
13 289 5000000
13 289 5000000
13 289 5000000
13 289 5000000
13 289 5000000
13 289 5000000
13 289 5000000
13 289 5000000
13 289 5000000
13 289 5000000
13 289 5000000
13 289 5000000
13 289 5000000
13 289 5000000
13 289 5000000
13 289 5000000
13 289 5000000
13 289 5000000
13 289 5000000
13 289 5000000
13 289 5000000
13 289 5000000
13 289 5000000
13 289 5000000
13 289 5000000
13 289 5000000
13 289 5000000
13 289 5000000
13 289 5000000
13 289 5000000
13 289 5000000
13 289 5000000
13 289 5000000
13 289 5000000
13 289 5000000
13 289 5000000
13 289 5000000
13 289 5000000
13 289 5000000
13 289 5000000
13 289 5000000
13 289 5000000
13 289 5000000
13 289 5000000
13 289 5000000
13 289 5000000
13 289 5000000
13 289 5000000
13 289 5000000
13 289 5000000
13 289 5000000
13 289 5000000
13 289 5000000
13 289 5000000
13 289 5000000
13 289 5000000
13 289 5000000
13 289 5000000
13 289 5000000
13 289 5000000
13 289 5000000
13 289 5000000
13 289 5000000
13 289 5000000
13 289 5000000
13 289 5000000
13 289 5000000
13 289 5000000
13 289 5000000
13 289 5000000
13 289 5000000
13 289 5000000
13 289 5000000
13 289 5000000
13 289 5000000
13 289 5000000
13 289 5000000
13 289 5000000
13 289 5000000
13 289 5000000
13 289 5000000
13 289 5000000
13 289 5000000
13 290 372240000
13 290 5000000
13 290 5000000
13 290 5000000
13 290 1029600000
13 290 813780000
13 290 219780000
13 290 5000000
13 290 5000000
13 290 5000000
13 290 5000000
13 290 5000000
13 290 5000000
13 290 5000000
13 290 5000000
13 290 5000000
13 290 5000000
13 290 5000000
13 290 5000000
13 290 199980000
13 290 5000000
13 290 5000000
13 290 5000000
13 290 5000000
13 290 5000000
13 290 5000000
13 290 5000000
13 290 5000000
13 290 5000000
13 290 5000000
13 290 5000000
13 290 5000000
13 290 5000000
13 290 5000000
13 290 5000000
13 290 5000000
13 290 5000000
13 290 5000000
13 290 5000000
13 290 5000000
13 290 199980000
13 290 5000000
13 290 5000000
13 290 409860000
13 290 5000000
13 290 5000000
13 290 5000000
13 290 5000000
13 290 5000000
13 290 219780000
13 290 5000000
13 290 5000000
13 290 199980000
13 290 5000000
13 290 5000000
13 290 372240000
13 290 5000000
13 290 5000000
13 290 5000000
13 290 5000000
13 290 790020000
13 290 5000000
13 290 5000000
13 290 5000000
13 290 5000000
13 290 417780000
13 290 5000000
13 290 5000000
13 290 5000000
13 290 5000000
13 290 5000000
13 290 5000000
13 290 5000000
13 290 5000000
13 290 5000000
13 290 5000000
13 290 5000000
13 290 5000000
13 290 5000000
13 290 5000000
13 290 5000000
13 290 5000000
13 290 5000000
13 290 5000000
13 290 372240000
13 290 394020000
13 290 5000000
13 290 5000000
13 290 5000000
13 290 199980000
13 290 5000000
13 290 5000000
13 290 5000000
13 290 5000000
13 290 5000000
13 290 1186020000
13 290 417780000
13 290 5000000
13 290 5000000
13 290 5000000
13 290 5000000
13 290 5000000
13 290 5000000
13 290 5000000
13 290 394020000
13 290 5000000
13 290 5000000
13 290 5000000
13 290 5000000
13 290 5000000
13 290 5000000
13 290 5000000
13 290 5000000
13 290 372240000
13 290 1029600000
13 290 5000000
13 290 5000000
13 290 5000000
13 290 5000000
13 290 219780000
13 290 5000000
13 290 813780000
13 290 5000000
13 290 5000000
13 290 5000000
13 290 5000000
13 290 5000000
13 290 5000000
13 290 5000000
13 290 5000000
13 290 5000000
13 290 5000000
13 290 5000000
13 290 5000000
13 290 5000000
13 290 5000000
13 290 5000000
13 290 5000000
13 290 199980000
13 290 5000000
13 290 5000000
13 290 5000000
13 290 5000000
13 290 5000000
13 290 5000000
13 290 5000000
13 290 5000000
13 290 5000000
13 290 5000000
13 290 5000000
13 290 5000000
13 290 5000000
13 290 5000000
13 290 5000000
13 290 5000000
13 290 5000000
13 290 5000000
13 290 394020000
13 290 5000000
13 290 5000000
13 290 5000000
13 290 5000000
13 290 5000000
13 290 5000000
13 290 790020000
13 290 5000000
13 290 5000000
13 290 5000000
13 290 199980000
13 290 5000000
13 290 199980000
13 290 5000000
13 290 5000000
13 290 417780000
13 290 417780000
13 290 5000000
13 290 5000000
13 290 5000000
13 290 5000000
13 290 372240000
13 290 5000000
13 290 5000000
13 290 5000000
13 290 5000000
13 290 5000000
13 290 5000000
13 290 5000000
13 290 5000000
13 290 5000000
13 290 5000000
13 290 5000000
13 290 5000000
13 290 5000000
13 290 5000000
13 290 5000000
13 290 5000000
13 290 5000000
13 290 394020000
13 290 5000000
13 290 5000000
13 290 5000000
13 290 5000000
13 290 409860000
13 290 1186020000
13 290 5000000
13 290 5000000
13 290 5000000
13 290 5000000
13 290 5000000
13 290 219780000
13 290 5000000
13 290 5000000
13 290 5000000
13 290 5000000
13 290 5000000
13 290 5000000
13 290 5000000
13 290 199980000
13 290 372240000
13 290 5000000
13 290 5000000
13 290 5000000
13 290 5000000
13 290 5000000
13 290 5000000
13 290 5000000
13 69 219780000
13 69 263340000
13 69 271260000
13 69 235620000
13 69 394020000
13 69 433620000
13 69 338580000
13 69 316800000
13 69 360360000
13 69 374220000
13 69 394020000
13 69 370260000
13 69 358380000
13 69 374220000
13 69 219780000
13 69 560340000
13 69 219780000
13 69 592020000
13 69 344520000
13 69 358380000
13 69 394020000
13 69 354420000
13 69 382140000
13 69 370260000
13 69 461340000
13 69 312840000
13 69 241560000
13 69 219780000
13 69 273240000
13 69 199980000
13 69 336600000
13 69 215820000
13 69 392040000
13 69 235620000
13 69 5000000
13 69 215820000
13 69 770220000
13 69 378180000
13 69 312840000
13 69 584100000
13 69 550440000
13 69 219780000
13 69 263340000
13 69 271260000
13 69 235620000
13 69 394020000
13 69 316800000
13 69 433620000
13 69 338580000
13 69 374220000
13 69 394020000
13 69 370260000
13 69 374220000
13 69 360360000
13 69 358380000
13 69 219780000
13 69 560340000
13 69 219780000
13 69 358380000
13 69 344520000
13 69 592020000
13 69 394020000
13 69 461340000
13 69 273240000
13 69 370260000
13 69 382140000
13 69 354420000
13 69 241560000
13 69 312840000
13 69 199980000
13 69 312840000
13 69 235620000
13 69 219780000
13 69 378180000
13 69 392040000
13 69 550440000
13 69 336600000
13 69 770220000
13 69 5000000
13 69 215820000
13 69 215820000
13 69 584100000
13 99 5000000
13 99 5000000
13 99 5000000
13 99 5000000
13 99 5000000
13 99 5000000
13 99 5000000
13 99 5000000
13 99 5000000
13 99 5000000
13 99 5000000
13 99 5000000
13 99 5000000
13 99 5000000
13 99 5000000
13 99 5000000
13 99 5000000
13 99 5000000
13 99 5000000
13 99 5000000
13 99 5000000
13 99 5000000
13 99 5000000
13 99 5000000
13 99 5000000
13 99 5000000
13 99 5000000
13 99 5000000
13 99 5000000
13 99 5000000
13 99 5000000
13 99 5000000
13 99 5000000
13 99 5000000
13 99 5000000
13 99 5000000
13 99 5000000
13 99 5000000
13 99 5000000
13 99 5000000
13 99 5000000
13 99 5000000
13 99 5000000
13 99 5000000
13 99 5000000
13 99 5000000
13 99 5000000
13 99 5000000
13 99 5000000
13 99 5000000
13 99 5000000
13 99 5000000
13 99 5000000
13 99 5000000
13 99 5000000
13 99 5000000
13 99 5000000
13 99 5000000
13 99 5000000
13 99 5000000
13 99 5000000
13 99 5000000
13 99 5000000
13 99 5000000
13 99 5000000
13 99 5000000
13 99 5000000
13 99 5000000
13 99 5000000
13 99 5000000
13 99 5000000
13 99 5000000
13 99 5000000
13 99 5000000
13 99 5000000
13 99 5000000
13 99 5000000
13 99 5000000
13 99 5000000
13 99 5000000
13 99 5000000
13 99 5000000
13 99 5000000
13 99 5000000
13 99 5000000
13 99 5000000
13 99 5000000
13 99 5000000
13 12 5000000
13 12 5000000
13 12 5000000
13 12 5000000
13 12 5000000
13 12 5000000
13 12 5000000
13 12 5000000
13 12 5000000
13 12 5000000
13 12 5000000
13 12 5000000
13 12 5000000
13 12 5000000
13 12 5000000
13 12 396000000
13 12 5000000
13 12 5000000
13 12 5000000
13 12 5000000
13 12 5000000
13 12 5000000
13 12 5000000
13 12 5000000
13 12 5000000
13 12 5000000
13 12 5000000
13 12 5000000
13 12 5000000
13 12 5000000
13 12 5000000
13 12 5000000
13 12 5000000
13 12 5000000
13 12 5000000
13 12 5000000
13 12 5000000
13 12 5000000
13 12 5000000
13 12 5000000
13 12 5000000
13 12 5000000
13 12 5000000
13 12 5000000
13 12 5000000
13 12 5000000
13 12 5000000
13 12 5000000
13 12 5000000
13 12 5000000
13 12 5000000
13 12 5000000
13 12 5000000
13 12 5000000
13 12 5000000
13 12 5000000
13 12 5000000
13 12 5000000
13 12 5000000
13 12 5000000
13 12 5000000
13 12 5000000
13 12 5000000
13 12 5000000
13 12 5000000
13 12 5000000
13 12 5000000
13 12 5000000
13 12 5000000
13 12 5000000
13 12 5000000
13 12 5000000
13 12 5000000
13 12 5000000
13 12 5000000
13 12 386100000
13 12 5000000
13 12 5000000
13 12 5000000
13 12 5000000
13 12 5000000
13 12 5000000
13 12 5000000
13 12 5000000
13 12 5000000
13 12 5000000
13 12 5000000
13 12 5000000
13 12 5000000
13 12 5000000
13 12 5000000
13 12 5000000
13 12 5000000
13 12 5000000
13 12 5000000
13 12 5000000
13 12 5000000
13 12 5000000
13 12 5000000
13 12 5000000
13 12 5000000
13 12 5000000
13 12 5000000
13 12 5000000
13 12 5000000
13 12 5000000
13 12 702900000
13 12 5000000
13 12 5000000
13 12 5000000
13 12 5000000
13 12 5000000
13 12 5000000
13 12 5000000
13 12 5000000
13 12 5000000
13 12 5000000
13 12 5000000
13 12 5000000
13 12 5000000
13 12 5000000
13 12 5000000
13 12 5000000
13 12 5000000
13 12 5000000
13 12 5000000
13 12 5000000
13 12 5000000
13 12 5000000
13 12 5000000
13 12 5000000
13 12 5000000
13 12 5000000
13 12 5000000
13 12 5000000
13 12 5000000
13 12 5000000
13 12 5000000
13 12 5000000
13 12 5000000
13 12 5000000
13 12 5000000
13 12 5000000
13 12 5000000
13 12 5000000
13 12 5000000
13 12 5000000
13 12 5000000
13 12 5000000
13 12 5000000
13 12 5000000
13 12 5000000
13 12 5000000
13 12 5000000
13 12 5000000
13 12 5000000
13 12 5000000
13 12 396000000
13 12 5000000
13 12 5000000
13 12 5000000
13 12 5000000
13 12 5000000
13 12 5000000
13 12 5000000
13 12 5000000
13 12 5000000
13 12 5000000
13 12 5000000
13 12 5000000
13 12 5000000
13 12 5000000
13 12 5000000
13 12 5000000
13 12 5000000
13 12 5000000
13 12 5000000
13 12 5000000
13 12 5000000
13 12 5000000
13 12 5000000
13 12 5000000
13 12 5000000
13 12 5000000
13 12 5000000
13 12 5000000
13 12 5000000
13 12 5000000
13 12 5000000
13 12 5000000
13 12 5000000
13 12 5000000
13 12 5000000
13 12 5000000
13 12 5000000
13 12 5000000
13 12 5000000
13 12 5000000
13 12 5000000
13 12 5000000
13 12 5000000
13 12 5000000
13 12 5000000
13 12 5000000
13 12 5000000
13 12 5000000
13 12 5000000
13 12 5000000
13 12 5000000
13 12 5000000
13 12 5000000
13 12 5000000
13 12 5000000
13 12 5000000
13 12 5000000
13 12 5000000
13 12 5000000
13 12 5000000
13 12 5000000
13 12 386100000
13 12 5000000
13 12 5000000
13 12 5000000
13 12 5000000
13 12 5000000
13 12 5000000
13 12 5000000
13 12 5000000
13 12 5000000
13 12 5000000
13 12 5000000
13 12 5000000
13 12 5000000
13 12 5000000
13 12 5000000
13 12 5000000
13 12 5000000
13 12 5000000
13 12 5000000
13 12 5000000
13 12 5000000
13 12 5000000
13 12 5000000
13 12 5000000
13 12 5000000
13 12 5000000
13 12 5000000
13 12 5000000
13 12 5000000
13 12 5000000
13 12 5000000
13 12 5000000
13 12 5000000
13 12 5000000
13 12 702900000
13 12 5000000
13 12 5000000
13 12 5000000
13 12 5000000
13 12 5000000
13 12 5000000
13 12 5000000
13 12 5000000
13 12 5000000
13 12 5000000
13 12 5000000
13 12 5000000
13 12 5000000
13 12 5000000
13 12 5000000
13 12 5000000
13 12 5000000
13 12 5000000
13 12 5000000
13 12 5000000
13 12 5000000
13 12 5000000
13 12 5000000
13 12 5000000
13 12 5000000
13 12 5000000
13 12 5000000
13 12 5000000
13 12 5000000
13 12 5000000
13 12 5000000
13 12 5000000
13 12 5000000
13 291 5000000
13 291 5000000
13 291 5000000
13 291 5000000
13 291 5000000
13 291 5000000
13 291 5000000
13 291 5000000
13 291 5000000
13 291 5000000
13 291 5000000
13 291 5000000
13 291 5000000
13 291 5000000
13 291 5000000
13 291 5000000
13 291 5000000
13 291 5000000
13 291 5000000
13 291 5000000
13 291 5000000
13 291 5000000
13 291 5000000
13 291 5000000
13 292 1000000000
13 292 5000000
13 292 5000000
13 292 5000000
13 292 5000000
13 292 5000000
13 292 5000000
13 292 5000000
13 292 5000000
13 292 5000000
13 292 1000000000
13 292 5000000
13 292 5000000
13 292 5000000
13 292 5000000
13 292 5000000
13 292 5000000
13 292 5000000
13 292 5000000
13 292 5000000
13 293 5000000
13 293 5000000
13 293 5000000
13 293 5000000
13 293 5000000
13 293 5000000
13 293 5000000
13 293 5000000
13 293 5000000
13 293 5000000
13 293 5000000
13 293 5000000
13 293 5000000
13 293 5000000
13 293 5000000
13 293 5000000
13 293 5000000
13 293 5000000
13 293 5000000
13 293 5000000
13 293 5000000
13 293 5000000
13 293 5000000
13 293 5000000
13 293 5000000
13 293 5000000
13 293 5000000
13 293 5000000
13 293 5000000
13 293 5000000
13 293 5000000
13 293 5000000
13 293 5000000
13 293 5000000
13 293 5000000
13 293 5000000
13 293 5000000
13 293 5000000
13 293 5000000
13 293 5000000
13 293 5000000
13 293 5000000
13 293 5000000
13 293 5000000
13 293 5000000
13 293 5000000
13 293 5000000
13 293 5000000
13 293 5000000
13 293 5000000
13 293 5000000
13 293 5000000
13 293 5000000
13 293 5000000
13 293 5000000
13 293 5000000
13 293 5000000
13 293 5000000
13 293 5000000
13 293 5000000
13 293 5000000
13 293 5000000
13 293 5000000
13 293 5000000
13 293 5000000
13 293 5000000
13 293 5000000
13 293 5000000
13 293 5000000
13 293 5000000
13 293 5000000
13 293 5000000
13 293 5000000
13 293 5000000
13 293 5000000
13 293 5000000
13 293 5000000
13 293 5000000
13 293 5000000
13 293 5000000
13 293 5000000
13 293 5000000
13 293 5000000
13 293 5000000
13 293 5000000
13 293 5000000
13 293 5000000
13 293 5000000
13 293 5000000
13 293 5000000
13 294 5000000
13 294 5000000
13 294 5000000
13 294 5000000
13 294 5000000
13 294 5000000
13 294 5000000
13 294 5000000
13 294 5000000
13 294 5000000
13 294 5000000
13 294 5000000
13 294 5000000
13 294 5000000
13 294 5000000
13 294 5000000
13 294 5000000
13 294 5000000
13 294 5000000
13 294 5000000
13 294 5000000
13 294 5000000
13 294 5000000
13 294 5000000
13 294 5000000
13 294 5000000
13 294 5000000
13 294 5000000
13 294 5000000
13 294 5000000
13 294 5000000
13 294 5000000
13 294 5000000
13 294 5000000
13 294 5000000
13 294 5000000
13 294 5000000
13 294 5000000
13 294 5000000
13 294 5000000
13 294 5000000
13 294 5000000
13 294 5000000
13 294 5000000
13 294 5000000
13 294 5000000
13 294 5000000
13 294 5000000
13 294 5000000
13 294 5000000
13 294 5000000
13 294 5000000
13 294 5000000
13 294 5000000
13 294 5000000
13 294 5000000
13 294 5000000
13 294 5000000
13 294 5000000
13 294 5000000
13 294 5000000
13 294 5000000
13 294 5000000
13 294 5000000
13 294 5000000
13 294 5000000
13 294 5000000
13 294 5000000
13 294 5000000
13 294 5000000
13 294 5000000
13 294 5000000
13 294 5000000
13 294 5000000
13 294 5000000
13 294 5000000
13 294 5000000
13 294 5000000
13 294 5000000
13 294 5000000
13 294 5000000
13 294 5000000
13 294 5000000
13 294 5000000
13 294 5000000
13 294 5000000
13 294 5000000
13 294 5000000
13 294 5000000
13 294 5000000
13 294 5000000
13 294 5000000
13 294 5000000
13 294 5000000
13 294 5000000
13 294 5000000
13 294 5000000
13 294 5000000
13 294 5000000
13 294 5000000
13 294 5000000
13 294 5000000
13 294 5000000
13 294 5000000
13 294 5000000
13 294 5000000
13 294 5000000
13 294 5000000
13 294 5000000
13 294 5000000
13 294 5000000
13 294 5000000
13 294 5000000
13 294 5000000
13 294 5000000
13 294 5000000
13 294 5000000
13 294 5000000
13 294 5000000
13 294 5000000
13 294 5000000
13 294 5000000
13 294 5000000
13 294 5000000
13 294 5000000
13 294 5000000
13 294 5000000
13 294 5000000
13 294 5000000
13 294 5000000
13 294 5000000
13 294 5000000
13 294 5000000
13 294 5000000
13 294 5000000
13 294 5000000
13 294 5000000
13 294 5000000
13 294 5000000
13 294 5000000
13 294 5000000
13 294 5000000
13 294 5000000
13 294 5000000
13 294 5000000
13 294 5000000
13 294 5000000
13 294 5000000
13 294 5000000
13 294 5000000
13 294 5000000
13 294 5000000
13 294 5000000
13 294 5000000
13 294 5000000
13 294 5000000
13 294 5000000
13 294 5000000
13 294 5000000
13 294 5000000
13 294 5000000
13 294 5000000
13 294 5000000
13 294 5000000
13 294 5000000
13 294 5000000
13 294 5000000
13 294 5000000
13 294 5000000
13 294 5000000
13 294 5000000
13 294 5000000
13 294 5000000
13 294 5000000
13 294 5000000
13 294 5000000
13 294 5000000
13 294 5000000
13 294 5000000
13 294 5000000
13 294 5000000
13 294 5000000
13 294 5000000
13 294 5000000
13 294 5000000
13 294 5000000
13 294 5000000
13 294 5000000
13 294 5000000
13 294 5000000
13 294 5000000
13 294 5000000
13 294 5000000
13 294 5000000
13 294 5000000
13 294 5000000
13 294 5000000
13 294 5000000
13 294 5000000
13 294 5000000
13 294 5000000
13 294 5000000
13 294 5000000
13 294 5000000
13 294 5000000
13 294 5000000
13 294 5000000
13 294 5000000
13 294 5000000
13 294 5000000
13 294 5000000
13 294 5000000
13 294 5000000
13 294 5000000
13 294 5000000
13 294 5000000
13 294 5000000
13 294 5000000
13 294 5000000
13 294 5000000
13 294 5000000
13 294 5000000
13 294 5000000
13 294 5000000
13 294 5000000
13 294 5000000
13 294 5000000
13 294 5000000
13 294 5000000
13 294 5000000
13 294 5000000
13 294 5000000
13 294 5000000
13 294 5000000
13 294 5000000
13 294 5000000
13 294 5000000
13 294 5000000
13 294 5000000
13 294 5000000
13 294 5000000
13 294 5000000
13 294 5000000
13 294 5000000
13 294 5000000
13 294 5000000
13 294 5000000
13 294 5000000
13 294 5000000
13 294 5000000
13 294 5000000
13 294 5000000
13 294 5000000
13 294 5000000
13 294 5000000
13 294 5000000
13 294 5000000
13 294 5000000
13 294 5000000
13 294 5000000
13 294 5000000
13 294 5000000
13 294 5000000
13 294 5000000
13 294 5000000
13 294 5000000
13 294 5000000
13 294 5000000
13 294 5000000
13 294 5000000
13 294 5000000
13 294 5000000
13 294 5000000
13 294 5000000
13 294 5000000
13 294 5000000
13 294 5000000
13 294 5000000
13 294 5000000
13 294 5000000
13 294 5000000
13 294 5000000
13 294 5000000
13 294 5000000
13 294 5000000
13 294 5000000
13 294 5000000
13 294 5000000
13 294 5000000
13 294 5000000
13 294 5000000
13 294 5000000
13 294 5000000
13 294 5000000
13 294 5000000
13 294 5000000
13 294 5000000
13 294 5000000
13 294 5000000
13 294 5000000
13 294 5000000
13 294 5000000
13 294 5000000
13 294 5000000
13 294 5000000
13 294 5000000
13 294 5000000
13 294 5000000
13 294 5000000
13 294 5000000
13 294 5000000
13 294 5000000
13 294 5000000
13 294 5000000
13 294 5000000
13 294 5000000
13 294 5000000
13 294 5000000
13 294 5000000
13 294 5000000
13 294 5000000
13 294 5000000
13 294 5000000
13 294 5000000
13 294 5000000
13 294 5000000
13 294 5000000
13 294 5000000
13 294 5000000
13 294 5000000
13 294 5000000
13 294 5000000
13 294 5000000
13 294 5000000
13 295 5000000
13 295 5000000
13 295 5000000
13 295 5000000
13 295 5000000
13 295 5000000
13 295 5000000
13 295 5000000
13 295 5000000
13 295 5000000
13 295 5000000
13 295 5000000
13 296 5000000
13 296 5000000
13 296 5000000
13 296 5000000
13 296 5000000
13 296 5000000
13 296 5000000
13 296 5000000
13 296 5000000
13 296 5000000
13 296 219780000
13 296 5000000
13 296 5000000
13 296 5000000
13 296 5000000
13 296 5000000
13 296 5000000
13 296 5000000
13 296 5000000
13 296 5000000
13 296 5000000
13 296 5000000
13 296 5000000
13 296 5000000
13 296 5000000
13 296 5000000
13 296 5000000
13 296 5000000
13 296 5000000
13 296 5000000
13 296 5000000
13 296 5000000
13 296 5000000
13 296 5000000
13 296 5000000
13 296 5000000
13 296 5000000
13 296 5000000
13 296 5000000
13 296 5000000
13 296 5000000
13 296 5000000
13 296 5000000
13 296 5000000
13 296 5000000
13 296 5000000
13 296 5000000
13 296 5000000
13 296 5000000
13 296 5000000
13 296 5000000
13 296 5000000
13 296 5000000
13 296 5000000
13 296 5000000
13 296 5000000
13 296 5000000
13 296 5000000
13 296 5000000
13 296 5000000
13 296 5000000
13 296 5000000
13 296 5000000
13 296 5000000
13 296 5000000
13 296 5000000
13 296 5000000
13 296 5000000
13 296 5000000
13 296 5000000
13 296 5000000
13 296 5000000
13 296 5000000
13 296 219780000
13 296 5000000
13 296 5000000
13 296 5000000
13 296 5000000
13 296 5000000
13 296 5000000
13 296 5000000
13 296 5000000
13 296 5000000
13 296 5000000
13 296 5000000
13 296 5000000
13 296 5000000
13 296 5000000
13 296 5000000
13 296 5000000
13 296 5000000
13 296 5000000
13 296 5000000
13 296 5000000
13 296 5000000
13 296 5000000
13 296 5000000
13 296 5000000
13 296 5000000
13 296 5000000
13 296 5000000
13 296 5000000
13 296 5000000
13 296 5000000
13 296 5000000
13 296 5000000
13 296 5000000
13 296 5000000
13 296 5000000
13 296 5000000
13 296 5000000
13 296 5000000
13 296 5000000
13 296 5000000
13 296 5000000
13 296 5000000
13 296 5000000
13 296 5000000
13 296 5000000
13 296 5000000
13 296 5000000
13 296 5000000
13 296 5000000
13 296 5000000
13 297 5000000
13 297 5000000
13 297 396000000
13 297 5000000
13 297 5000000
13 297 5000000
13 297 5000000
13 297 5000000
13 297 5000000
13 297 5000000
13 297 5000000
13 297 5000000
13 297 990000000
13 297 5000000
13 297 213840000
13 297 5000000
13 297 5000000
13 297 5000000
13 297 198000000
13 297 5000000
13 297 5000000
13 297 5000000
13 297 5000000
13 297 5000000
13 297 594000000
13 297 5000000
13 297 5000000
13 297 5000000
13 297 5000000
13 297 5000000
13 297 5000000
13 297 5000000
13 297 5000000
13 297 5000000
13 297 5000000
13 297 5000000
13 297 1188000000
13 297 5000000
13 297 5000000
13 297 1188000000
13 297 5000000
13 297 5000000
13 297 5000000
13 297 5000000
13 297 5000000
13 297 5000000
13 297 5000000
13 297 5000000
13 297 1623600000
13 297 5000000
13 297 5000000
13 297 396000000
13 297 5000000
13 297 5000000
13 297 5000000
13 297 5000000
13 297 5000000
13 297 5000000
13 297 5000000
13 297 5000000
13 297 5000000
13 297 5000000
13 297 5000000
13 297 213840000
13 297 5000000
13 297 5000000
13 297 5000000
13 297 990000000
13 297 198000000
13 297 5000000
13 297 5000000
13 297 5000000
13 297 5000000
13 297 5000000
13 297 5000000
13 297 5000000
13 297 5000000
13 297 5000000
13 297 5000000
13 297 5000000
13 297 5000000
13 297 5000000
13 297 1623600000
13 297 5000000
13 297 5000000
13 297 5000000
13 297 5000000
13 297 5000000
13 297 5000000
13 297 1188000000
13 297 5000000
13 297 5000000
13 297 1188000000
13 297 5000000
13 297 5000000
13 297 5000000
13 297 594000000
13 297 5000000
13 297 5000000
13 297 5000000
13 297 5000000
13 297 5000000
13 298 5000000
13 298 5000000
13 298 5000000
13 298 5000000
13 298 5000000
13 298 5000000
13 298 5000000
13 298 5000000
13 298 5000000
13 298 5000000
13 298 5000000
13 298 5000000
13 71 3663000000
13 71 2405700000
13 71 3025440000
13 71 495000000
13 71 5989500000
13 71 6642900000
13 71 2405700000
13 71 3663000000
13 71 3025440000
13 71 495000000
13 71 5989500000
13 71 6642900000
13 299 5000000
13 299 5000000
13 299 5000000
13 299 5000000
13 299 5000000
13 299 5000000
13 299 5000000
13 299 5000000
13 299 5000000
13 299 5000000
13 299 5000000
13 299 5000000
13 299 5000000
13 299 5000000
13 299 5000000
13 299 5000000
13 299 5000000
13 299 5000000
13 299 5000000
13 299 5000000
13 299 5000000
13 299 5000000
13 299 5000000
13 299 5000000
13 299 5000000
13 299 5000000
13 299 5000000
13 299 5000000
13 299 5000000
13 299 5000000
13 299 5000000
13 299 5000000
13 299 5000000
13 299 5000000
13 299 5000000
13 299 5000000
13 300 5000000
13 300 5000000
13 300 5000000
13 300 5000000
13 300 5000000
13 300 5000000
13 300 5000000
13 300 5000000
13 300 5000000
13 300 5000000
13 300 5000000
13 300 5000000
13 274 5000000
13 274 5000000
13 274 5000000
13 274 5000000
13 274 5000000
13 274 5000000
13 274 5000000
13 274 5000000
13 274 5000000
13 274 5000000
13 274 5000000
13 274 5000000
13 274 5000000
13 274 5000000
13 274 5000000
13 274 5000000
13 274 5000000
13 274 5000000
13 274 5000000
13 274 5000000
13 274 5000000
13 274 5000000
13 274 5000000
13 274 5000000
13 274 5000000
13 274 5000000
13 274 5000000
13 274 5000000
13 274 5000000
13 274 5000000
13 274 5000000
13 274 5000000
13 274 5000000
13 274 5000000
13 274 5000000
13 274 5000000
13 274 5000000
13 274 5000000
13 72 2281050000
13 72 530000000
13 72 663300000
13 72 5054495000
13 72 439560000
13 72 5664780000
13 72 702900000
13 72 221760000
13 72 1768140000
13 72 445500000
13 72 2411200000
13 72 297000000
13 72 213840000
13 72 1369863000
13 72 633600000
13 72 5058900000
13 72 1960200000
13 72 1168200000
13 72 201960000
13 72 530640000
13 72 9000000
13 72 3712500000
13 72 3514500000
13 72 253440000
13 72 2281050000
13 72 394020000
13 72 1158300000
13 72 11858220000
13 72 3950100000
13 72 5880350000
13 72 1189881000
13 72 201960000
13 72 435600000
13 72 1233000000
13 72 405900000
13 72 215820000
13 72 2052500000
13 72 659340000
13 72 1306800000
13 72 2623500000
13 72 1072893000
13 72 900900000
13 72 1978020000
13 72 8116020000
13 72 3270600000
13 72 2861100000
13 72 976140000
13 72 1340460000
13 72 173000000
13 72 1932480000
13 72 207900000
13 72 2281050000
13 72 530000000
13 72 5054495000
13 72 702900000
13 72 5664780000
13 72 2411200000
13 72 221760000
13 72 1768140000
13 72 297000000
13 72 1369863000
13 72 213840000
13 72 439560000
13 72 5058900000
13 72 633600000
13 72 663300000
13 72 1960200000
13 72 1168200000
13 72 530640000
13 72 9000000
13 72 253440000
13 72 3514500000
13 72 201960000
13 72 3712500000
13 72 435600000
13 72 3950100000
13 72 11858220000
13 72 201960000
13 72 394020000
13 72 900900000
13 72 1158300000
13 72 1072893000
13 72 2623500000
13 72 659340000
13 72 445500000
13 72 976140000
13 72 215820000
13 72 5880350000
13 72 2052500000
13 72 3270600000
13 72 405900000
13 72 1978020000
13 72 173000000
13 72 1340460000
13 72 1233000000
13 72 1189881000
13 72 8116020000
13 72 207900000
13 72 2281050000
13 72 1932480000
13 72 1306800000
13 72 2861100000
13 301 5000000
13 301 5000000
13 301 5000000
13 301 5000000
13 301 5000000
13 301 5000000
13 301 5000000
13 301 5000000
13 301 5000000
13 301 5000000
13 301 5000000
13 301 5000000
13 301 5000000
13 301 5000000
13 301 5000000
13 301 5000000
13 301 5000000
13 301 5000000
13 301 5000000
13 301 5000000
13 301 5000000
13 301 5000000
13 301 5000000
13 301 5000000
13 301 5000000
13 301 5000000
13 302 5000000
13 302 5000000
13 302 5000000
13 302 5000000
13 302 5000000
13 302 5000000
13 302 5000000
13 302 5000000
13 302 5000000
13 302 5000000
13 302 5000000
13 302 5000000
13 302 5000000
13 302 5000000
13 302 5000000
13 302 5000000
13 302 5000000
13 302 5000000
13 302 5000000
13 302 5000000
13 302 5000000
13 302 5000000
13 302 5000000
13 302 5000000
13 302 5000000
13 302 5000000
13 303 5000000
13 303 5000000
13 303 5000000
13 303 5000000
13 303 5000000
13 303 5000000
13 303 5000000
13 303 5000000
13 303 5000000
13 303 5000000
13 303 5000000
13 303 5000000
13 303 5000000
13 303 5000000
13 303 5000000
13 303 5000000
13 303 5000000
13 303 5000000
13 303 5000000
13 303 5000000
13 303 5000000
13 303 5000000
13 303 5000000
13 303 5000000
13 303 5000000
13 303 5000000
13 303 5000000
13 303 5000000
13 303 5000000
13 303 5000000
13 303 5000000
13 303 5000000
13 74 5000000
13 74 5000000
13 74 5000000
13 74 5000000
13 74 5000000
13 74 5000000
13 74 5000000
13 74 5000000
13 74 5000000
13 74 5000000
13 74 5000000
13 74 5000000
13 74 5000000
13 74 5000000
13 74 5000000
13 74 5000000
13 74 5000000
13 74 5000000
13 74 5000000
13 74 5000000
13 74 5000000
13 74 5000000
13 74 5000000
13 74 5000000
13 74 5000000
13 74 5000000
13 74 5000000
13 74 5000000
13 74 5000000
13 74 5000000
13 74 5000000
13 74 5000000
13 74 5000000
13 74 5000000
13 74 5000000
13 74 5000000
13 74 5000000
13 74 5000000
13 304 5000000
13 304 5000000
13 304 5000000
13 304 620000000
13 304 1440000000
13 304 5000000
13 304 5000000
13 304 5000000
13 304 620000000
13 304 1440000000
13 305 5000000
13 305 5000000
13 305 5000000
13 305 5000000
13 305 5000000
13 305 5000000
13 305 5000000
13 305 5000000
13 305 5000000
13 305 5000000
13 305 5000000
13 305 5000000
13 306 5000000
13 306 5000000
13 306 5000000
13 306 5000000
13 306 5000000
13 306 5000000
13 306 5000000
13 306 5000000
13 306 5000000
13 306 5000000
13 306 5000000
13 306 5000000
13 306 5000000
13 306 5000000
13 306 5000000
13 306 5000000
13 306 5000000
13 306 5000000
13 306 5000000
13 306 5000000
13 87 198000000
13 87 991980000
13 87 198000000
13 87 199980000
13 87 991980000
13 87 199980000
13 87 991980000
13 87 198000000
13 87 441540000
13 87 198000000
13 87 991980000
13 87 199980000
13 87 199980000
13 87 991980000
13 87 991980000
13 87 441540000
13 87 198000000
13 87 198000000
13 77 5000000
13 77 5000000
13 77 5000000
13 77 5000000
13 77 5000000
13 77 5000000
13 77 5000000
13 77 5000000
13 77 5000000
13 77 5000000
13 77 5000000
13 77 5000000
13 77 5000000
13 77 5000000
13 77 5000000
13 77 5000000
13 76 5000000
13 76 5000000
13 76 5000000
13 76 5000000
13 101 5000000
13 101 5000000
13 101 5000000
13 101 5000000
13 101 5000000
13 101 5000000
13 101 5000000
13 101 5000000
13 307 5000000
13 307 5000000
13 307 5000000
13 307 5000000
13 307 5000000
13 307 5000000
13 307 5000000
13 307 5000000
13 308 5000000
13 308 5000000
13 308 5000000
13 308 5000000
13 308 5000000
13 308 5000000
13 309 222000000
13 309 210000000
13 309 210000000
13 309 210000000
13 309 222000000
13 309 210000000
13 309 210000000
13 309 210000000
13 84 230549731000
13 84 12320563709
13 84 25619689259
13 84 12320563709
13 84 230549731000
13 84 25619689259
13 310 29700000000
13 310 9900000000
13 310 29700000000
13 310 9900000000
13 262 5000000
13 262 5000000
13 262 5000000
13 262 5000000
13 262 5000000
13 262 5000000
13 262 5000000
13 262 5000000
13 262 5000000
13 262 883080000
13 262 495000000
13 262 5000000
13 262 5000000
13 262 5000000
13 262 5000000
13 262 5000000
13 262 439560000
13 262 5000000
13 262 5000000
13 262 5000000
13 262 5000000
13 262 5000000
13 262 5000000
13 262 5000000
13 262 5000000
13 262 5000000
13 262 5000000
13 262 5000000
13 262 5000000
13 262 5000000
13 262 5000000
13 262 5000000
13 262 5000000
13 262 439560000
13 262 5000000
13 262 5000000
13 262 5000000
13 262 5000000
13 262 883080000
13 262 495000000
13 311 5000000
13 311 5000000
13 311 5000000
13 311 5000000
13 311 5000000
13 311 5000000
13 311 5000000
13 311 5000000
13 311 5000000
13 311 5000000
13 311 5000000
13 311 5000000
13 311 5000000
13 311 5000000
13 311 5000000
13 311 5000000
13 311 5000000
13 311 5000000
13 311 5000000
13 311 5000000
13 311 5000000
13 311 5000000
13 311 5000000
13 311 5000000
13 83 5000000
13 83 5000000
13 83 5000000
13 83 5000000
13 83 5000000
13 83 5000000
13 83 5000000
13 83 5000000
13 83 5000000
13 83 5000000
13 83 5000000
13 83 5000000
13 312 5000000
13 312 199980000
13 312 597960000
13 312 580140000
13 312 247500000
13 312 542520000
13 312 199980000
13 312 607860000
13 312 330660000
13 312 219780000
13 312 362340000
13 312 306900000
13 312 199980000
13 312 5000000
13 312 199980000
13 312 597960000
13 312 580140000
13 312 542520000
13 312 199980000
13 312 607860000
13 312 362340000
13 312 219780000
13 312 306900000
13 312 330660000
13 312 199980000
13 312 247500000
13 313 5000000
13 313 198000000
13 313 5000000
13 313 198000000
13 314 5000000
13 314 5000000
13 314 5000000
13 314 5000000
13 314 5000000
13 314 5000000
13 315 5000000
13 315 5000000
13 315 5000000
13 315 5000000
13 315 5000000
13 315 5000000
13 315 5000000
13 315 5000000
13 315 5000000
13 315 5000000
13 315 5000000
13 315 5000000
13 315 5000000
13 315 5000000
13 272 940500000
13 272 940500000
13 316 198000000
13 316 198000000
13 264 400000000
13 264 400000000
13 317 5000000
13 317 5000000
13 318 483120000
13 318 483120000
13 259 201960000
13 259 201960000
13 259 201960000
13 259 201960000
13 260 394020000
13 260 199980000
13 260 199980000
13 260 394020000
13 276 792000000
13 276 792000000
13 319 5000000
13 319 5000000
13 261 500000000000
13 261 500000000000
13 320 5000000
13 320 5000000
13 88 5000000
13 88 5000000
263 270 180000000
263 270 100000000
263 270 70000000
263 270 10000000
263 270 7028000000
263 270 200000000
263 270 150000000
263 270 200000000
263 270 250000000
263 270 103000000
263 270 200000000
263 270 25260911
263 270 141675764
263 270 60000000
263 270 216000000
263 270 200000000
263 270 250000000
263 270 100000000
263 270 300000000
263 270 66000000
263 270 450000000
263 270 50000000
263 270 130000000
263 270 44000000
263 270 180000000
263 270 100000000
263 270 250000000
263 270 500000000
263 270 170000000
263 270 100000000
263 270 121000000
263 270 180000000
263 270 300000000
263 270 300000000
263 270 300000000
263 270 50000000
263 270 100000000
263 270 400000000
263 270 200000000
263 270 200000000
263 270 100000000
263 270 320000000
263 270 180000000
263 270 70000000
263 270 100000000
263 270 10000000
263 270 7028000000
263 270 200000000
263 270 200000000
263 270 25260911
263 270 150000000
263 270 250000000
263 270 103000000
263 270 200000000
263 270 141675764
263 270 250000000
263 270 216000000
263 270 200000000
263 270 60000000
263 270 450000000
263 270 100000000
263 270 300000000
263 270 50000000
263 270 180000000
263 270 66000000
263 270 180000000
263 270 130000000
263 270 100000000
263 270 100000000
263 270 170000000
263 270 300000000
263 270 44000000
263 270 250000000
263 270 500000000
263 270 300000000
263 270 320000000
263 270 400000000
263 270 121000000
263 270 100000000
263 270 100000000
263 270 300000000
263 270 200000000
263 270 200000000
263 270 50000000
263 262 10000000
263 262 10000000
263 262 30000000
263 262 10000000
263 262 10000000
263 262 9000000
263 262 30000000
263 262 3000000
263 262 1325000000
263 262 2000000000
263 262 30000000
263 262 20000000
263 262 10000000
263 262 30000000
263 262 10000000
263 262 10000000
263 262 10000000
263 262 9000000
263 262 30000000
263 262 3000000
263 262 1325000000
263 262 20000000
263 262 2000000000
263 262 30000000
302 306 200000000
302 306 100000000
302 306 200000000
302 306 100000000
302 271 100000000
302 271 68975606
302 271 100000000
302 271 68975606
260 259 10699998
260 259 1
260 259 10699998
260 259 1
86 261 621380718
86 261 50000000
86 261 621380718
86 261 50000000
86 40 2910000000
86 40 2910000000
297 13 10000000
297 13 10000000
273 272 13998000000
273 272 13998000000
277 310 573459000000
277 310 573459000000
88 108 20000000
88 108 30000000
88 108 20000000
88 108 30000000
88 89 50000000
88 89 50000000
88 37 30000000
88 37 30000000
81 13 100000
81 13 100000
81 74 80000000
81 74 80000000
81 75 88000000
81 75 170000000
81 75 4600000
81 75 88000000
81 75 170000000
81 75 4600000
81 76 3500000
81 76 3500000
81 77 8500000
81 77 8500000
81 80 520000000
81 80 520000000
276 266 380000000
276 266 380000000
294 288 500000000
294 288 500000000
294 288 500000000
294 288 500000000
271 302 506238722
271 302 506238722
271 87 20000000
271 87 20000000
271 87 20000000
271 87 20000000
299 69 400000000
299 69 500000000
299 69 400000000
299 69 500000000
278 264 403000000
278 264 409000000
278 264 402000000
278 264 409000000
278 264 406000000
278 264 402000000
278 264 409000000
278 264 402000000
278 264 401000000
278 264 401000000
278 264 408000000
278 264 409000000
278 264 400000000
278 264 400000000
278 264 403000000
278 264 409000000
278 264 403000000
278 264 404000000
278 264 404000000
278 264 409000000
278 264 405000000
278 264 405000000
278 264 407000000
278 264 408000000
278 264 405000000
278 264 400000000
278 264 400000000
278 264 406000000
278 264 401000000
278 264 406000000
278 264 409000000
278 264 407000000
278 264 408000000
278 264 407000000
278 264 400000000
278 264 407000000
278 264 409000000
278 264 408000000
278 264 403000000
278 264 409000000
278 264 402000000
278 264 405000000
278 264 402000000
278 264 400000000
278 264 491000000
278 264 406000000
278 264 401000000
278 264 400000000
278 264 405000000
278 264 407000000
278 264 406000000
278 264 405000000
278 264 403000000
278 264 402000000
278 264 405000000
278 264 407000000
278 264 406000000
278 264 402000000
278 264 400000000
278 264 406000000
278 264 402000000
278 264 407000000
278 264 401000000
278 264 534000000
278 264 400000000
278 264 401000000
278 264 404000000
278 264 408000000
278 264 409000000
278 264 406000000
278 264 402000000
278 264 409000000
278 264 408000000
278 264 403000000
278 264 406000000
278 264 409000000
278 264 405000000
278 264 404000000
278 264 407000000
278 264 407000000
278 264 409000000
278 264 403000000
278 264 403000000
278 264 406000000
278 264 405000000
278 264 404000000
278 264 402000000
278 264 400000000
278 264 407000000
278 264 404000000
278 264 406000000
278 264 401000000
278 264 400000000
278 264 402000000
278 264 405000000
278 264 405000000
278 264 403000000
278 264 408000000
278 264 400000000
278 264 404000000
278 264 401000000
278 264 402000000
278 264 400000000
278 264 404000000
278 264 409000000
278 264 408000000
278 264 405000000
278 264 401000000
278 264 401000000
278 264 407000000
278 264 401000000
278 264 401000000
278 264 406000000
278 264 408000000
278 264 409000000
278 264 405000000
278 264 403000000
278 264 406000000
278 264 400000000
278 264 407000000
278 264 409000000
278 264 401000000
278 264 405000000
278 264 300000000
278 264 407000000
278 264 408000000
278 264 409000000
278 264 406000000
278 264 402000000
278 264 403000000
278 264 409000000
278 264 400000000
278 264 400000000
278 264 406000000
278 264 406000000
278 264 404000000
278 264 401000000
278 264 408000000
278 264 403000000
278 264 400000000
278 264 403000000
278 264 408000000
278 264 502000000
278 264 403000000
278 264 401000000
278 264 404000000
278 264 409000000
278 264 408000000
278 264 405000000
278 264 400000000
278 264 401000000
278 264 408000000
278 264 402000000
278 264 404000000
278 264 401000000
278 264 407000000
278 264 407000000
278 264 407000000
278 264 400000000
278 264 408000000
278 264 409000000
278 264 409000000
278 264 402000000
278 264 403000000
278 264 404000000
278 264 402000000
278 264 406000000
278 264 407000000
278 264 406000000
278 264 409000000
278 264 409000000
278 264 400000000
278 264 405000000
278 264 406000000
278 264 407000000
278 264 407000000
278 264 406000000
278 264 403000000
278 264 404000000
278 264 409000000
278 264 400000000
278 264 401000000
278 264 407000000
278 264 404000000
278 264 401000000
278 264 406000000
278 264 402000000
278 264 405000000
278 264 404000000
278 264 404000000
278 264 409000000
278 264 401000000
278 264 400000000
278 264 401000000
278 264 406000000
278 264 402000000
278 264 408000000
278 264 402000000
278 264 406000000
278 264 403000000
278 264 402000000
278 264 405000000
278 264 401000000
278 264 406000000
278 264 409000000
278 264 404000000
278 264 409000000
278 264 408000000
278 264 405000000
278 264 409000000
278 264 403000000
278 264 404000000
278 264 401000000
278 264 408000000
278 264 403000000
278 264 408000000
278 264 408000000
278 264 408000000
278 264 405000000
278 264 400000000
278 264 402000000
278 264 404000000
278 264 402000000
278 264 404000000
278 264 403000000
278 264 403000000
278 264 470000000
278 264 402000000
278 264 408000000
278 264 403000000
278 264 400000000
278 264 402000000
278 264 402000000
278 264 401000000
278 264 407000000
278 264 400000000
278 264 407000000
278 264 400000000
278 264 408000000
278 264 100000000
278 264 404000000
278 264 406000000
278 264 407000000
278 264 409000000
278 264 403000000
278 264 408000000
278 264 407000000
278 264 400000000
278 264 401000000
278 264 404000000
278 264 409000000
278 264 400000000
278 264 408000000
278 264 401000000
278 264 408000000
278 264 470000000
278 264 402000000
278 264 402000000
278 264 403000000
278 264 405000000
278 264 402000000
278 264 400000000
278 264 408000000
278 264 403000000
278 264 401000000
278 264 404000000
278 264 403000000
278 264 405000000
278 264 401000000
278 264 400000000
278 264 404000000
278 264 409000000
278 264 401000000
278 264 408000000
278 264 402000000
278 264 484000000
278 264 402000000
278 264 405000000
278 264 402000000
278 264 409000000
278 264 403000000
278 264 403000000
278 264 406000000
278 264 408000000
278 264 400000000
278 264 401000000
278 264 405000000
278 264 407000000
278 264 403000000
278 264 406000000
278 264 403000000
278 264 408000000
278 264 408000000
278 264 407000000
278 264 401000000
278 264 403000000
278 264 400000000
278 264 400000000
278 264 404000000
278 264 409000000
278 264 404000000
278 264 404000000
278 264 409000000
278 264 407000000
278 264 404000000
278 264 405000000
278 264 407000000
278 264 405000000
278 264 402000000
278 264 402000000
278 264 408000000
278 264 408000000
278 264 402000000
278 264 405000000
278 264 405000000
278 264 404000000
278 264 402000000
278 264 402000000
278 264 407000000
278 264 405000000
278 264 403000000
278 264 403000000
278 264 400000000
278 264 409000000
278 264 408000000
278 264 400000000
278 264 400000000
278 264 404000000
278 264 404000000
278 264 407000000
278 264 404000000
278 264 403000000
278 264 406000000
278 264 404000000
278 264 402000000
278 264 407000000
278 264 409000000
278 264 409000000
278 264 404000000
278 264 405000000
278 264 401000000
278 264 507000000
278 264 408000000
278 264 404000000
278 264 406000000
278 264 407000000
278 264 405000000
278 264 407000000
278 264 406000000
278 264 405000000
278 264 403000000
278 264 406000000
278 264 400000000
278 264 402000000
278 264 405000000
278 264 475000000
278 264 400000000
278 264 401000000
278 264 401000000
278 264 405000000
278 264 405000000
278 264 407000000
278 264 404000000
278 264 409000000
278 264 405000000
278 264 408000000
278 264 404000000
278 264 406000000
278 264 476000000
278 264 401000000
278 264 407000000
278 264 401000000
278 264 409000000
278 264 400000000
278 264 400000000
278 264 407000000
278 264 400000000
278 264 401000000
278 264 408000000
278 264 405000000
278 264 406000000
278 264 408000000
278 264 406000000
278 264 403000000
278 264 408000000
278 264 402000000
278 264 408000000
278 264 408000000
278 264 407000000
278 264 405000000
278 264 409000000
278 264 406000000
278 264 402000000
278 264 404000000
278 264 401000000
278 264 404000000
278 264 403000000
278 264 407000000
278 264 401000000
278 264 400000000
278 264 407000000
278 264 407000000
278 264 405000000
278 264 403000000
278 264 406000000
278 264 402000000
278 264 404000000
278 264 409000000
278 264 408000000
278 264 500000000
278 264 403000000
278 264 401000000
278 264 406000000
278 264 400000000
278 264 406000000
278 264 405000000
278 264 407000000
278 264 406000000
278 264 401000000
278 264 407000000
278 264 403000000
278 264 400000000
278 264 400000000
278 264 406000000
278 264 406000000
278 264 404000000
278 264 406000000
278 264 409000000
278 264 408000000
278 264 408000000
278 264 403000000
278 264 404000000
278 264 409000000
278 264 486000000
278 264 403000000
278 264 406000000
278 264 408000000
278 264 409000000
278 264 401000000
278 264 404000000
278 264 407000000
278 264 409000000
278 264 405000000
278 264 407000000
278 264 408000000
278 264 403000000
278 264 406000000
278 264 406000000
278 264 406000000
278 264 408000000
278 264 402000000
278 264 402000000
278 264 401000000
278 264 404000000
278 264 406000000
278 264 406000000
278 264 409000000
278 264 400000000
278 264 404000000
278 264 404000000
278 264 403000000
278 264 409000000
278 264 400000000
278 264 402000000
278 264 407000000
278 264 404000000
278 264 408000000
278 264 402000000
278 264 524000000
278 264 400000000
278 264 403000000
278 264 506000000
278 264 402000000
278 264 408000000
278 264 403000000
278 264 409000000
278 264 402000000
278 264 409000000
278 264 402000000
278 264 400000000
278 264 401000000
278 264 403000000
278 264 406000000
278 264 404000000
278 264 401000000
278 264 408000000
278 264 400000000
278 264 404000000
278 264 406000000
278 264 404000000
278 264 407000000
278 264 404000000
278 264 407000000
278 264 407000000
278 264 404000000
278 264 407000000
278 264 401000000
278 264 407000000
278 264 409000000
278 264 401000000
278 264 400000000
278 264 401000000
278 264 407000000
278 264 407000000
278 264 407000000
278 264 407000000
278 264 408000000
278 264 405000000
278 264 401000000
278 264 406000000
278 264 409000000
278 264 400000000
278 264 529000000
278 264 405000000
278 264 404000000
278 264 406000000
278 264 406000000
278 264 403000000
278 264 402000000
278 264 403000000
278 264 408000000
278 264 406000000
278 264 408000000
278 264 400000000
278 264 408000000
278 264 408000000
278 264 404000000
278 264 408000000
278 264 401000000
278 264 408000000
278 264 404000000
278 264 402000000
278 264 401000000
278 264 405000000
278 264 400000000
278 264 400000000
278 264 405000000
278 264 400000000
278 264 408000000
278 264 406000000
278 264 404000000
278 264 404000000
278 264 410000000
278 264 401000000
278 264 406000000
278 264 512000000
278 264 409000000
278 264 402000000
278 264 403000000
278 264 403000000
278 264 409000000
278 264 407000000
278 264 401000000
278 264 407000000
278 264 400000000
278 264 408000000
278 264 404000000
278 264 408000000
278 264 401000000
278 264 401000000
278 264 404000000
278 264 408000000
278 264 400000000
278 264 406000000
278 264 401000000
278 264 409000000
278 264 400000000
278 264 410000000
278 264 402000000
278 264 410000000
278 264 402000000
278 264 405000000
278 264 410000000
278 264 401000000
278 264 408000000
278 264 408000000
278 264 407000000
278 264 400000000
278 264 403000000
278 264 409000000
278 264 403000000
278 264 403000000
278 264 402000000
278 264 407000000
278 264 409000000
278 264 402000000
278 264 409000000
278 264 407000000
278 264 505000000
278 264 406000000
278 264 401000000
278 264 407000000
278 264 404000000
278 264 404000000
278 264 403000000
278 264 407000000
278 264 402000000
278 264 403000000
278 264 401000000
278 264 402000000
278 264 403000000
278 264 401000000
278 264 403000000
278 264 405000000
278 264 406000000
278 264 404000000
278 264 408000000
278 264 401000000
278 264 407000000
278 264 404000000
278 264 400000000
278 264 409000000
278 264 405000000
278 264 400000000
278 264 400000000
278 264 406000000
278 264 401000000
278 264 408000000
278 264 405000000
278 264 400000000
278 264 409000000
278 264 405000000
278 264 405000000
278 264 400000000
278 264 402000000
278 264 403000000
278 264 400000000
278 264 405000000
278 264 406000000
278 264 408000000
278 264 400000000
278 264 401000000
278 264 406000000
278 264 402000000
278 264 406000000
278 264 406000000
278 264 402000000
278 264 405000000
278 264 408000000
278 264 403000000
278 264 405000000
278 264 401000000
278 264 406000000
278 264 402000000
278 264 408000000
278 264 400000000
278 264 404000000
278 264 409000000
278 264 402000000
278 264 402000000
278 264 401000000
278 264 403000000
278 264 402000000
278 264 401000000
278 264 405000000
278 264 405000000
278 264 409000000
278 264 408000000
278 264 409000000
278 264 409000000
278 264 408000000
278 264 405000000
278 264 409000000
278 264 407000000
278 264 400000000
278 264 403000000
278 264 405000000
278 264 402000000
278 264 407000000
278 264 404000000
278 264 404000000
278 264 403000000
278 264 403000000
278 264 402000000
278 264 408000000
278 264 407000000
278 264 495000000
278 264 409000000
278 264 403000000
278 264 406000000
278 264 402000000
278 264 404000000
278 264 399000000
278 264 408000000
278 264 404000000
278 264 401000000
278 264 406000000
278 264 405000000
278 264 404000000
278 264 407000000
278 264 409000000
278 264 404000000
278 264 401000000
278 264 403000000
278 264 401000000
278 264 406000000
278 264 406000000
278 264 405000000
278 264 409000000
278 264 408000000
278 264 400000000
278 264 407000000
278 264 403000000
278 264 405000000
278 264 401000000
278 264 406000000
278 264 403000000
278 264 401000000
278 264 404000000
278 264 405000000
278 264 404000000
278 264 481000000
278 264 401000000
278 264 406000000
278 264 409000000
278 264 403000000
278 264 407000000
278 264 400000000
278 264 401000000
278 264 402000000
278 264 404000000
278 264 404000000
278 264 403000000
278 264 100000000
278 264 407000000
278 264 405000000
278 264 406000000
278 264 407000000
278 264 401000000
278 264 409000000
278 264 403000000
278 264 406000000
278 264 402000000
278 264 407000000
278 264 403000000
278 264 405000000
278 264 403000000
278 264 401000000
278 264 405000000
278 264 406000000
278 264 402000000
278 264 407000000
278 264 404000000
278 264 409000000
278 264 400000000
278 264 408000000
278 264 400000000
278 264 405000000
278 264 409000000
278 264 402000000
278 264 401000000
278 264 403000000
278 264 402000000
278 264 407000000
278 264 402000000
278 264 405000000
278 264 400000000
278 264 402000000
278 264 406000000
278 264 402000000
278 264 403000000
278 264 405000000
278 264 407000000
278 264 404000000
278 264 401000000
278 264 402000000
278 264 406000000
278 264 405000000
278 264 405000000
278 264 408000000
278 264 408000000
278 264 400000000
278 264 404000000
278 264 400000000
278 264 407000000
278 264 539000000
278 264 405000000
278 264 403000000
278 264 405000000
278 264 403000000
278 264 405000000
278 264 401000000
278 264 409000000
278 264 406000000
278 264 409000000
278 264 407000000
278 264 400000000
278 264 405000000
278 264 403000000
278 264 401000000
278 264 402000000
278 264 409000000
278 264 409000000
278 264 403000000
278 264 400000000
278 264 400000000
278 264 409000000
278 264 408000000
278 264 407000000
278 264 405000000
278 264 409000000
278 264 404000000
278 264 407000000
278 264 401000000
278 264 405000000
278 264 405000000
278 264 403000000
278 264 409000000
278 264 406000000
278 264 404000000
278 264 408000000
278 264 403000000
278 264 402000000
278 264 409000000
278 264 409000000
278 264 402000000
278 264 400000000
278 264 401000000
278 264 409000000
278 264 400000000
278 264 406000000
278 264 409000000
278 264 404000000
278 264 405000000
278 264 402000000
278 264 408000000
278 264 403000000
278 264 409000000
278 264 403000000
278 264 408000000
278 264 401000000
278 264 405000000
278 264 404000000
278 264 407000000
278 264 409000000
278 264 400000000
278 264 405000000
278 264 400000000
278 264 406000000
278 264 407000000
278 264 400000000
278 264 409000000
278 264 409000000
278 264 401000000
278 264 407000000
278 264 408000000
278 264 403000000
278 264 407000000
278 264 408000000
278 264 406000000
278 264 405000000
278 264 402000000
278 264 402000000
278 264 406000000
278 264 400000000
278 264 491000000
278 264 405000000
278 264 403000000
278 264 401000000
278 264 406000000
278 264 401000000
278 264 407000000
278 264 402000000
278 264 402000000
278 264 409000000
278 264 400000000
278 264 405000000
278 264 405000000
278 264 406000000
278 264 400000000
278 264 400000000
278 264 407000000
278 264 406000000
278 264 406000000
278 264 404000000
278 264 408000000
278 264 401000000
278 264 402000000
278 264 409000000
278 264 407000000
278 264 408000000
278 264 409000000
278 264 402000000
278 264 534000000
278 264 405000000
278 264 403000000
278 264 403000000
278 264 406000000
278 264 404000000
278 264 406000000
278 264 402000000
278 264 403000000
278 264 400000000
278 264 406000000
278 264 402000000
278 264 407000000
278 264 400000000
278 264 403000000
278 264 400000000
278 264 409000000
278 264 401000000
278 264 407000000
278 264 401000000
278 264 403000000
278 264 407000000
278 264 408000000
278 264 401000000
278 264 409000000
278 264 401000000
278 264 408000000
278 264 402000000
278 264 401000000
278 264 400000000
278 264 408000000
278 264 404000000
278 264 405000000
278 264 404000000
278 264 404000000
278 264 409000000
278 264 405000000
278 264 300000000
278 264 407000000
278 264 407000000
278 264 407000000
278 264 400000000
278 264 405000000
278 264 405000000
278 264 405000000
278 264 404000000
278 264 406000000
278 264 403000000
278 264 401000000
278 264 405000000
278 264 406000000
278 264 401000000
278 264 403000000
278 264 401000000
278 264 401000000
278 264 409000000
278 264 409000000
278 264 409000000
278 264 409000000
278 264 400000000
278 264 402000000
278 264 406000000
278 264 401000000
278 264 406000000
278 264 402000000
278 264 402000000
278 264 401000000
278 264 408000000
278 264 404000000
278 264 408000000
278 264 403000000
278 264 406000000
278 264 400000000
278 264 407000000
278 264 400000000
278 264 404000000
278 264 405000000
278 264 409000000
278 264 404000000
278 264 402000000
278 264 408000000
278 264 406000000
278 264 407000000
278 264 400000000
278 264 403000000
278 264 402000000
278 264 406000000
278 264 407000000
278 264 408000000
278 264 408000000
278 264 404000000
278 264 408000000
278 264 408000000
278 264 405000000
278 264 409000000
278 264 406000000
278 264 403000000
278 264 406000000
278 264 502000000
278 264 409000000
278 264 409000000
278 264 409000000
278 264 400000000
278 264 406000000
278 264 403000000
278 264 400000000
278 264 401000000
278 264 404000000
278 264 402000000
278 264 409000000
278 264 400000000
278 264 405000000
278 264 403000000
278 264 409000000
278 264 403000000
278 264 408000000
278 264 407000000
278 264 400000000
278 264 404000000
278 264 404000000
278 264 401000000
278 264 400000000
278 264 402000000
278 264 403000000
278 264 406000000
278 264 405000000
278 264 405000000
278 264 409000000
278 264 406000000
278 264 401000000
278 264 470000000
278 264 407000000
278 264 405000000
278 264 403000000
278 264 404000000
278 264 406000000
278 264 400000000
278 264 401000000
278 264 407000000
278 264 408000000
278 264 403000000
278 264 406000000
278 264 402000000
278 264 408000000
278 264 404000000
278 264 401000000
278 264 404000000
278 264 404000000
278 264 401000000
278 264 408000000
278 264 408000000
278 264 404000000
278 264 407000000
278 264 402000000
278 264 408000000
278 264 403000000
278 264 408000000
278 264 402000000
278 264 402000000
278 264 407000000
278 264 401000000
278 264 407000000
278 264 407000000
278 264 408000000
278 264 404000000
278 264 470000000
278 264 409000000
278 264 403000000
278 264 408000000
278 264 400000000
278 264 402000000
278 264 100000000
278 264 408000000
278 264 484000000
278 264 404000000
278 264 408000000
278 264 403000000
278 264 402000000
278 264 408000000
278 264 402000000
278 264 400000000
278 264 400000000
278 264 409000000
278 264 403000000
278 264 400000000
278 264 400000000
278 264 402000000
278 264 408000000
278 264 402000000
278 264 408000000
278 264 405000000
278 264 400000000
278 264 403000000
278 264 409000000
278 264 401000000
278 264 402000000
278 264 401000000
278 264 405000000
278 264 403000000
278 264 405000000
278 264 407000000
278 264 407000000
278 264 404000000
278 264 403000000
278 264 403000000
278 264 400000000
278 264 409000000
278 264 403000000
278 264 404000000
278 264 400000000
278 264 401000000
278 264 404000000
278 264 403000000
278 264 406000000
278 264 402000000
278 264 407000000
278 264 408000000
278 264 401000000
278 264 408000000
278 264 404000000
278 264 401000000
278 264 402000000
278 264 405000000
278 264 403000000
278 264 406000000
278 264 408000000
278 264 409000000
278 264 402000000
278 264 404000000
278 264 407000000
278 264 401000000
278 264 402000000
278 264 406000000
278 264 405000000
278 264 405000000
278 264 409000000
278 264 401000000
278 264 403000000
278 264 402000000
278 264 402000000
278 264 405000000
278 264 409000000
278 264 401000000
278 264 407000000
278 264 409000000
278 264 407000000
278 264 403000000
278 264 403000000
278 264 404000000
278 264 404000000
278 264 400000000
278 264 401000000
278 264 400000000
278 264 405000000
278 264 404000000
278 264 407000000
278 264 404000000
278 264 405000000
278 264 401000000
278 264 400000000
278 264 409000000
278 264 404000000
278 264 507000000
278 264 405000000
278 264 407000000
278 264 405000000
278 264 400000000
278 264 409000000
278 264 409000000
278 264 407000000
278 264 401000000
278 264 408000000
278 264 404000000
278 264 402000000
278 264 408000000
278 264 404000000
278 264 408000000
278 264 400000000
278 264 405000000
278 264 402000000
278 264 404000000
278 264 408000000
278 264 405000000
278 264 404000000
278 264 404000000
278 264 405000000
278 264 400000000
278 264 406000000
278 264 400000000
278 264 402000000
278 264 404000000
278 264 408000000
278 264 406000000
278 264 405000000
278 264 403000000
278 264 402000000
278 264 402000000
278 264 403000000
278 264 406000000
278 264 400000000
278 264 406000000
278 264 407000000
278 264 408000000
278 264 406000000
278 264 409000000
278 264 408000000
278 264 407000000
278 264 406000000
278 264 409000000
278 264 405000000
278 264 405000000
278 264 407000000
278 264 406000000
278 264 407000000
278 264 402000000
278 264 407000000
278 264 403000000
278 264 400000000
278 264 409000000
278 264 408000000
278 264 407000000
278 264 402000000
278 264 400000000
278 264 408000000
278 264 406000000
278 264 406000000
278 264 403000000
278 264 405000000
278 264 408000000
278 264 404000000
278 264 407000000
278 264 406000000
278 264 401000000
278 264 408000000
278 264 408000000
278 264 404000000
278 264 404000000
278 264 500000000
278 264 400000000
278 264 476000000
278 264 475000000
278 264 401000000
278 264 406000000
278 264 407000000
278 264 400000000
278 264 403000000
278 264 406000000
278 264 407000000
278 264 406000000
278 264 402000000
278 264 402000000
278 264 506000000
278 264 400000000
278 264 404000000
278 264 401000000
278 264 401000000
278 264 408000000
278 264 408000000
278 264 409000000
278 264 406000000
278 264 409000000
278 264 404000000
278 264 409000000
278 264 403000000
278 264 409000000
278 264 405000000
278 264 406000000
278 264 400000000
278 264 406000000
278 264 401000000
278 264 401000000
278 264 404000000
278 264 408000000
278 264 404000000
278 264 400000000
278 264 401000000
278 264 404000000
278 264 409000000
278 264 407000000
278 264 402000000
278 264 405000000
278 264 405000000
278 264 406000000
278 264 403000000
278 264 400000000
278 264 406000000
278 264 403000000
278 264 402000000
278 264 400000000
278 264 404000000
278 264 403000000
278 264 400000000
278 264 407000000
278 264 409000000
278 264 401000000
278 264 405000000
278 264 402000000
278 264 408000000
278 264 406000000
278 264 401000000
278 264 406000000
278 264 406000000
278 264 406000000
278 264 400000000
278 264 404000000
278 264 403000000
278 264 407000000
278 264 402000000
278 264 402000000
278 264 404000000
278 264 407000000
278 264 401000000
278 264 409000000
278 264 409000000
278 264 401000000
278 264 407000000
278 264 406000000
278 264 409000000
278 264 486000000
278 264 403000000
278 264 404000000
278 264 408000000
278 264 401000000
278 264 524000000
278 264 512000000
278 264 407000000
278 264 410000000
278 264 403000000
278 264 404000000
278 264 406000000
278 264 403000000
278 264 408000000
278 264 401000000
278 264 402000000
278 264 404000000
278 264 407000000
278 264 407000000
278 264 408000000
278 264 408000000
278 264 409000000
278 264 409000000
278 264 406000000
278 264 400000000
278 264 408000000
278 264 408000000
278 264 404000000
278 264 410000000
278 264 407000000
278 264 404000000
278 264 408000000
278 264 407000000
278 264 407000000
278 264 401000000
278 264 405000000
278 264 403000000
278 264 403000000
278 264 407000000
278 264 404000000
278 264 400000000
278 264 401000000
278 264 407000000
278 264 403000000
278 264 400000000
278 264 403000000
278 264 407000000
278 264 405000000
278 264 404000000
278 264 400000000
278 264 402000000
278 264 402000000
278 264 400000000
278 264 408000000
278 264 400000000
278 264 403000000
278 264 406000000
278 264 402000000
278 264 401000000
278 264 404000000
278 264 401000000
278 264 406000000
278 264 401000000
278 264 401000000
278 264 400000000
278 264 404000000
278 264 409000000
278 264 401000000
278 264 505000000
278 264 404000000
278 264 401000000
278 264 403000000
278 264 408000000
278 264 406000000
278 264 402000000
278 264 404000000
278 264 409000000
278 264 407000000
278 264 409000000
278 264 405000000
278 264 406000000
278 264 403000000
278 264 408000000
278 264 402000000
278 264 529000000
278 264 400000000
278 264 402000000
278 264 403000000
278 264 403000000
278 264 409000000
278 264 406000000
278 264 408000000
278 264 406000000
278 264 405000000
278 264 405000000
278 264 404000000
278 264 400000000
278 264 406000000
278 264 408000000
278 264 410000000
278 264 400000000
278 264 408000000
278 264 403000000
278 264 403000000
278 264 408000000
278 264 406000000
278 264 400000000
278 264 407000000
278 264 407000000
278 264 409000000
278 264 401000000
278 264 404000000
278 264 405000000
278 264 404000000
278 264 409000000
278 264 402000000
278 264 404000000
278 264 402000000
278 264 404000000
278 264 400000000
278 264 405000000
278 264 407000000
278 264 408000000
278 264 402000000
278 264 405000000
278 264 407000000
278 264 406000000
278 264 409000000
278 264 409000000
278 264 400000000
278 264 401000000
278 264 406000000
278 264 402000000
278 264 400000000
278 264 406000000
278 264 399000000
278 264 402000000
278 264 403000000
278 264 401000000
278 264 402000000
278 264 403000000
278 264 409000000
278 264 405000000
278 264 405000000
278 264 401000000
278 264 400000000
278 264 403000000
278 264 401000000
278 264 406000000
278 264 406000000
278 264 408000000
278 264 406000000
278 264 406000000
278 264 401000000
278 264 409000000
278 264 409000000
278 264 405000000
278 264 403000000
278 264 402000000
278 264 407000000
278 264 402000000
278 264 402000000
278 264 407000000
278 264 401000000
278 264 409000000
278 264 100000000
278 264 402000000
278 264 402000000
278 264 409000000
278 264 407000000
278 264 401000000
278 264 401000000
278 264 403000000
278 264 403000000
278 264 401000000
278 264 404000000
278 264 406000000
278 264 400000000
278 264 403000000
278 264 407000000
278 264 400000000
278 264 401000000
278 264 407000000
278 264 403000000
278 264 405000000
278 264 400000000
278 264 410000000
278 264 404000000
278 264 400000000
278 264 409000000
278 264 401000000
278 264 405000000
278 264 401000000
278 264 400000000
278 264 402000000
278 264 405000000
278 264 401000000
278 264 481000000
278 264 405000000
278 264 408000000
278 264 407000000
278 264 408000000
278 264 408000000
278 264 403000000
278 264 401000000
278 264 409000000
278 264 403000000
278 264 402000000
278 264 408000000
278 264 406000000
278 264 401000000
278 264 408000000
278 264 405000000
278 264 401000000
278 264 407000000
278 264 403000000
278 264 401000000
278 264 401000000
278 264 405000000
278 264 405000000
278 264 400000000
278 264 406000000
278 264 401000000
278 264 401000000
278 264 407000000
278 264 409000000
278 264 404000000
278 264 408000000
278 264 408000000
278 264 409000000
278 264 405000000
278 264 404000000
278 264 403000000
278 264 401000000
278 264 405000000
278 264 405000000
278 264 405000000
278 264 405000000
278 264 404000000
278 264 409000000
278 264 403000000
278 264 400000000
278 264 405000000
278 264 402000000
278 264 405000000
278 264 402000000
278 264 402000000
278 264 401000000
278 264 404000000
278 264 405000000
278 264 403000000
278 264 400000000
278 264 408000000
278 264 406000000
278 264 409000000
278 264 409000000
278 264 495000000
278 264 405000000
278 264 409000000
278 264 409000000
278 264 405000000
278 264 402000000
278 264 401000000
278 264 408000000
278 264 407000000
278 264 409000000
278 264 400000000
278 264 407000000
278 264 400000000
278 264 402000000
278 264 404000000
278 264 404000000
278 264 402000000
278 264 402000000
278 264 405000000
278 264 403000000
278 264 406000000
278 264 405000000
278 264 403000000
278 264 404000000
278 264 539000000
278 264 406000000
278 264 400000000
278 264 405000000
278 264 405000000
278 264 408000000
278 264 407000000
278 264 403000000
278 264 400000000
278 264 406000000
278 264 409000000
278 264 407000000
278 264 403000000
278 264 408000000
278 264 407000000
278 264 406000000
278 264 403000000
278 264 405000000
278 264 407000000
278 264 404000000
278 264 406000000
278 264 409000000
278 264 403000000
278 264 402000000
278 264 404000000
278 264 409000000
278 264 408000000
278 264 405000000
278 264 408000000
278 264 407000000
278 264 407000000
278 264 404000000
278 264 406000000
278 264 404000000
278 264 400000000
278 264 407000000
278 264 409000000
278 264 405000000
278 264 404000000
278 264 403000000
278 264 407000000
321 108 20000000
321 108 20000000
321 89 30000000
321 89 28000000
321 89 20000000
321 89 15000000
321 89 28000000
321 89 30000000
321 89 20000000
321 89 15000000
321 322 30000000
321 322 30000000
323 324 20000000
323 324 20000000
268 89 100000000
268 89 100000000
268 269 100000000
268 269 271000000
268 269 100000000
268 269 271000000
324 323 1000000
324 323 1000000
11 13 500000000
11 13 55000000000
11 13 10000000000
11 13 45000000000
11 13 500000000
11 13 55000000000
11 13 10000000000
11 13 45000000000
11 325 50000000
11 325 200000000
11 325 50000000
11 325 50000000
11 325 200000000
11 325 50000000
11 88 200000000
11 88 200000000
11 88 200000000
11 88 200000000
11 326 1190000000
11 326 1190000000
11 108 200000000
11 108 200000000
11 89 100000000
11 89 30000000
11 89 100000000
11 89 100000000
11 89 1481000000
11 89 100000000
11 89 100000000
11 89 30000000
11 89 100000000
11 89 1481000000
11 327 500000000
11 327 500000000
11 328 68000000
11 328 68000000
11 12 20000000
11 12 200000000
11 12 200000000
11 12 20000000
11 12 200000000
11 12 200000000
11 321 20000000
11 321 20000000
11 321 100000000
11 321 20000000
11 321 100000000
11 321 20000000
11 322 30000000
11 322 30000000
11 85 50000000
11 85 50000000
11 10 10000000000
11 10 5000000000
11 10 10000000000
11 10 5000000000
11 323 50000000
11 323 100000000
11 323 50000000
11 323 100000000
11 329 4000000000
11 329 4000000000
11 329 4000000000
11 329 4000000000
11 330 20000000
11 330 10000000
11 330 20000000
11 330 10000000
11 331 500000000
11 331 500000000
11 332 100000000
11 332 100000000
11 333 50000000
11 333 50000000
11 334 557000000
11 334 557000000
11 335 327000000
11 335 327000000
11 269 200000000
11 269 200000000
11 336 1000000000
11 336 1000000000
11 336 1000000000
11 336 1000000000
11 337 500000000
11 337 500000000
11 338 100000000
11 338 100000000
11 339 100000000
11 339 100000000
11 324 20000000
11 324 100000000
11 324 20000000
11 324 100000000
11 268 900000000
11 268 900000000
328 11 8100000000
328 11 8100000000
328 11 8100000000
328 11 8100000000
328 323 63000000
328 323 63000000
337 333 475411501
337 333 475411501
336 11 300000000
336 11 300000000
322 338 50000000
322 338 50000000
89 11 1400000000
89 11 1400000000
89 88 30000000
89 88 50000000
89 88 30000000
89 88 50000000
89 323 20000000
89 323 20000000
89 323 20000000
89 323 20000000
89 321 30000000
89 321 33000000
89 321 30000000
89 321 100000000
89 321 50000000
89 321 30000000
89 321 33000000
89 321 30000000
89 321 100000000
89 321 50000000
89 330 50000000
89 330 30000000
89 330 27000000
89 330 50000000
89 330 30000000
89 330 27000000
89 322 50000000
89 322 50000000
89 269 25000000
89 269 25000000
326 11 100000000
326 11 100000000
326 85 109070000
326 85 109070000
339 325 10000000
339 325 10000000
339 325 10000000
339 325 10000000
329 11 3205000000
329 11 3205000000
331 10 487000000
331 10 487000000
38 37 2000000000
38 37 2000000000
